MovieID,Title,Genres,bert_text
1,Toy Story (1995),Animation|Children's|Comedy,Movie title: Toy Story (1995). Genres: Animation|Children's|Comedy
2,Jumanji (1995),Adventure|Children's|Fantasy,Movie title: Jumanji (1995). Genres: Adventure|Children's|Fantasy
3,Grumpier Old Men (1995),Comedy|Romance,Movie title: Grumpier Old Men (1995). Genres: Comedy|Romance
4,Waiting to Exhale (1995),Comedy|Drama,Movie title: Waiting to Exhale (1995). Genres: Comedy|Drama
5,Father of the Bride Part II (1995),Comedy,Movie title: Father of the Bride Part II (1995). Genres: Comedy
6,Heat (1995),Action|Crime|Thriller,Movie title: Heat (1995). Genres: Action|Crime|Thriller
7,Sabrina (1995),Comedy|Romance,Movie title: Sabrina (1995). Genres: Comedy|Romance
8,Tom and Huck (1995),Adventure|Children's,Movie title: Tom and Huck (1995). Genres: Adventure|Children's
9,Sudden Death (1995),Action,Movie title: Sudden Death (1995). Genres: Action
10,GoldenEye (1995),Action|Adventure|Thriller,Movie title: GoldenEye (1995). Genres: Action|Adventure|Thriller
11,"American President, The (1995)",Comedy|Drama|Romance,"Movie title: American President, The (1995). Genres: Comedy|Drama|Romance"
12,Dracula: Dead and Loving It (1995),Comedy|Horror,Movie title: Dracula: Dead and Loving It (1995). Genres: Comedy|Horror
13,Balto (1995),Animation|Children's,Movie title: Balto (1995). Genres: Animation|Children's
14,Nixon (1995),Drama,Movie title: Nixon (1995). Genres: Drama
15,Cutthroat Island (1995),Action|Adventure|Romance,Movie title: Cutthroat Island (1995). Genres: Action|Adventure|Romance
16,Casino (1995),Drama|Thriller,Movie title: Casino (1995). Genres: Drama|Thriller
17,Sense and Sensibility (1995),Drama|Romance,Movie title: Sense and Sensibility (1995). Genres: Drama|Romance
18,Four Rooms (1995),Thriller,Movie title: Four Rooms (1995). Genres: Thriller
19,Ace Ventura: When Nature Calls (1995),Comedy,Movie title: Ace Ventura: When Nature Calls (1995). Genres: Comedy
20,Money Train (1995),Action,Movie title: Money Train (1995). Genres: Action
21,Get Shorty (1995),Action|Comedy|Drama,Movie title: Get Shorty (1995). Genres: Action|Comedy|Drama
22,Copycat (1995),Crime|Drama|Thriller,Movie title: Copycat (1995). Genres: Crime|Drama|Thriller
23,Assassins (1995),Thriller,Movie title: Assassins (1995). Genres: Thriller
24,Powder (1995),Drama|Sci-Fi,Movie title: Powder (1995). Genres: Drama|Sci-Fi
25,Leaving Las Vegas (1995),Drama|Romance,Movie title: Leaving Las Vegas (1995). Genres: Drama|Romance
26,Othello (1995),Drama,Movie title: Othello (1995). Genres: Drama
27,Now and Then (1995),Drama,Movie title: Now and Then (1995). Genres: Drama
28,Persuasion (1995),Romance,Movie title: Persuasion (1995). Genres: Romance
29,"City of Lost Children, The (1995)",Adventure|Sci-Fi,"Movie title: City of Lost Children, The (1995). Genres: Adventure|Sci-Fi"
30,Shanghai Triad (Yao a yao yao dao waipo qiao) (1995),Drama,Movie title: Shanghai Triad (Yao a yao yao dao waipo qiao) (1995). Genres: Drama
31,Dangerous Minds (1995),Drama,Movie title: Dangerous Minds (1995). Genres: Drama
32,Twelve Monkeys (1995),Drama|Sci-Fi,Movie title: Twelve Monkeys (1995). Genres: Drama|Sci-Fi
33,Wings of Courage (1995),Adventure|Romance,Movie title: Wings of Courage (1995). Genres: Adventure|Romance
34,Babe (1995),Children's|Comedy|Drama,Movie title: Babe (1995). Genres: Children's|Comedy|Drama
35,Carrington (1995),Drama|Romance,Movie title: Carrington (1995). Genres: Drama|Romance
36,Dead Man Walking (1995),Drama,Movie title: Dead Man Walking (1995). Genres: Drama
37,Across the Sea of Time (1995),Documentary,Movie title: Across the Sea of Time (1995). Genres: Documentary
38,It Takes Two (1995),Comedy,Movie title: It Takes Two (1995). Genres: Comedy
39,Clueless (1995),Comedy|Romance,Movie title: Clueless (1995). Genres: Comedy|Romance
40,"Cry, the Beloved Country (1995)",Drama,"Movie title: Cry, the Beloved Country (1995). Genres: Drama"
41,Richard III (1995),Drama|War,Movie title: Richard III (1995). Genres: Drama|War
42,Dead Presidents (1995),Action|Crime|Drama,Movie title: Dead Presidents (1995). Genres: Action|Crime|Drama
43,Restoration (1995),Drama,Movie title: Restoration (1995). Genres: Drama
44,Mortal Kombat (1995),Action|Adventure,Movie title: Mortal Kombat (1995). Genres: Action|Adventure
45,To Die For (1995),Comedy|Drama,Movie title: To Die For (1995). Genres: Comedy|Drama
46,How to Make an American Quilt (1995),Drama|Romance,Movie title: How to Make an American Quilt (1995). Genres: Drama|Romance
47,Seven (Se7en) (1995),Crime|Thriller,Movie title: Seven (Se7en) (1995). Genres: Crime|Thriller
48,Pocahontas (1995),Animation|Children's|Musical|Romance,Movie title: Pocahontas (1995). Genres: Animation|Children's|Musical|Romance
49,When Night Is Falling (1995),Drama|Romance,Movie title: When Night Is Falling (1995). Genres: Drama|Romance
50,"Usual Suspects, The (1995)",Crime|Thriller,"Movie title: Usual Suspects, The (1995). Genres: Crime|Thriller"
51,Guardian Angel (1994),Action|Drama|Thriller,Movie title: Guardian Angel (1994). Genres: Action|Drama|Thriller
52,Mighty Aphrodite (1995),Comedy,Movie title: Mighty Aphrodite (1995). Genres: Comedy
53,Lamerica (1994),Drama,Movie title: Lamerica (1994). Genres: Drama
54,"Big Green, The (1995)",Children's|Comedy,"Movie title: Big Green, The (1995). Genres: Children's|Comedy"
55,Georgia (1995),Drama,Movie title: Georgia (1995). Genres: Drama
56,Kids of the Round Table (1995),Adventure|Children's|Fantasy,Movie title: Kids of the Round Table (1995). Genres: Adventure|Children's|Fantasy
57,Home for the Holidays (1995),Drama,Movie title: Home for the Holidays (1995). Genres: Drama
58,"Postino, Il (The Postman) (1994)",Drama|Romance,"Movie title: Postino, Il (The Postman) (1994). Genres: Drama|Romance"
59,"Confessional, The (Le Confessionnal) (1995)",Drama|Mystery,"Movie title: Confessional, The (Le Confessionnal) (1995). Genres: Drama|Mystery"
60,"Indian in the Cupboard, The (1995)",Adventure|Children's|Fantasy,"Movie title: Indian in the Cupboard, The (1995). Genres: Adventure|Children's|Fantasy"
61,Eye for an Eye (1996),Drama|Thriller,Movie title: Eye for an Eye (1996). Genres: Drama|Thriller
62,Mr. Holland's Opus (1995),Drama,Movie title: Mr. Holland's Opus (1995). Genres: Drama
63,Don't Be a Menace to South Central While Drinking Your Juice in the Hood (1996),Comedy,Movie title: Don't Be a Menace to South Central While Drinking Your Juice in the Hood (1996). Genres: Comedy
64,Two if by Sea (1996),Comedy|Romance,Movie title: Two if by Sea (1996). Genres: Comedy|Romance
65,Bio-Dome (1996),Comedy,Movie title: Bio-Dome (1996). Genres: Comedy
66,Lawnmower Man 2: Beyond Cyberspace (1996),Sci-Fi|Thriller,Movie title: Lawnmower Man 2: Beyond Cyberspace (1996). Genres: Sci-Fi|Thriller
67,Two Bits (1995),Drama,Movie title: Two Bits (1995). Genres: Drama
68,French Twist (Gazon maudit) (1995),Comedy|Romance,Movie title: French Twist (Gazon maudit) (1995). Genres: Comedy|Romance
69,Friday (1995),Comedy,Movie title: Friday (1995). Genres: Comedy
70,From Dusk Till Dawn (1996),Action|Comedy|Crime|Horror|Thriller,Movie title: From Dusk Till Dawn (1996). Genres: Action|Comedy|Crime|Horror|Thriller
71,Fair Game (1995),Action,Movie title: Fair Game (1995). Genres: Action
72,Kicking and Screaming (1995),Comedy|Drama,Movie title: Kicking and Screaming (1995). Genres: Comedy|Drama
73,"Misérables, Les (1995)",Drama|Musical,"Movie title: Misérables, Les (1995). Genres: Drama|Musical"
74,Bed of Roses (1996),Drama|Romance,Movie title: Bed of Roses (1996). Genres: Drama|Romance
75,Big Bully (1996),Comedy|Drama,Movie title: Big Bully (1996). Genres: Comedy|Drama
76,Screamers (1995),Sci-Fi|Thriller,Movie title: Screamers (1995). Genres: Sci-Fi|Thriller
77,Nico Icon (1995),Documentary,Movie title: Nico Icon (1995). Genres: Documentary
78,"Crossing Guard, The (1995)",Drama,"Movie title: Crossing Guard, The (1995). Genres: Drama"
79,"Juror, The (1996)",Drama|Thriller,"Movie title: Juror, The (1996). Genres: Drama|Thriller"
80,"White Balloon, The (Badkonake Sefid ) (1995)",Drama,"Movie title: White Balloon, The (Badkonake Sefid ) (1995). Genres: Drama"
81,Things to Do in Denver when You're Dead (1995),Crime|Drama|Romance,Movie title: Things to Do in Denver when You're Dead (1995). Genres: Crime|Drama|Romance
82,Antonia's Line (Antonia) (1995),Drama,Movie title: Antonia's Line (Antonia) (1995). Genres: Drama
83,Once Upon a Time... When We Were Colored (1995),Drama,Movie title: Once Upon a Time... When We Were Colored (1995). Genres: Drama
84,Last Summer in the Hamptons (1995),Comedy|Drama,Movie title: Last Summer in the Hamptons (1995). Genres: Comedy|Drama
85,Angels and Insects (1995),Drama|Romance,Movie title: Angels and Insects (1995). Genres: Drama|Romance
86,White Squall (1996),Adventure|Drama,Movie title: White Squall (1996). Genres: Adventure|Drama
87,Dunston Checks In (1996),Children's|Comedy,Movie title: Dunston Checks In (1996). Genres: Children's|Comedy
88,Black Sheep (1996),Comedy,Movie title: Black Sheep (1996). Genres: Comedy
89,Nick of Time (1995),Action|Thriller,Movie title: Nick of Time (1995). Genres: Action|Thriller
90,"Journey of August King, The (1995)",Drama,"Movie title: Journey of August King, The (1995). Genres: Drama"
92,Mary Reilly (1996),Drama|Thriller,Movie title: Mary Reilly (1996). Genres: Drama|Thriller
93,Vampire in Brooklyn (1995),Comedy|Romance,Movie title: Vampire in Brooklyn (1995). Genres: Comedy|Romance
94,Beautiful Girls (1996),Drama,Movie title: Beautiful Girls (1996). Genres: Drama
95,Broken Arrow (1996),Action|Thriller,Movie title: Broken Arrow (1996). Genres: Action|Thriller
96,In the Bleak Midwinter (1995),Comedy,Movie title: In the Bleak Midwinter (1995). Genres: Comedy
97,"Hate (Haine, La) (1995)",Drama,"Movie title: Hate (Haine, La) (1995). Genres: Drama"
98,Shopping (1994),Action|Thriller,Movie title: Shopping (1994). Genres: Action|Thriller
99,Heidi Fleiss: Hollywood Madam (1995),Documentary,Movie title: Heidi Fleiss: Hollywood Madam (1995). Genres: Documentary
100,City Hall (1996),Drama|Thriller,Movie title: City Hall (1996). Genres: Drama|Thriller
101,Bottle Rocket (1996),Comedy,Movie title: Bottle Rocket (1996). Genres: Comedy
102,Mr. Wrong (1996),Comedy,Movie title: Mr. Wrong (1996). Genres: Comedy
103,Unforgettable (1996),Thriller,Movie title: Unforgettable (1996). Genres: Thriller
104,Happy Gilmore (1996),Comedy,Movie title: Happy Gilmore (1996). Genres: Comedy
105,"Bridges of Madison County, The (1995)",Drama|Romance,"Movie title: Bridges of Madison County, The (1995). Genres: Drama|Romance"
106,Nobody Loves Me (Keiner liebt mich) (1994),Comedy|Drama,Movie title: Nobody Loves Me (Keiner liebt mich) (1994). Genres: Comedy|Drama
107,Muppet Treasure Island (1996),Adventure|Children's|Comedy|Musical,Movie title: Muppet Treasure Island (1996). Genres: Adventure|Children's|Comedy|Musical
108,Catwalk (1995),Documentary,Movie title: Catwalk (1995). Genres: Documentary
109,Headless Body in Topless Bar (1995),Comedy,Movie title: Headless Body in Topless Bar (1995). Genres: Comedy
110,Braveheart (1995),Action|Drama|War,Movie title: Braveheart (1995). Genres: Action|Drama|War
111,Taxi Driver (1976),Drama|Thriller,Movie title: Taxi Driver (1976). Genres: Drama|Thriller
112,Rumble in the Bronx (1995),Action|Adventure|Crime,Movie title: Rumble in the Bronx (1995). Genres: Action|Adventure|Crime
113,Before and After (1996),Drama|Mystery,Movie title: Before and After (1996). Genres: Drama|Mystery
114,Margaret's Museum (1995),Drama,Movie title: Margaret's Museum (1995). Genres: Drama
115,Happiness Is in the Field (1995),Comedy,Movie title: Happiness Is in the Field (1995). Genres: Comedy
116,Anne Frank Remembered (1995),Documentary,Movie title: Anne Frank Remembered (1995). Genres: Documentary
117,"Young Poisoner's Handbook, The (1995)",Crime,"Movie title: Young Poisoner's Handbook, The (1995). Genres: Crime"
118,If Lucy Fell (1996),Comedy|Romance,Movie title: If Lucy Fell (1996). Genres: Comedy|Romance
119,"Steal Big, Steal Little (1995)",Comedy,"Movie title: Steal Big, Steal Little (1995). Genres: Comedy"
120,Race the Sun (1996),Drama,Movie title: Race the Sun (1996). Genres: Drama
121,"Boys of St. Vincent, The (1993)",Drama,"Movie title: Boys of St. Vincent, The (1993). Genres: Drama"
122,Boomerang (1992),Comedy|Romance,Movie title: Boomerang (1992). Genres: Comedy|Romance
123,Chungking Express (1994),Drama|Mystery|Romance,Movie title: Chungking Express (1994). Genres: Drama|Mystery|Romance
124,"Star Maker, The (Uomo delle stelle, L') (1995)",Drama,"Movie title: Star Maker, The (Uomo delle stelle, L') (1995). Genres: Drama"
125,Flirting With Disaster (1996),Comedy,Movie title: Flirting With Disaster (1996). Genres: Comedy
126,"NeverEnding Story III, The (1994)",Adventure|Children's|Fantasy,"Movie title: NeverEnding Story III, The (1994). Genres: Adventure|Children's|Fantasy"
127,"Silence of the Palace, The (Saimt el Qusur) (1994)",Drama,"Movie title: Silence of the Palace, The (Saimt el Qusur) (1994). Genres: Drama"
128,Jupiter's Wife (1994),Documentary,Movie title: Jupiter's Wife (1994). Genres: Documentary
129,Pie in the Sky (1995),Comedy|Romance,Movie title: Pie in the Sky (1995). Genres: Comedy|Romance
130,Angela (1995),Drama,Movie title: Angela (1995). Genres: Drama
131,Frankie Starlight (1995),Drama|Romance,Movie title: Frankie Starlight (1995). Genres: Drama|Romance
132,Jade (1995),Thriller,Movie title: Jade (1995). Genres: Thriller
133,Nueba Yol (1995),Comedy|Drama,Movie title: Nueba Yol (1995). Genres: Comedy|Drama
134,Sonic Outlaws (1995),Documentary,Movie title: Sonic Outlaws (1995). Genres: Documentary
135,Down Periscope (1996),Comedy,Movie title: Down Periscope (1996). Genres: Comedy
136,From the Journals of Jean Seberg (1995),Documentary,Movie title: From the Journals of Jean Seberg (1995). Genres: Documentary
137,Man of the Year (1995),Documentary,Movie title: Man of the Year (1995). Genres: Documentary
138,"Neon Bible, The (1995)",Drama,"Movie title: Neon Bible, The (1995). Genres: Drama"
139,Target (1995),Action|Drama,Movie title: Target (1995). Genres: Action|Drama
140,Up Close and Personal (1996),Drama|Romance,Movie title: Up Close and Personal (1996). Genres: Drama|Romance
141,"Birdcage, The (1996)",Comedy,"Movie title: Birdcage, The (1996). Genres: Comedy"
142,Shadows (Cienie) (1988),Drama,Movie title: Shadows (Cienie) (1988). Genres: Drama
143,Gospa (1995),Drama,Movie title: Gospa (1995). Genres: Drama
144,"Brothers McMullen, The (1995)",Comedy,"Movie title: Brothers McMullen, The (1995). Genres: Comedy"
145,Bad Boys (1995),Action,Movie title: Bad Boys (1995). Genres: Action
146,"Amazing Panda Adventure, The (1995)",Adventure|Children's,"Movie title: Amazing Panda Adventure, The (1995). Genres: Adventure|Children's"
147,"Basketball Diaries, The (1995)",Drama,"Movie title: Basketball Diaries, The (1995). Genres: Drama"
148,"Awfully Big Adventure, An (1995)",Drama,"Movie title: Awfully Big Adventure, An (1995). Genres: Drama"
149,Amateur (1994),Crime|Drama|Thriller,Movie title: Amateur (1994). Genres: Crime|Drama|Thriller
150,Apollo 13 (1995),Drama,Movie title: Apollo 13 (1995). Genres: Drama
151,Rob Roy (1995),Drama|Romance|War,Movie title: Rob Roy (1995). Genres: Drama|Romance|War
152,"Addiction, The (1995)",Horror,"Movie title: Addiction, The (1995). Genres: Horror"
153,Batman Forever (1995),Action|Adventure|Comedy|Crime,Movie title: Batman Forever (1995). Genres: Action|Adventure|Comedy|Crime
154,Belle de jour (1967),Drama,Movie title: Belle de jour (1967). Genres: Drama
155,Beyond Rangoon (1995),Drama|War,Movie title: Beyond Rangoon (1995). Genres: Drama|War
156,Blue in the Face (1995),Comedy,Movie title: Blue in the Face (1995). Genres: Comedy
157,Canadian Bacon (1994),Comedy|War,Movie title: Canadian Bacon (1994). Genres: Comedy|War
158,Casper (1995),Adventure|Children's,Movie title: Casper (1995). Genres: Adventure|Children's
159,Clockers (1995),Drama,Movie title: Clockers (1995). Genres: Drama
160,Congo (1995),Action|Adventure|Mystery|Sci-Fi,Movie title: Congo (1995). Genres: Action|Adventure|Mystery|Sci-Fi
161,Crimson Tide (1995),Drama|Thriller|War,Movie title: Crimson Tide (1995). Genres: Drama|Thriller|War
162,Crumb (1994),Documentary,Movie title: Crumb (1994). Genres: Documentary
163,Desperado (1995),Action|Romance|Thriller,Movie title: Desperado (1995). Genres: Action|Romance|Thriller
164,Devil in a Blue Dress (1995),Crime|Film-Noir|Mystery|Thriller,Movie title: Devil in a Blue Dress (1995). Genres: Crime|Film-Noir|Mystery|Thriller
165,Die Hard: With a Vengeance (1995),Action|Thriller,Movie title: Die Hard: With a Vengeance (1995). Genres: Action|Thriller
166,"Doom Generation, The (1995)",Comedy|Drama,"Movie title: Doom Generation, The (1995). Genres: Comedy|Drama"
167,Feast of July (1995),Drama,Movie title: Feast of July (1995). Genres: Drama
168,First Knight (1995),Action|Adventure|Drama|Romance,Movie title: First Knight (1995). Genres: Action|Adventure|Drama|Romance
169,Free Willy 2: The Adventure Home (1995),Adventure|Children's|Drama,Movie title: Free Willy 2: The Adventure Home (1995). Genres: Adventure|Children's|Drama
170,Hackers (1995),Action|Crime|Thriller,Movie title: Hackers (1995). Genres: Action|Crime|Thriller
171,Jeffrey (1995),Comedy,Movie title: Jeffrey (1995). Genres: Comedy
172,Johnny Mnemonic (1995),Action|Sci-Fi|Thriller,Movie title: Johnny Mnemonic (1995). Genres: Action|Sci-Fi|Thriller
173,Judge Dredd (1995),Action|Adventure|Sci-Fi,Movie title: Judge Dredd (1995). Genres: Action|Adventure|Sci-Fi
174,Jury Duty (1995),Comedy,Movie title: Jury Duty (1995). Genres: Comedy
175,Kids (1995),Drama,Movie title: Kids (1995). Genres: Drama
176,Living in Oblivion (1995),Comedy,Movie title: Living in Oblivion (1995). Genres: Comedy
177,Lord of Illusions (1995),Horror,Movie title: Lord of Illusions (1995). Genres: Horror
178,Love & Human Remains (1993),Comedy,Movie title: Love & Human Remains (1993). Genres: Comedy
179,Mad Love (1995),Drama|Romance,Movie title: Mad Love (1995). Genres: Drama|Romance
180,Mallrats (1995),Comedy,Movie title: Mallrats (1995). Genres: Comedy
181,Mighty Morphin Power Rangers: The Movie (1995),Action|Children's,Movie title: Mighty Morphin Power Rangers: The Movie (1995). Genres: Action|Children's
182,Moonlight and Valentino (1995),Drama|Romance,Movie title: Moonlight and Valentino (1995). Genres: Drama|Romance
183,Mute Witness (1994),Thriller,Movie title: Mute Witness (1994). Genres: Thriller
184,Nadja (1994),Drama,Movie title: Nadja (1994). Genres: Drama
185,"Net, The (1995)",Sci-Fi|Thriller,"Movie title: Net, The (1995). Genres: Sci-Fi|Thriller"
186,Nine Months (1995),Comedy,Movie title: Nine Months (1995). Genres: Comedy
187,Party Girl (1995),Comedy,Movie title: Party Girl (1995). Genres: Comedy
188,"Prophecy, The (1995)",Horror,"Movie title: Prophecy, The (1995). Genres: Horror"
189,Reckless (1995),Comedy,Movie title: Reckless (1995). Genres: Comedy
190,Safe (1995),Thriller,Movie title: Safe (1995). Genres: Thriller
191,"Scarlet Letter, The (1995)",Drama,"Movie title: Scarlet Letter, The (1995). Genres: Drama"
192,"Show, The (1995)",Documentary,"Movie title: Show, The (1995). Genres: Documentary"
193,Showgirls (1995),Drama,Movie title: Showgirls (1995). Genres: Drama
194,Smoke (1995),Drama,Movie title: Smoke (1995). Genres: Drama
195,Something to Talk About (1995),Comedy|Drama|Romance,Movie title: Something to Talk About (1995). Genres: Comedy|Drama|Romance
196,Species (1995),Horror|Sci-Fi,Movie title: Species (1995). Genres: Horror|Sci-Fi
197,"Stars Fell on Henrietta, The (1995)",Drama,"Movie title: Stars Fell on Henrietta, The (1995). Genres: Drama"
198,Strange Days (1995),Action|Crime|Sci-Fi,Movie title: Strange Days (1995). Genres: Action|Crime|Sci-Fi
199,"Umbrellas of Cherbourg, The (Parapluies de Cherbourg, Les) (1964)",Drama|Musical,"Movie title: Umbrellas of Cherbourg, The (Parapluies de Cherbourg, Les) (1964). Genres: Drama|Musical"
200,"Tie That Binds, The (1995)",Thriller,"Movie title: Tie That Binds, The (1995). Genres: Thriller"
201,Three Wishes (1995),Drama,Movie title: Three Wishes (1995). Genres: Drama
202,Total Eclipse (1995),Drama|Romance,Movie title: Total Eclipse (1995). Genres: Drama|Romance
203,"To Wong Foo, Thanks for Everything! Julie Newmar (1995)",Comedy,"Movie title: To Wong Foo, Thanks for Everything! Julie Newmar (1995). Genres: Comedy"
204,Under Siege 2: Dark Territory (1995),Action,Movie title: Under Siege 2: Dark Territory (1995). Genres: Action
205,Unstrung Heroes (1995),Comedy|Drama,Movie title: Unstrung Heroes (1995). Genres: Comedy|Drama
206,Unzipped (1995),Documentary,Movie title: Unzipped (1995). Genres: Documentary
207,"Walk in the Clouds, A (1995)",Drama|Romance,"Movie title: Walk in the Clouds, A (1995). Genres: Drama|Romance"
208,Waterworld (1995),Action|Adventure,Movie title: Waterworld (1995). Genres: Action|Adventure
209,White Man's Burden (1995),Drama,Movie title: White Man's Burden (1995). Genres: Drama
210,Wild Bill (1995),Western,Movie title: Wild Bill (1995). Genres: Western
211,"Browning Version, The (1994)",Drama,"Movie title: Browning Version, The (1994). Genres: Drama"
212,Bushwhacked (1995),Comedy,Movie title: Bushwhacked (1995). Genres: Comedy
213,Burnt By the Sun (Utomlyonnye solntsem) (1994),Drama,Movie title: Burnt By the Sun (Utomlyonnye solntsem) (1994). Genres: Drama
214,Before the Rain (Pred dozhdot) (1994),Drama,Movie title: Before the Rain (Pred dozhdot) (1994). Genres: Drama
215,Before Sunrise (1995),Drama|Romance,Movie title: Before Sunrise (1995). Genres: Drama|Romance
216,Billy Madison (1995),Comedy,Movie title: Billy Madison (1995). Genres: Comedy
217,"Babysitter, The (1995)",Drama|Thriller,"Movie title: Babysitter, The (1995). Genres: Drama|Thriller"
218,Boys on the Side (1995),Comedy|Drama,Movie title: Boys on the Side (1995). Genres: Comedy|Drama
219,"Cure, The (1995)",Drama,"Movie title: Cure, The (1995). Genres: Drama"
220,Castle Freak (1995),Horror,Movie title: Castle Freak (1995). Genres: Horror
222,Circle of Friends (1995),Drama|Romance,Movie title: Circle of Friends (1995). Genres: Drama|Romance
223,Clerks (1994),Comedy,Movie title: Clerks (1994). Genres: Comedy
224,Don Juan DeMarco (1995),Comedy|Drama|Romance,Movie title: Don Juan DeMarco (1995). Genres: Comedy|Drama|Romance
225,Disclosure (1994),Drama|Thriller,Movie title: Disclosure (1994). Genres: Drama|Thriller
226,Dream Man (1995),Thriller,Movie title: Dream Man (1995). Genres: Thriller
227,Drop Zone (1994),Action,Movie title: Drop Zone (1994). Genres: Action
228,Destiny Turns on the Radio (1995),Comedy,Movie title: Destiny Turns on the Radio (1995). Genres: Comedy
229,Death and the Maiden (1994),Drama|Thriller,Movie title: Death and the Maiden (1994). Genres: Drama|Thriller
230,Dolores Claiborne (1994),Drama|Thriller,Movie title: Dolores Claiborne (1994). Genres: Drama|Thriller
231,Dumb & Dumber (1994),Comedy,Movie title: Dumb & Dumber (1994). Genres: Comedy
232,Eat Drink Man Woman (1994),Comedy|Drama,Movie title: Eat Drink Man Woman (1994). Genres: Comedy|Drama
233,Exotica (1994),Drama,Movie title: Exotica (1994). Genres: Drama
234,Exit to Eden (1994),Comedy,Movie title: Exit to Eden (1994). Genres: Comedy
235,Ed Wood (1994),Comedy|Drama,Movie title: Ed Wood (1994). Genres: Comedy|Drama
236,French Kiss (1995),Comedy|Romance,Movie title: French Kiss (1995). Genres: Comedy|Romance
237,Forget Paris (1995),Comedy|Romance,Movie title: Forget Paris (1995). Genres: Comedy|Romance
238,Far From Home: The Adventures of Yellow Dog (1995),Adventure|Children's,Movie title: Far From Home: The Adventures of Yellow Dog (1995). Genres: Adventure|Children's
239,"Goofy Movie, A (1995)",Animation|Children's|Comedy|Romance,"Movie title: Goofy Movie, A (1995). Genres: Animation|Children's|Comedy|Romance"
240,Hideaway (1995),Thriller,Movie title: Hideaway (1995). Genres: Thriller
241,Fluke (1995),Children's|Drama,Movie title: Fluke (1995). Genres: Children's|Drama
242,Farinelli: il castrato (1994),Drama|Musical,Movie title: Farinelli: il castrato (1994). Genres: Drama|Musical
243,Gordy (1995),Comedy,Movie title: Gordy (1995). Genres: Comedy
244,Gumby: The Movie (1995),Animation|Children's,Movie title: Gumby: The Movie (1995). Genres: Animation|Children's
245,"Glass Shield, The (1994)",Crime|Drama,"Movie title: Glass Shield, The (1994). Genres: Crime|Drama"
246,Hoop Dreams (1994),Documentary,Movie title: Hoop Dreams (1994). Genres: Documentary
247,Heavenly Creatures (1994),Drama|Fantasy|Romance|Thriller,Movie title: Heavenly Creatures (1994). Genres: Drama|Fantasy|Romance|Thriller
248,Houseguest (1994),Comedy,Movie title: Houseguest (1994). Genres: Comedy
249,Immortal Beloved (1994),Drama|Romance,Movie title: Immortal Beloved (1994). Genres: Drama|Romance
250,Heavyweights (1994),Children's|Comedy,Movie title: Heavyweights (1994). Genres: Children's|Comedy
251,"Hunted, The (1995)",Action,"Movie title: Hunted, The (1995). Genres: Action"
252,I.Q. (1994),Comedy|Romance,Movie title: I.Q. (1994). Genres: Comedy|Romance
253,Interview with the Vampire (1994),Drama|Horror,Movie title: Interview with the Vampire (1994). Genres: Drama|Horror
254,Jefferson in Paris (1995),Drama,Movie title: Jefferson in Paris (1995). Genres: Drama
255,"Jerky Boys, The (1994)",Comedy,"Movie title: Jerky Boys, The (1994). Genres: Comedy"
256,Junior (1994),Comedy|Sci-Fi,Movie title: Junior (1994). Genres: Comedy|Sci-Fi
257,Just Cause (1995),Mystery|Thriller,Movie title: Just Cause (1995). Genres: Mystery|Thriller
258,"Kid in King Arthur's Court, A (1995)",Adventure|Children's|Comedy|Fantasy|Romance,"Movie title: Kid in King Arthur's Court, A (1995). Genres: Adventure|Children's|Comedy|Fantasy|Romance"
259,Kiss of Death (1995),Crime|Drama|Thriller,Movie title: Kiss of Death (1995). Genres: Crime|Drama|Thriller
260,Star Wars: Episode IV - A New Hope (1977),Action|Adventure|Fantasy|Sci-Fi,Movie title: Star Wars: Episode IV - A New Hope (1977). Genres: Action|Adventure|Fantasy|Sci-Fi
261,Little Women (1994),Drama,Movie title: Little Women (1994). Genres: Drama
262,"Little Princess, A (1995)",Children's|Drama,"Movie title: Little Princess, A (1995). Genres: Children's|Drama"
263,Ladybird Ladybird (1994),Drama,Movie title: Ladybird Ladybird (1994). Genres: Drama
264,"Enfer, L' (1994)",Drama,"Movie title: Enfer, L' (1994). Genres: Drama"
265,Like Water for Chocolate (Como agua para chocolate) (1992),Drama|Romance,Movie title: Like Water for Chocolate (Como agua para chocolate) (1992). Genres: Drama|Romance
266,Legends of the Fall (1994),Drama|Romance|War|Western,Movie title: Legends of the Fall (1994). Genres: Drama|Romance|War|Western
267,Major Payne (1994),Comedy,Movie title: Major Payne (1994). Genres: Comedy
268,Little Odessa (1994),Drama,Movie title: Little Odessa (1994). Genres: Drama
269,My Crazy Life (Mi vida loca) (1993),Drama,Movie title: My Crazy Life (Mi vida loca) (1993). Genres: Drama
270,Love Affair (1994),Drama|Romance,Movie title: Love Affair (1994). Genres: Drama|Romance
271,Losing Isaiah (1995),Drama,Movie title: Losing Isaiah (1995). Genres: Drama
272,"Madness of King George, The (1994)",Drama,"Movie title: Madness of King George, The (1994). Genres: Drama"
273,Mary Shelley's Frankenstein (1994),Drama|Horror,Movie title: Mary Shelley's Frankenstein (1994). Genres: Drama|Horror
274,Man of the House (1995),Comedy,Movie title: Man of the House (1995). Genres: Comedy
275,Mixed Nuts (1994),Comedy,Movie title: Mixed Nuts (1994). Genres: Comedy
276,Milk Money (1994),Comedy|Romance,Movie title: Milk Money (1994). Genres: Comedy|Romance
277,Miracle on 34th Street (1994),Drama,Movie title: Miracle on 34th Street (1994). Genres: Drama
278,Miami Rhapsody (1995),Comedy,Movie title: Miami Rhapsody (1995). Genres: Comedy
279,My Family (1995),Drama,Movie title: My Family (1995). Genres: Drama
280,Murder in the First (1995),Drama|Thriller,Movie title: Murder in the First (1995). Genres: Drama|Thriller
281,Nobody's Fool (1994),Drama,Movie title: Nobody's Fool (1994). Genres: Drama
282,Nell (1994),Drama,Movie title: Nell (1994). Genres: Drama
283,New Jersey Drive (1995),Crime|Drama,Movie title: New Jersey Drive (1995). Genres: Crime|Drama
284,New York Cop (1996),Action|Crime,Movie title: New York Cop (1996). Genres: Action|Crime
285,Beyond Bedlam (1993),Drama|Horror,Movie title: Beyond Bedlam (1993). Genres: Drama|Horror
286,Nemesis 2: Nebula (1995),Action|Sci-Fi|Thriller,Movie title: Nemesis 2: Nebula (1995). Genres: Action|Sci-Fi|Thriller
287,Nina Takes a Lover (1994),Comedy|Romance,Movie title: Nina Takes a Lover (1994). Genres: Comedy|Romance
288,Natural Born Killers (1994),Action|Thriller,Movie title: Natural Born Killers (1994). Genres: Action|Thriller
289,Only You (1994),Comedy|Romance,Movie title: Only You (1994). Genres: Comedy|Romance
290,Once Were Warriors (1994),Crime|Drama,Movie title: Once Were Warriors (1994). Genres: Crime|Drama
291,Poison Ivy II (1995),Thriller,Movie title: Poison Ivy II (1995). Genres: Thriller
292,Outbreak (1995),Action|Drama|Thriller,Movie title: Outbreak (1995). Genres: Action|Drama|Thriller
293,"Professional, The (a.k.a. Leon: The Professional) (1994)",Crime|Drama|Romance|Thriller,"Movie title: Professional, The (a.k.a. Leon: The Professional) (1994). Genres: Crime|Drama|Romance|Thriller"
294,"Perez Family, The (1995)",Comedy|Romance,"Movie title: Perez Family, The (1995). Genres: Comedy|Romance"
295,"Pyromaniac's Love Story, A (1995)",Comedy|Romance,"Movie title: Pyromaniac's Love Story, A (1995). Genres: Comedy|Romance"
296,Pulp Fiction (1994),Crime|Drama,Movie title: Pulp Fiction (1994). Genres: Crime|Drama
297,Panther (1995),Drama,Movie title: Panther (1995). Genres: Drama
298,Pushing Hands (1992),Comedy,Movie title: Pushing Hands (1992). Genres: Comedy
299,Priest (1994),Drama,Movie title: Priest (1994). Genres: Drama
300,Quiz Show (1994),Drama,Movie title: Quiz Show (1994). Genres: Drama
301,Picture Bride (1995),Drama|Romance,Movie title: Picture Bride (1995). Genres: Drama|Romance
302,Queen Margot (La Reine Margot) (1994),Drama|Romance,Movie title: Queen Margot (La Reine Margot) (1994). Genres: Drama|Romance
303,"Quick and the Dead, The (1995)",Action|Adventure|Western,"Movie title: Quick and the Dead, The (1995). Genres: Action|Adventure|Western"
304,Roommates (1995),Comedy|Drama,Movie title: Roommates (1995). Genres: Comedy|Drama
305,Ready to Wear (Pret-A-Porter) (1994),Comedy,Movie title: Ready to Wear (Pret-A-Porter) (1994). Genres: Comedy
306,Three Colors: Red (1994),Drama,Movie title: Three Colors: Red (1994). Genres: Drama
307,Three Colors: Blue (1993),Drama,Movie title: Three Colors: Blue (1993). Genres: Drama
308,Three Colors: White (1994),Drama,Movie title: Three Colors: White (1994). Genres: Drama
309,"Red Firecracker, Green Firecracker (1994)",Drama,"Movie title: Red Firecracker, Green Firecracker (1994). Genres: Drama"
310,Rent-a-Kid (1995),Comedy,Movie title: Rent-a-Kid (1995). Genres: Comedy
311,Relative Fear (1994),Horror|Thriller,Movie title: Relative Fear (1994). Genres: Horror|Thriller
312,Stuart Saves His Family (1995),Comedy,Movie title: Stuart Saves His Family (1995). Genres: Comedy
313,"Swan Princess, The (1994)",Animation|Children's,"Movie title: Swan Princess, The (1994). Genres: Animation|Children's"
314,"Secret of Roan Inish, The (1994)",Drama,"Movie title: Secret of Roan Inish, The (1994). Genres: Drama"
315,"Specialist, The (1994)",Action,"Movie title: Specialist, The (1994). Genres: Action"
316,Stargate (1994),Action|Adventure|Sci-Fi,Movie title: Stargate (1994). Genres: Action|Adventure|Sci-Fi
317,"Santa Clause, The (1994)",Children's|Comedy|Fantasy,"Movie title: Santa Clause, The (1994). Genres: Children's|Comedy|Fantasy"
318,"Shawshank Redemption, The (1994)",Drama,"Movie title: Shawshank Redemption, The (1994). Genres: Drama"
319,Shallow Grave (1994),Thriller,Movie title: Shallow Grave (1994). Genres: Thriller
320,Suture (1993),Film-Noir|Thriller,Movie title: Suture (1993). Genres: Film-Noir|Thriller
321,Strawberry and Chocolate (Fresa y chocolate) (1993),Drama,Movie title: Strawberry and Chocolate (Fresa y chocolate) (1993). Genres: Drama
322,Swimming with Sharks (1995),Comedy|Drama,Movie title: Swimming with Sharks (1995). Genres: Comedy|Drama
324,"Sum of Us, The (1994)",Comedy,"Movie title: Sum of Us, The (1994). Genres: Comedy"
325,National Lampoon's Senior Trip (1995),Comedy,Movie title: National Lampoon's Senior Trip (1995). Genres: Comedy
326,To Live (Huozhe) (1994),Drama,Movie title: To Live (Huozhe) (1994). Genres: Drama
327,Tank Girl (1995),Action|Comedy|Musical|Sci-Fi,Movie title: Tank Girl (1995). Genres: Action|Comedy|Musical|Sci-Fi
328,Tales From the Crypt Presents: Demon Knight (1995),Horror,Movie title: Tales From the Crypt Presents: Demon Knight (1995). Genres: Horror
329,Star Trek: Generations (1994),Action|Adventure|Sci-Fi,Movie title: Star Trek: Generations (1994). Genres: Action|Adventure|Sci-Fi
330,Tales from the Hood (1995),Comedy|Horror,Movie title: Tales from the Hood (1995). Genres: Comedy|Horror
331,Tom & Viv (1994),Drama,Movie title: Tom & Viv (1994). Genres: Drama
332,Village of the Damned (1995),Horror|Sci-Fi,Movie title: Village of the Damned (1995). Genres: Horror|Sci-Fi
333,Tommy Boy (1995),Comedy,Movie title: Tommy Boy (1995). Genres: Comedy
334,Vanya on 42nd Street (1994),Drama,Movie title: Vanya on 42nd Street (1994). Genres: Drama
335,"Underneath, The (1995)",Mystery|Thriller,"Movie title: Underneath, The (1995). Genres: Mystery|Thriller"
336,"Walking Dead, The (1995)",Drama|War,"Movie title: Walking Dead, The (1995). Genres: Drama|War"
337,What's Eating Gilbert Grape (1993),Drama,Movie title: What's Eating Gilbert Grape (1993). Genres: Drama
338,Virtuosity (1995),Sci-Fi|Thriller,Movie title: Virtuosity (1995). Genres: Sci-Fi|Thriller
339,While You Were Sleeping (1995),Comedy|Romance,Movie title: While You Were Sleeping (1995). Genres: Comedy|Romance
340,"War, The (1994)",Adventure|Drama,"Movie title: War, The (1994). Genres: Adventure|Drama"
341,Double Happiness (1994),Drama,Movie title: Double Happiness (1994). Genres: Drama
342,Muriel's Wedding (1994),Comedy|Romance,Movie title: Muriel's Wedding (1994). Genres: Comedy|Romance
343,"Baby-Sitters Club, The (1995)",Children's,"Movie title: Baby-Sitters Club, The (1995). Genres: Children's"
344,Ace Ventura: Pet Detective (1994),Comedy,Movie title: Ace Ventura: Pet Detective (1994). Genres: Comedy
345,"Adventures of Priscilla, Queen of the Desert, The (1994)",Comedy|Drama,"Movie title: Adventures of Priscilla, Queen of the Desert, The (1994). Genres: Comedy|Drama"
346,Backbeat (1993),Drama|Musical,Movie title: Backbeat (1993). Genres: Drama|Musical
347,Bitter Moon (1992),Drama,Movie title: Bitter Moon (1992). Genres: Drama
348,Bullets Over Broadway (1994),Comedy,Movie title: Bullets Over Broadway (1994). Genres: Comedy
349,Clear and Present Danger (1994),Action|Adventure|Thriller,Movie title: Clear and Present Danger (1994). Genres: Action|Adventure|Thriller
350,"Client, The (1994)",Drama|Mystery|Thriller,"Movie title: Client, The (1994). Genres: Drama|Mystery|Thriller"
351,"Corrina, Corrina (1994)",Comedy|Drama|Romance,"Movie title: Corrina, Corrina (1994). Genres: Comedy|Drama|Romance"
352,Crooklyn (1994),Comedy,Movie title: Crooklyn (1994). Genres: Comedy
353,"Crow, The (1994)",Action|Romance|Thriller,"Movie title: Crow, The (1994). Genres: Action|Romance|Thriller"
354,Cobb (1994),Drama,Movie title: Cobb (1994). Genres: Drama
355,"Flintstones, The (1994)",Children's|Comedy,"Movie title: Flintstones, The (1994). Genres: Children's|Comedy"
356,Forrest Gump (1994),Comedy|Romance|War,Movie title: Forrest Gump (1994). Genres: Comedy|Romance|War
357,Four Weddings and a Funeral (1994),Comedy|Romance,Movie title: Four Weddings and a Funeral (1994). Genres: Comedy|Romance
358,Higher Learning (1995),Drama,Movie title: Higher Learning (1995). Genres: Drama
359,I Like It Like That (1994),Comedy|Drama|Romance,Movie title: I Like It Like That (1994). Genres: Comedy|Drama|Romance
360,I Love Trouble (1994),Action|Comedy,Movie title: I Love Trouble (1994). Genres: Action|Comedy
361,It Could Happen to You (1994),Drama|Romance,Movie title: It Could Happen to You (1994). Genres: Drama|Romance
362,"Jungle Book, The (1994)",Adventure|Children's|Romance,"Movie title: Jungle Book, The (1994). Genres: Adventure|Children's|Romance"
363,"Wonderful, Horrible Life of Leni Riefenstahl, The (Die Macht der Bilder) (1993)",Documentary,"Movie title: Wonderful, Horrible Life of Leni Riefenstahl, The (Die Macht der Bilder) (1993). Genres: Documentary"
364,"Lion King, The (1994)",Animation|Children's|Musical,"Movie title: Lion King, The (1994). Genres: Animation|Children's|Musical"
365,Little Buddha (1993),Drama,Movie title: Little Buddha (1993). Genres: Drama
366,Wes Craven's New Nightmare (1994),Horror,Movie title: Wes Craven's New Nightmare (1994). Genres: Horror
367,"Mask, The (1994)",Comedy|Crime|Fantasy,"Movie title: Mask, The (1994). Genres: Comedy|Crime|Fantasy"
368,Maverick (1994),Action|Comedy|Western,Movie title: Maverick (1994). Genres: Action|Comedy|Western
369,Mrs. Parker and the Vicious Circle (1994),Drama,Movie title: Mrs. Parker and the Vicious Circle (1994). Genres: Drama
370,Naked Gun 33 1/3: The Final Insult (1994),Comedy,Movie title: Naked Gun 33 1/3: The Final Insult (1994). Genres: Comedy
371,"Paper, The (1994)",Comedy|Drama,"Movie title: Paper, The (1994). Genres: Comedy|Drama"
372,Reality Bites (1994),Comedy|Drama,Movie title: Reality Bites (1994). Genres: Comedy|Drama
373,Red Rock West (1992),Thriller,Movie title: Red Rock West (1992). Genres: Thriller
374,Richie Rich (1994),Children's|Comedy,Movie title: Richie Rich (1994). Genres: Children's|Comedy
375,Safe Passage (1994),Drama,Movie title: Safe Passage (1994). Genres: Drama
376,"River Wild, The (1994)",Action|Thriller,"Movie title: River Wild, The (1994). Genres: Action|Thriller"
377,Speed (1994),Action|Romance|Thriller,Movie title: Speed (1994). Genres: Action|Romance|Thriller
378,Speechless (1994),Comedy|Romance,Movie title: Speechless (1994). Genres: Comedy|Romance
379,Timecop (1994),Action|Sci-Fi,Movie title: Timecop (1994). Genres: Action|Sci-Fi
380,True Lies (1994),Action|Adventure|Comedy|Romance,Movie title: True Lies (1994). Genres: Action|Adventure|Comedy|Romance
381,When a Man Loves a Woman (1994),Drama,Movie title: When a Man Loves a Woman (1994). Genres: Drama
382,Wolf (1994),Drama|Horror,Movie title: Wolf (1994). Genres: Drama|Horror
383,Wyatt Earp (1994),Western,Movie title: Wyatt Earp (1994). Genres: Western
384,Bad Company (1995),Action,Movie title: Bad Company (1995). Genres: Action
385,"Man of No Importance, A (1994)",Drama,"Movie title: Man of No Importance, A (1994). Genres: Drama"
386,S.F.W. (1994),Drama,Movie title: S.F.W. (1994). Genres: Drama
387,"Low Down Dirty Shame, A (1994)",Action|Comedy,"Movie title: Low Down Dirty Shame, A (1994). Genres: Action|Comedy"
388,Boys Life (1995),Drama,Movie title: Boys Life (1995). Genres: Drama
389,"Colonel Chabert, Le (1994)",Drama|Romance|War,"Movie title: Colonel Chabert, Le (1994). Genres: Drama|Romance|War"
390,Faster Pussycat! Kill! Kill! (1965),Action|Comedy|Drama,Movie title: Faster Pussycat! Kill! Kill! (1965). Genres: Action|Comedy|Drama
391,Jason's Lyric (1994),Crime|Drama,Movie title: Jason's Lyric (1994). Genres: Crime|Drama
392,"Secret Adventures of Tom Thumb, The (1993)",Adventure|Children's,"Movie title: Secret Adventures of Tom Thumb, The (1993). Genres: Adventure|Children's"
393,Street Fighter (1994),Action,Movie title: Street Fighter (1994). Genres: Action
394,Coldblooded (1995),Action,Movie title: Coldblooded (1995). Genres: Action
395,Desert Winds (1995),Drama,Movie title: Desert Winds (1995). Genres: Drama
396,Fall Time (1995),Drama,Movie title: Fall Time (1995). Genres: Drama
397,"Fear, The (1995)",Horror,"Movie title: Fear, The (1995). Genres: Horror"
398,Frank and Ollie (1995),Documentary,Movie title: Frank and Ollie (1995). Genres: Documentary
399,Girl in the Cadillac (1995),Drama,Movie title: Girl in the Cadillac (1995). Genres: Drama
400,Homage (1995),Drama,Movie title: Homage (1995). Genres: Drama
401,Mirage (1995),Action|Thriller,Movie title: Mirage (1995). Genres: Action|Thriller
402,Open Season (1996),Comedy,Movie title: Open Season (1996). Genres: Comedy
403,Two Crimes (1995),Comedy|Crime|Drama,Movie title: Two Crimes (1995). Genres: Comedy|Crime|Drama
404,Brother Minister: The Assassination of Malcolm X (1994),Documentary,Movie title: Brother Minister: The Assassination of Malcolm X (1994). Genres: Documentary
405,Highlander III: The Sorcerer (1994),Action|Sci-Fi,Movie title: Highlander III: The Sorcerer (1994). Genres: Action|Sci-Fi
406,Federal Hill (1994),Drama,Movie title: Federal Hill (1994). Genres: Drama
407,In the Mouth of Madness (1995),Horror|Thriller,Movie title: In the Mouth of Madness (1995). Genres: Horror|Thriller
408,8 Seconds (1994),Drama,Movie title: 8 Seconds (1994). Genres: Drama
409,Above the Rim (1994),Drama,Movie title: Above the Rim (1994). Genres: Drama
410,Addams Family Values (1993),Comedy,Movie title: Addams Family Values (1993). Genres: Comedy
411,You So Crazy (1994),Comedy,Movie title: You So Crazy (1994). Genres: Comedy
412,"Age of Innocence, The (1993)",Drama,"Movie title: Age of Innocence, The (1993). Genres: Drama"
413,Airheads (1994),Comedy,Movie title: Airheads (1994). Genres: Comedy
414,"Air Up There, The (1994)",Comedy,"Movie title: Air Up There, The (1994). Genres: Comedy"
415,Another Stakeout (1993),Comedy|Thriller,Movie title: Another Stakeout (1993). Genres: Comedy|Thriller
416,Bad Girls (1994),Western,Movie title: Bad Girls (1994). Genres: Western
417,Barcelona (1994),Comedy|Romance,Movie title: Barcelona (1994). Genres: Comedy|Romance
418,Being Human (1993),Drama,Movie title: Being Human (1993). Genres: Drama
419,"Beverly Hillbillies, The (1993)",Comedy,"Movie title: Beverly Hillbillies, The (1993). Genres: Comedy"
420,Beverly Hills Cop III (1994),Action|Comedy,Movie title: Beverly Hills Cop III (1994). Genres: Action|Comedy
421,Black Beauty (1994),Adventure|Children's,Movie title: Black Beauty (1994). Genres: Adventure|Children's
422,Blink (1994),Thriller,Movie title: Blink (1994). Genres: Thriller
423,Blown Away (1994),Action|Thriller,Movie title: Blown Away (1994). Genres: Action|Thriller
424,Blue Chips (1994),Drama,Movie title: Blue Chips (1994). Genres: Drama
425,Blue Sky (1994),Drama|Romance,Movie title: Blue Sky (1994). Genres: Drama|Romance
426,Body Snatchers (1993),Horror|Sci-Fi|Thriller,Movie title: Body Snatchers (1993). Genres: Horror|Sci-Fi|Thriller
427,Boxing Helena (1993),Mystery|Romance|Thriller,Movie title: Boxing Helena (1993). Genres: Mystery|Romance|Thriller
428,"Bronx Tale, A (1993)",Drama,"Movie title: Bronx Tale, A (1993). Genres: Drama"
429,Cabin Boy (1994),Comedy,Movie title: Cabin Boy (1994). Genres: Comedy
430,Calendar Girl (1993),Drama,Movie title: Calendar Girl (1993). Genres: Drama
431,Carlito's Way (1993),Crime|Drama,Movie title: Carlito's Way (1993). Genres: Crime|Drama
432,City Slickers II: The Legend of Curly's Gold (1994),Comedy|Western,Movie title: City Slickers II: The Legend of Curly's Gold (1994). Genres: Comedy|Western
433,Clean Slate (1994),Comedy,Movie title: Clean Slate (1994). Genres: Comedy
434,Cliffhanger (1993),Action|Adventure|Crime,Movie title: Cliffhanger (1993). Genres: Action|Adventure|Crime
435,Coneheads (1993),Comedy|Sci-Fi,Movie title: Coneheads (1993). Genres: Comedy|Sci-Fi
436,Color of Night (1994),Drama|Thriller,Movie title: Color of Night (1994). Genres: Drama|Thriller
437,Cops and Robbersons (1994),Comedy,Movie title: Cops and Robbersons (1994). Genres: Comedy
438,"Cowboy Way, The (1994)",Action|Comedy,"Movie title: Cowboy Way, The (1994). Genres: Action|Comedy"
439,Dangerous Game (1993),Drama,Movie title: Dangerous Game (1993). Genres: Drama
440,Dave (1993),Comedy|Romance,Movie title: Dave (1993). Genres: Comedy|Romance
441,Dazed and Confused (1993),Comedy,Movie title: Dazed and Confused (1993). Genres: Comedy
442,Demolition Man (1993),Action|Sci-Fi,Movie title: Demolition Man (1993). Genres: Action|Sci-Fi
443,"Endless Summer 2, The (1994)",Documentary,"Movie title: Endless Summer 2, The (1994). Genres: Documentary"
444,Even Cowgirls Get the Blues (1993),Comedy|Romance,Movie title: Even Cowgirls Get the Blues (1993). Genres: Comedy|Romance
445,Fatal Instinct (1993),Comedy,Movie title: Fatal Instinct (1993). Genres: Comedy
446,Farewell My Concubine (1993),Drama|Romance,Movie title: Farewell My Concubine (1993). Genres: Drama|Romance
447,"Favor, The (1994)",Comedy|Romance,"Movie title: Favor, The (1994). Genres: Comedy|Romance"
448,Fearless (1993),Drama,Movie title: Fearless (1993). Genres: Drama
449,Fear of a Black Hat (1993),Comedy,Movie title: Fear of a Black Hat (1993). Genres: Comedy
450,With Honors (1994),Comedy|Drama,Movie title: With Honors (1994). Genres: Comedy|Drama
451,Flesh and Bone (1993),Drama|Mystery|Romance,Movie title: Flesh and Bone (1993). Genres: Drama|Mystery|Romance
452,Widows' Peak (1994),Drama,Movie title: Widows' Peak (1994). Genres: Drama
453,For Love or Money (1993),Comedy,Movie title: For Love or Money (1993). Genres: Comedy
454,"Firm, The (1993)",Drama|Thriller,"Movie title: Firm, The (1993). Genres: Drama|Thriller"
455,Free Willy (1993),Adventure|Children's|Drama,Movie title: Free Willy (1993). Genres: Adventure|Children's|Drama
456,Fresh (1994),Drama,Movie title: Fresh (1994). Genres: Drama
457,"Fugitive, The (1993)",Action|Thriller,"Movie title: Fugitive, The (1993). Genres: Action|Thriller"
458,Geronimo: An American Legend (1993),Drama|Western,Movie title: Geronimo: An American Legend (1993). Genres: Drama|Western
459,"Getaway, The (1994)",Action,"Movie title: Getaway, The (1994). Genres: Action"
460,Getting Even with Dad (1994),Comedy,Movie title: Getting Even with Dad (1994). Genres: Comedy
461,Go Fish (1994),Drama|Romance,Movie title: Go Fish (1994). Genres: Drama|Romance
462,"Good Man in Africa, A (1994)",Action|Adventure,"Movie title: Good Man in Africa, A (1994). Genres: Action|Adventure"
463,Guilty as Sin (1993),Crime|Drama|Thriller,Movie title: Guilty as Sin (1993). Genres: Crime|Drama|Thriller
464,Hard Target (1993),Action|Adventure|Crime|Thriller,Movie title: Hard Target (1993). Genres: Action|Adventure|Crime|Thriller
465,Heaven & Earth (1993),Action|Drama|War,Movie title: Heaven & Earth (1993). Genres: Action|Drama|War
466,Hot Shots! Part Deux (1993),Action|Comedy|War,Movie title: Hot Shots! Part Deux (1993). Genres: Action|Comedy|War
467,Live Nude Girls (1995),Comedy,Movie title: Live Nude Girls (1995). Genres: Comedy
468,"Englishman Who Went Up a Hill, But Came Down a Mountain, The (1995)",Comedy|Romance,"Movie title: Englishman Who Went Up a Hill, But Came Down a Mountain, The (1995). Genres: Comedy|Romance"
469,"House of the Spirits, The (1993)",Drama|Romance,"Movie title: House of the Spirits, The (1993). Genres: Drama|Romance"
470,House Party 3 (1994),Comedy,Movie title: House Party 3 (1994). Genres: Comedy
471,"Hudsucker Proxy, The (1994)",Comedy|Romance,"Movie title: Hudsucker Proxy, The (1994). Genres: Comedy|Romance"
472,I'll Do Anything (1994),Comedy|Drama,Movie title: I'll Do Anything (1994). Genres: Comedy|Drama
473,In the Army Now (1994),Comedy|War,Movie title: In the Army Now (1994). Genres: Comedy|War
474,In the Line of Fire (1993),Action|Thriller,Movie title: In the Line of Fire (1993). Genres: Action|Thriller
475,In the Name of the Father (1993),Drama,Movie title: In the Name of the Father (1993). Genres: Drama
476,"Inkwell, The (1994)",Comedy|Drama,"Movie title: Inkwell, The (1994). Genres: Comedy|Drama"
477,What's Love Got to Do with It? (1993),Drama,Movie title: What's Love Got to Do with It? (1993). Genres: Drama
478,Jimmy Hollywood (1994),Comedy,Movie title: Jimmy Hollywood (1994). Genres: Comedy
479,Judgment Night (1993),Action,Movie title: Judgment Night (1993). Genres: Action
480,Jurassic Park (1993),Action|Adventure|Sci-Fi,Movie title: Jurassic Park (1993). Genres: Action|Adventure|Sci-Fi
481,Kalifornia (1993),Drama|Thriller,Movie title: Kalifornia (1993). Genres: Drama|Thriller
482,Killing Zoe (1994),Thriller,Movie title: Killing Zoe (1994). Genres: Thriller
483,King of the Hill (1993),Drama,Movie title: King of the Hill (1993). Genres: Drama
484,Lassie (1994),Adventure|Children's,Movie title: Lassie (1994). Genres: Adventure|Children's
485,Last Action Hero (1993),Action|Comedy,Movie title: Last Action Hero (1993). Genres: Action|Comedy
486,Life with Mikey (1993),Comedy,Movie title: Life with Mikey (1993). Genres: Comedy
487,Lightning Jack (1994),Comedy|Western,Movie title: Lightning Jack (1994). Genres: Comedy|Western
488,M. Butterfly (1993),Drama,Movie title: M. Butterfly (1993). Genres: Drama
489,Made in America (1993),Comedy,Movie title: Made in America (1993). Genres: Comedy
490,Malice (1993),Thriller,Movie title: Malice (1993). Genres: Thriller
491,"Man Without a Face, The (1993)",Drama,"Movie title: Man Without a Face, The (1993). Genres: Drama"
492,Manhattan Murder Mystery (1993),Comedy|Mystery,Movie title: Manhattan Murder Mystery (1993). Genres: Comedy|Mystery
493,Menace II Society (1993),Action|Crime|Drama,Movie title: Menace II Society (1993). Genres: Action|Crime|Drama
494,Executive Decision (1996),Action|Thriller,Movie title: Executive Decision (1996). Genres: Action|Thriller
495,In the Realm of the Senses (Ai no corrida) (1976),Drama,Movie title: In the Realm of the Senses (Ai no corrida) (1976). Genres: Drama
496,What Happened Was... (1994),Comedy|Drama|Romance,Movie title: What Happened Was... (1994). Genres: Comedy|Drama|Romance
497,Much Ado About Nothing (1993),Comedy|Romance,Movie title: Much Ado About Nothing (1993). Genres: Comedy|Romance
498,Mr. Jones (1993),Drama|Romance,Movie title: Mr. Jones (1993). Genres: Drama|Romance
499,Mr. Wonderful (1993),Comedy|Romance,Movie title: Mr. Wonderful (1993). Genres: Comedy|Romance
500,Mrs. Doubtfire (1993),Comedy,Movie title: Mrs. Doubtfire (1993). Genres: Comedy
501,Naked (1993),Drama,Movie title: Naked (1993). Genres: Drama
502,"Next Karate Kid, The (1994)",Action|Children's,"Movie title: Next Karate Kid, The (1994). Genres: Action|Children's"
503,"New Age, The (1994)",Drama,"Movie title: New Age, The (1994). Genres: Drama"
504,No Escape (1994),Action|Sci-Fi,Movie title: No Escape (1994). Genres: Action|Sci-Fi
505,North (1994),Comedy,Movie title: North (1994). Genres: Comedy
506,Orlando (1993),Drama,Movie title: Orlando (1993). Genres: Drama
507,"Perfect World, A (1993)",Action|Drama,"Movie title: Perfect World, A (1993). Genres: Action|Drama"
508,Philadelphia (1993),Drama,Movie title: Philadelphia (1993). Genres: Drama
509,"Piano, The (1993)",Drama|Romance,"Movie title: Piano, The (1993). Genres: Drama|Romance"
510,Poetic Justice (1993),Drama,Movie title: Poetic Justice (1993). Genres: Drama
511,"Program, The (1993)",Action|Drama,"Movie title: Program, The (1993). Genres: Action|Drama"
512,Robert A. Heinlein's The Puppet Masters (1994),Horror|Sci-Fi,Movie title: Robert A. Heinlein's The Puppet Masters (1994). Genres: Horror|Sci-Fi
513,Radioland Murders (1994),Comedy|Mystery|Romance,Movie title: Radioland Murders (1994). Genres: Comedy|Mystery|Romance
514,"Ref, The (1994)",Comedy,"Movie title: Ref, The (1994). Genres: Comedy"
515,"Remains of the Day, The (1993)",Drama,"Movie title: Remains of the Day, The (1993). Genres: Drama"
516,Renaissance Man (1994),Comedy|Drama|War,Movie title: Renaissance Man (1994). Genres: Comedy|Drama|War
517,Rising Sun (1993),Action|Drama|Mystery,Movie title: Rising Sun (1993). Genres: Action|Drama|Mystery
518,"Road to Wellville, The (1994)",Comedy,"Movie title: Road to Wellville, The (1994). Genres: Comedy"
519,Robocop 3 (1993),Sci-Fi|Thriller,Movie title: Robocop 3 (1993). Genres: Sci-Fi|Thriller
520,Robin Hood: Men in Tights (1993),Comedy,Movie title: Robin Hood: Men in Tights (1993). Genres: Comedy
521,Romeo Is Bleeding (1993),Crime|Thriller,Movie title: Romeo Is Bleeding (1993). Genres: Crime|Thriller
522,Romper Stomper (1992),Action|Drama,Movie title: Romper Stomper (1992). Genres: Action|Drama
523,Ruby in Paradise (1993),Drama,Movie title: Ruby in Paradise (1993). Genres: Drama
524,Rudy (1993),Drama,Movie title: Rudy (1993). Genres: Drama
525,"Saint of Fort Washington, The (1993)",Drama,"Movie title: Saint of Fort Washington, The (1993). Genres: Drama"
526,"Savage Nights (Nuits fauves, Les) (1992)",Drama,"Movie title: Savage Nights (Nuits fauves, Les) (1992). Genres: Drama"
527,Schindler's List (1993),Drama|War,Movie title: Schindler's List (1993). Genres: Drama|War
528,"Scout, The (1994)",Drama,"Movie title: Scout, The (1994). Genres: Drama"
529,Searching for Bobby Fischer (1993),Drama,Movie title: Searching for Bobby Fischer (1993). Genres: Drama
530,Second Best (1994),Drama,Movie title: Second Best (1994). Genres: Drama
531,"Secret Garden, The (1993)",Children's|Drama,"Movie title: Secret Garden, The (1993). Genres: Children's|Drama"
532,Serial Mom (1994),Comedy|Crime|Horror,Movie title: Serial Mom (1994). Genres: Comedy|Crime|Horror
533,"Shadow, The (1994)",Action,"Movie title: Shadow, The (1994). Genres: Action"
534,Shadowlands (1993),Drama|Romance,Movie title: Shadowlands (1993). Genres: Drama|Romance
535,Short Cuts (1993),Drama,Movie title: Short Cuts (1993). Genres: Drama
536,"Simple Twist of Fate, A (1994)",Drama,"Movie title: Simple Twist of Fate, A (1994). Genres: Drama"
537,Sirens (1994),Comedy|Drama,Movie title: Sirens (1994). Genres: Comedy|Drama
538,Six Degrees of Separation (1993),Drama,Movie title: Six Degrees of Separation (1993). Genres: Drama
539,Sleepless in Seattle (1993),Comedy|Romance,Movie title: Sleepless in Seattle (1993). Genres: Comedy|Romance
540,Sliver (1993),Thriller,Movie title: Sliver (1993). Genres: Thriller
541,Blade Runner (1982),Film-Noir|Sci-Fi,Movie title: Blade Runner (1982). Genres: Film-Noir|Sci-Fi
542,Son in Law (1993),Comedy,Movie title: Son in Law (1993). Genres: Comedy
543,So I Married an Axe Murderer (1993),Comedy|Romance|Thriller,Movie title: So I Married an Axe Murderer (1993). Genres: Comedy|Romance|Thriller
544,Striking Distance (1993),Action,Movie title: Striking Distance (1993). Genres: Action
545,Harlem (1993),Drama,Movie title: Harlem (1993). Genres: Drama
546,Super Mario Bros. (1993),Action|Adventure|Children's|Sci-Fi,Movie title: Super Mario Bros. (1993). Genres: Action|Adventure|Children's|Sci-Fi
547,Surviving the Game (1994),Action|Adventure|Thriller,Movie title: Surviving the Game (1994). Genres: Action|Adventure|Thriller
548,Terminal Velocity (1994),Action,Movie title: Terminal Velocity (1994). Genres: Action
549,Thirty-Two Short Films About Glenn Gould (1993),Documentary,Movie title: Thirty-Two Short Films About Glenn Gould (1993). Genres: Documentary
550,Threesome (1994),Comedy|Romance,Movie title: Threesome (1994). Genres: Comedy|Romance
551,"Nightmare Before Christmas, The (1993)",Children's|Comedy|Musical,"Movie title: Nightmare Before Christmas, The (1993). Genres: Children's|Comedy|Musical"
552,"Three Musketeers, The (1993)",Action|Adventure|Comedy,"Movie title: Three Musketeers, The (1993). Genres: Action|Adventure|Comedy"
553,Tombstone (1993),Western,Movie title: Tombstone (1993). Genres: Western
554,Trial by Jury (1994),Thriller,Movie title: Trial by Jury (1994). Genres: Thriller
555,True Romance (1993),Action|Crime|Romance,Movie title: True Romance (1993). Genres: Action|Crime|Romance
556,"War Room, The (1993)",Documentary,"Movie title: War Room, The (1993). Genres: Documentary"
557,Mamma Roma (1962),Drama,Movie title: Mamma Roma (1962). Genres: Drama
558,"Pagemaster, The (1994)",Action|Adventure|Animation|Children's|Fantasy,"Movie title: Pagemaster, The (1994). Genres: Action|Adventure|Animation|Children's|Fantasy"
559,"Paris, France (1993)",Comedy,"Movie title: Paris, France (1993). Genres: Comedy"
560,"Beans of Egypt, Maine, The (1994)",Drama,"Movie title: Beans of Egypt, Maine, The (1994). Genres: Drama"
561,Killer (Bulletproof Heart) (1994),Thriller,Movie title: Killer (Bulletproof Heart) (1994). Genres: Thriller
562,Welcome to the Dollhouse (1995),Comedy|Drama,Movie title: Welcome to the Dollhouse (1995). Genres: Comedy|Drama
563,Germinal (1993),Drama,Movie title: Germinal (1993). Genres: Drama
564,Chasers (1994),Comedy,Movie title: Chasers (1994). Genres: Comedy
565,Cronos (1992),Horror,Movie title: Cronos (1992). Genres: Horror
566,Naked in New York (1994),Comedy|Romance,Movie title: Naked in New York (1994). Genres: Comedy|Romance
567,Kika (1993),Drama,Movie title: Kika (1993). Genres: Drama
568,Bhaji on the Beach (1993),Comedy|Drama,Movie title: Bhaji on the Beach (1993). Genres: Comedy|Drama
569,Little Big League (1994),Children's|Comedy,Movie title: Little Big League (1994). Genres: Children's|Comedy
570,"Slingshot, The (Kådisbellan ) (1993)",Comedy|Drama,"Movie title: Slingshot, The (Kådisbellan ) (1993). Genres: Comedy|Drama"
571,"Wedding Gift, The (1994)",Drama,"Movie title: Wedding Gift, The (1994). Genres: Drama"
572,Foreign Student (1994),Drama,Movie title: Foreign Student (1994). Genres: Drama
573,"Ciao, Professore! (Io speriamo che me la cavo ) (1993)",Drama,"Movie title: Ciao, Professore! (Io speriamo che me la cavo ) (1993). Genres: Drama"
574,Spanking the Monkey (1994),Comedy|Drama,Movie title: Spanking the Monkey (1994). Genres: Comedy|Drama
575,"Little Rascals, The (1994)",Children's|Comedy,"Movie title: Little Rascals, The (1994). Genres: Children's|Comedy"
576,Fausto (1993),Comedy,Movie title: Fausto (1993). Genres: Comedy
577,Andre (1994),Adventure|Children's,Movie title: Andre (1994). Genres: Adventure|Children's
578,"Hour of the Pig, The (1993)",Drama|Mystery,"Movie title: Hour of the Pig, The (1993). Genres: Drama|Mystery"
579,"Scorta, La (1993)",Thriller,"Movie title: Scorta, La (1993). Genres: Thriller"
580,Princess Caraboo (1994),Drama,Movie title: Princess Caraboo (1994). Genres: Drama
581,"Celluloid Closet, The (1995)",Documentary,"Movie title: Celluloid Closet, The (1995). Genres: Documentary"
582,Metisse (Café au Lait) (1993),Comedy,Movie title: Metisse (Café au Lait) (1993). Genres: Comedy
583,Dear Diary (Caro Diario) (1994),Comedy|Drama,Movie title: Dear Diary (Caro Diario) (1994). Genres: Comedy|Drama
584,I Don't Want to Talk About It (De eso no se habla) (1993),Drama,Movie title: I Don't Want to Talk About It (De eso no se habla) (1993). Genres: Drama
585,"Brady Bunch Movie, The (1995)",Comedy,"Movie title: Brady Bunch Movie, The (1995). Genres: Comedy"
586,Home Alone (1990),Children's|Comedy,Movie title: Home Alone (1990). Genres: Children's|Comedy
587,Ghost (1990),Comedy|Romance|Thriller,Movie title: Ghost (1990). Genres: Comedy|Romance|Thriller
588,Aladdin (1992),Animation|Children's|Comedy|Musical,Movie title: Aladdin (1992). Genres: Animation|Children's|Comedy|Musical
589,Terminator 2: Judgment Day (1991),Action|Sci-Fi|Thriller,Movie title: Terminator 2: Judgment Day (1991). Genres: Action|Sci-Fi|Thriller
590,Dances with Wolves (1990),Adventure|Drama|Western,Movie title: Dances with Wolves (1990). Genres: Adventure|Drama|Western
591,Tough and Deadly (1995),Action|Drama|Thriller,Movie title: Tough and Deadly (1995). Genres: Action|Drama|Thriller
592,Batman (1989),Action|Adventure|Crime|Drama,Movie title: Batman (1989). Genres: Action|Adventure|Crime|Drama
593,"Silence of the Lambs, The (1991)",Drama|Thriller,"Movie title: Silence of the Lambs, The (1991). Genres: Drama|Thriller"
594,Snow White and the Seven Dwarfs (1937),Animation|Children's|Musical,Movie title: Snow White and the Seven Dwarfs (1937). Genres: Animation|Children's|Musical
595,Beauty and the Beast (1991),Animation|Children's|Musical,Movie title: Beauty and the Beast (1991). Genres: Animation|Children's|Musical
596,Pinocchio (1940),Animation|Children's,Movie title: Pinocchio (1940). Genres: Animation|Children's
597,Pretty Woman (1990),Comedy|Romance,Movie title: Pretty Woman (1990). Genres: Comedy|Romance
598,Window to Paris (1994),Comedy,Movie title: Window to Paris (1994). Genres: Comedy
599,"Wild Bunch, The (1969)",Western,"Movie title: Wild Bunch, The (1969). Genres: Western"
600,Love and a .45 (1994),Thriller,Movie title: Love and a .45 (1994). Genres: Thriller
601,"Wooden Man's Bride, The (Wu Kui) (1994)",Drama,"Movie title: Wooden Man's Bride, The (Wu Kui) (1994). Genres: Drama"
602,"Great Day in Harlem, A (1994)",Documentary,"Movie title: Great Day in Harlem, A (1994). Genres: Documentary"
603,"Bye Bye, Love (1995)",Comedy,"Movie title: Bye Bye, Love (1995). Genres: Comedy"
604,Criminals (1996),Documentary,Movie title: Criminals (1996). Genres: Documentary
605,One Fine Day (1996),Drama|Romance,Movie title: One Fine Day (1996). Genres: Drama|Romance
606,Candyman: Farewell to the Flesh (1995),Horror,Movie title: Candyman: Farewell to the Flesh (1995). Genres: Horror
607,Century (1993),Drama,Movie title: Century (1993). Genres: Drama
608,Fargo (1996),Crime|Drama|Thriller,Movie title: Fargo (1996). Genres: Crime|Drama|Thriller
609,Homeward Bound II: Lost in San Francisco (1996),Adventure|Children's,Movie title: Homeward Bound II: Lost in San Francisco (1996). Genres: Adventure|Children's
610,Heavy Metal (1981),Action|Adventure|Animation|Horror|Sci-Fi,Movie title: Heavy Metal (1981). Genres: Action|Adventure|Animation|Horror|Sci-Fi
611,Hellraiser: Bloodline (1996),Action|Horror|Sci-Fi,Movie title: Hellraiser: Bloodline (1996). Genres: Action|Horror|Sci-Fi
612,"Pallbearer, The (1996)",Comedy,"Movie title: Pallbearer, The (1996). Genres: Comedy"
613,Jane Eyre (1996),Drama|Romance,Movie title: Jane Eyre (1996). Genres: Drama|Romance
614,Loaded (1994),Drama|Thriller,Movie title: Loaded (1994). Genres: Drama|Thriller
615,Bread and Chocolate (Pane e cioccolata) (1973),Drama,Movie title: Bread and Chocolate (Pane e cioccolata) (1973). Genres: Drama
616,"Aristocats, The (1970)",Animation|Children's,"Movie title: Aristocats, The (1970). Genres: Animation|Children's"
617,"Flower of My Secret, The (La Flor de Mi Secreto) (1995)",Drama,"Movie title: Flower of My Secret, The (La Flor de Mi Secreto) (1995). Genres: Drama"
618,Two Much (1996),Comedy|Romance,Movie title: Two Much (1996). Genres: Comedy|Romance
619,Ed (1996),Comedy,Movie title: Ed (1996). Genres: Comedy
620,Scream of Stone (Schrei aus Stein) (1991),Drama,Movie title: Scream of Stone (Schrei aus Stein) (1991). Genres: Drama
621,My Favorite Season (1993),Drama,Movie title: My Favorite Season (1993). Genres: Drama
623,"Modern Affair, A (1995)",Romance,"Movie title: Modern Affair, A (1995). Genres: Romance"
624,Condition Red (1995),Action|Drama|Thriller,Movie title: Condition Red (1995). Genres: Action|Drama|Thriller
625,Asfour Stah (1990),Drama,Movie title: Asfour Stah (1990). Genres: Drama
626,"Thin Line Between Love and Hate, A (1996)",Comedy,"Movie title: Thin Line Between Love and Hate, A (1996). Genres: Comedy"
627,"Last Supper, The (1995)",Drama|Thriller,"Movie title: Last Supper, The (1995). Genres: Drama|Thriller"
628,Primal Fear (1996),Drama|Thriller,Movie title: Primal Fear (1996). Genres: Drama|Thriller
629,Rude (1995),Drama,Movie title: Rude (1995). Genres: Drama
630,Carried Away (1996),Drama|Romance,Movie title: Carried Away (1996). Genres: Drama|Romance
631,All Dogs Go to Heaven 2 (1996),Animation|Children's|Musical,Movie title: All Dogs Go to Heaven 2 (1996). Genres: Animation|Children's|Musical
632,Land and Freedom (Tierra y libertad) (1995),War,Movie title: Land and Freedom (Tierra y libertad) (1995). Genres: War
633,Denise Calls Up (1995),Comedy,Movie title: Denise Calls Up (1995). Genres: Comedy
634,Theodore Rex (1995),Comedy,Movie title: Theodore Rex (1995). Genres: Comedy
635,"Family Thing, A (1996)",Comedy|Drama,"Movie title: Family Thing, A (1996). Genres: Comedy|Drama"
636,Frisk (1995),Drama,Movie title: Frisk (1995). Genres: Drama
637,Sgt. Bilko (1996),Comedy,Movie title: Sgt. Bilko (1996). Genres: Comedy
638,Jack and Sarah (1995),Romance,Movie title: Jack and Sarah (1995). Genres: Romance
639,Girl 6 (1996),Comedy,Movie title: Girl 6 (1996). Genres: Comedy
640,Diabolique (1996),Drama|Thriller,Movie title: Diabolique (1996). Genres: Drama|Thriller
641,"Little Indian, Big City (Un indien dans la ville) (1994)",Comedy,"Movie title: Little Indian, Big City (Un indien dans la ville) (1994). Genres: Comedy"
642,Roula (1995),Drama,Movie title: Roula (1995). Genres: Drama
643,Peanuts - Die Bank zahlt alles (1996),Comedy,Movie title: Peanuts - Die Bank zahlt alles (1996). Genres: Comedy
644,Happy Weekend (1996),Comedy,Movie title: Happy Weekend (1996). Genres: Comedy
645,Nelly & Monsieur Arnaud (1995),Drama,Movie title: Nelly & Monsieur Arnaud (1995). Genres: Drama
647,Courage Under Fire (1996),Drama|War,Movie title: Courage Under Fire (1996). Genres: Drama|War
648,Mission: Impossible (1996),Action|Adventure|Mystery,Movie title: Mission: Impossible (1996). Genres: Action|Adventure|Mystery
649,Cold Fever (Á köldum klaka) (1994),Comedy|Drama,Movie title: Cold Fever (Á köldum klaka) (1994). Genres: Comedy|Drama
650,Moll Flanders (1996),Drama,Movie title: Moll Flanders (1996). Genres: Drama
651,"Superweib, Das (1996)",Comedy,"Movie title: Superweib, Das (1996). Genres: Comedy"
652,"301, 302 (1995)",Mystery,"Movie title: 301, 302 (1995). Genres: Mystery"
653,Dragonheart (1996),Action|Adventure|Fantasy,Movie title: Dragonheart (1996). Genres: Action|Adventure|Fantasy
654,Und keiner weint mir nach (1996),Drama|Romance,Movie title: Und keiner weint mir nach (1996). Genres: Drama|Romance
655,Mutters Courage (1995),Comedy,Movie title: Mutters Courage (1995). Genres: Comedy
656,Eddie (1996),Comedy,Movie title: Eddie (1996). Genres: Comedy
657,Yankee Zulu (1994),Comedy|Drama,Movie title: Yankee Zulu (1994). Genres: Comedy|Drama
658,Billy's Holiday (1995),Drama,Movie title: Billy's Holiday (1995). Genres: Drama
659,Purple Noon (1960),Crime|Thriller,Movie title: Purple Noon (1960). Genres: Crime|Thriller
660,August (1996),Drama,Movie title: August (1996). Genres: Drama
661,James and the Giant Peach (1996),Animation|Children's|Musical,Movie title: James and the Giant Peach (1996). Genres: Animation|Children's|Musical
662,Fear (1996),Thriller,Movie title: Fear (1996). Genres: Thriller
663,Kids in the Hall: Brain Candy (1996),Comedy,Movie title: Kids in the Hall: Brain Candy (1996). Genres: Comedy
664,Faithful (1996),Comedy,Movie title: Faithful (1996). Genres: Comedy
665,Underground (1995),War,Movie title: Underground (1995). Genres: War
666,All Things Fair (1996),Drama,Movie title: All Things Fair (1996). Genres: Drama
667,Bloodsport 2 (1995),Action,Movie title: Bloodsport 2 (1995). Genres: Action
668,Pather Panchali (1955),Drama,Movie title: Pather Panchali (1955). Genres: Drama
669,Aparajito (1956),Drama,Movie title: Aparajito (1956). Genres: Drama
670,"World of Apu, The (Apur Sansar) (1959)",Drama,"Movie title: World of Apu, The (Apur Sansar) (1959). Genres: Drama"
671,Mystery Science Theater 3000: The Movie (1996),Comedy|Sci-Fi,Movie title: Mystery Science Theater 3000: The Movie (1996). Genres: Comedy|Sci-Fi
672,Tarantella (1995),Drama,Movie title: Tarantella (1995). Genres: Drama
673,Space Jam (1996),Adventure|Animation|Children's|Comedy|Fantasy,Movie title: Space Jam (1996). Genres: Adventure|Animation|Children's|Comedy|Fantasy
674,Barbarella (1968),Adventure|Sci-Fi,Movie title: Barbarella (1968). Genres: Adventure|Sci-Fi
675,Hostile Intentions (1994),Action|Drama|Thriller,Movie title: Hostile Intentions (1994). Genres: Action|Drama|Thriller
676,They Bite (1996),Drama,Movie title: They Bite (1996). Genres: Drama
678,Some Folks Call It a Sling Blade (1993),Drama|Thriller,Movie title: Some Folks Call It a Sling Blade (1993). Genres: Drama|Thriller
679,"Run of the Country, The (1995)",Drama,"Movie title: Run of the Country, The (1995). Genres: Drama"
680,Alphaville (1965),Sci-Fi,Movie title: Alphaville (1965). Genres: Sci-Fi
681,Clean Slate (Coup de Torchon) (1981),Crime,Movie title: Clean Slate (Coup de Torchon) (1981). Genres: Crime
682,Tigrero: A Film That Was Never Made (1994),Documentary|Drama,Movie title: Tigrero: A Film That Was Never Made (1994). Genres: Documentary|Drama
683,"Eye of Vichy, The (Oeil de Vichy, L') (1993)",Documentary,"Movie title: Eye of Vichy, The (Oeil de Vichy, L') (1993). Genres: Documentary"
684,Windows (1980),Drama,Movie title: Windows (1980). Genres: Drama
685,It's My Party (1995),Drama,Movie title: It's My Party (1995). Genres: Drama
687,Country Life (1994),Drama|Romance,Movie title: Country Life (1994). Genres: Drama|Romance
688,Operation Dumbo Drop (1995),Action|Adventure|Comedy|War,Movie title: Operation Dumbo Drop (1995). Genres: Action|Adventure|Comedy|War
690,"Promise, The (Versprechen, Das) (1994)",Romance,"Movie title: Promise, The (Versprechen, Das) (1994). Genres: Romance"
691,Mrs. Winterbourne (1996),Comedy|Romance,Movie title: Mrs. Winterbourne (1996). Genres: Comedy|Romance
692,Solo (1996),Action|Sci-Fi|Thriller,Movie title: Solo (1996). Genres: Action|Sci-Fi|Thriller
693,Under the Domin Tree (Etz Hadomim Tafus) (1994),Drama,Movie title: Under the Domin Tree (Etz Hadomim Tafus) (1994). Genres: Drama
694,"Substitute, The (1996)",Action,"Movie title: Substitute, The (1996). Genres: Action"
695,True Crime (1995),Mystery|Thriller,Movie title: True Crime (1995). Genres: Mystery|Thriller
696,Butterfly Kiss (1995),Thriller,Movie title: Butterfly Kiss (1995). Genres: Thriller
697,Feeling Minnesota (1996),Drama|Romance,Movie title: Feeling Minnesota (1996). Genres: Drama|Romance
698,Delta of Venus (1994),Drama,Movie title: Delta of Venus (1994). Genres: Drama
699,To Cross the Rubicon (1991),Drama,Movie title: To Cross the Rubicon (1991). Genres: Drama
700,Angus (1995),Comedy,Movie title: Angus (1995). Genres: Comedy
701,Daens (1992),Drama,Movie title: Daens (1992). Genres: Drama
702,Faces (1968),Drama,Movie title: Faces (1968). Genres: Drama
703,Boys (1996),Drama,Movie title: Boys (1996). Genres: Drama
704,"Quest, The (1996)",Action|Adventure,"Movie title: Quest, The (1996). Genres: Action|Adventure"
705,Cosi (1996),Comedy,Movie title: Cosi (1996). Genres: Comedy
706,Sunset Park (1996),Drama,Movie title: Sunset Park (1996). Genres: Drama
707,Mulholland Falls (1996),Crime|Film-Noir|Thriller,Movie title: Mulholland Falls (1996). Genres: Crime|Film-Noir|Thriller
708,"Truth About Cats & Dogs, The (1996)",Comedy|Romance,"Movie title: Truth About Cats & Dogs, The (1996). Genres: Comedy|Romance"
709,Oliver & Company (1988),Animation|Children's,Movie title: Oliver & Company (1988). Genres: Animation|Children's
710,Celtic Pride (1996),Comedy,Movie title: Celtic Pride (1996). Genres: Comedy
711,Flipper (1996),Adventure|Children's,Movie title: Flipper (1996). Genres: Adventure|Children's
712,Captives (1994),Drama,Movie title: Captives (1994). Genres: Drama
713,Of Love and Shadows (1994),Drama,Movie title: Of Love and Shadows (1994). Genres: Drama
714,Dead Man (1995),Western,Movie title: Dead Man (1995). Genres: Western
715,"Horseman on the Roof, The (Hussard sur le toit, Le) (1995)",Drama,"Movie title: Horseman on the Roof, The (Hussard sur le toit, Le) (1995). Genres: Drama"
716,Switchblade Sisters (1975),Crime,Movie title: Switchblade Sisters (1975). Genres: Crime
717,Mouth to Mouth (Boca a boca) (1995),Comedy,Movie title: Mouth to Mouth (Boca a boca) (1995). Genres: Comedy
718,"Visitors, The (Les Visiteurs) (1993)",Comedy|Sci-Fi,"Movie title: Visitors, The (Les Visiteurs) (1993). Genres: Comedy|Sci-Fi"
719,Multiplicity (1996),Comedy,Movie title: Multiplicity (1996). Genres: Comedy
720,Wallace & Gromit: The Best of Aardman Animation (1996),Animation,Movie title: Wallace & Gromit: The Best of Aardman Animation (1996). Genres: Animation
721,Halfmoon (Paul Bowles - Halbmond) (1995),Drama,Movie title: Halfmoon (Paul Bowles - Halbmond) (1995). Genres: Drama
722,"Haunted World of Edward D. Wood Jr., The (1995)",Documentary,"Movie title: Haunted World of Edward D. Wood Jr., The (1995). Genres: Documentary"
723,Two Friends (1986),Drama,Movie title: Two Friends (1986). Genres: Drama
724,"Craft, The (1996)",Drama|Horror,"Movie title: Craft, The (1996). Genres: Drama|Horror"
725,"Great White Hype, The (1996)",Comedy,"Movie title: Great White Hype, The (1996). Genres: Comedy"
726,Last Dance (1996),Drama,Movie title: Last Dance (1996). Genres: Drama
727,War Stories (1995),Documentary,Movie title: War Stories (1995). Genres: Documentary
728,Cold Comfort Farm (1995),Comedy,Movie title: Cold Comfort Farm (1995). Genres: Comedy
729,"Institute Benjamenta, or This Dream People Call Human Life (1995)",Drama,"Movie title: Institute Benjamenta, or This Dream People Call Human Life (1995). Genres: Drama"
730,"Low Life, The (1994)",Drama,"Movie title: Low Life, The (1994). Genres: Drama"
731,Heaven's Prisoners (1996),Mystery|Thriller,Movie title: Heaven's Prisoners (1996). Genres: Mystery|Thriller
732,Original Gangstas (1996),Crime,Movie title: Original Gangstas (1996). Genres: Crime
733,"Rock, The (1996)",Action|Adventure|Thriller,"Movie title: Rock, The (1996). Genres: Action|Adventure|Thriller"
734,Getting Away With Murder (1996),Comedy,Movie title: Getting Away With Murder (1996). Genres: Comedy
735,Cemetery Man (Dellamorte Dellamore) (1994),Comedy|Horror,Movie title: Cemetery Man (Dellamorte Dellamore) (1994). Genres: Comedy|Horror
736,Twister (1996),Action|Adventure|Romance|Thriller,Movie title: Twister (1996). Genres: Action|Adventure|Romance|Thriller
737,Barb Wire (1996),Action|Sci-Fi,Movie title: Barb Wire (1996). Genres: Action|Sci-Fi
738,"Garcu, Le (1995)",Drama,"Movie title: Garcu, Le (1995). Genres: Drama"
739,Honigmond (1996),Comedy,Movie title: Honigmond (1996). Genres: Comedy
741,Ghost in the Shell (Kokaku kidotai) (1995),Animation|Sci-Fi,Movie title: Ghost in the Shell (Kokaku kidotai) (1995). Genres: Animation|Sci-Fi
742,Thinner (1996),Horror|Thriller,Movie title: Thinner (1996). Genres: Horror|Thriller
743,Spy Hard (1996),Comedy,Movie title: Spy Hard (1996). Genres: Comedy
744,Brothers in Trouble (1995),Drama,Movie title: Brothers in Trouble (1995). Genres: Drama
745,"Close Shave, A (1995)",Animation|Comedy|Thriller,"Movie title: Close Shave, A (1995). Genres: Animation|Comedy|Thriller"
746,Force of Evil (1948),Film-Noir,Movie title: Force of Evil (1948). Genres: Film-Noir
747,"Stupids, The (1996)",Comedy,"Movie title: Stupids, The (1996). Genres: Comedy"
748,"Arrival, The (1996)",Action|Sci-Fi|Thriller,"Movie title: Arrival, The (1996). Genres: Action|Sci-Fi|Thriller"
749,"Man from Down Under, The (1943)",Drama,"Movie title: Man from Down Under, The (1943). Genres: Drama"
750,Dr. Strangelove or: How I Learned to Stop Worrying and Love the Bomb (1963),Sci-Fi|War,Movie title: Dr. Strangelove or: How I Learned to Stop Worrying and Love the Bomb (1963). Genres: Sci-Fi|War
751,Careful (1992),Comedy,Movie title: Careful (1992). Genres: Comedy
752,Vermont Is For Lovers (1992),Comedy|Romance,Movie title: Vermont Is For Lovers (1992). Genres: Comedy|Romance
753,"Month by the Lake, A (1995)",Comedy|Drama,"Movie title: Month by the Lake, A (1995). Genres: Comedy|Drama"
754,Gold Diggers: The Secret of Bear Mountain (1995),Adventure|Children's,Movie title: Gold Diggers: The Secret of Bear Mountain (1995). Genres: Adventure|Children's
755,Kim (1950),Children's|Drama,Movie title: Kim (1950). Genres: Children's|Drama
756,Carmen Miranda: Bananas Is My Business (1994),Documentary,Movie title: Carmen Miranda: Bananas Is My Business (1994). Genres: Documentary
757,Ashes of Time (1994),Drama,Movie title: Ashes of Time (1994). Genres: Drama
758,"Jar, The (Khomreh) (1992)",Drama,"Movie title: Jar, The (Khomreh) (1992). Genres: Drama"
759,Maya Lin: A Strong Clear Vision (1994),Documentary,Movie title: Maya Lin: A Strong Clear Vision (1994). Genres: Documentary
760,Stalingrad (1993),War,Movie title: Stalingrad (1993). Genres: War
761,"Phantom, The (1996)",Adventure,"Movie title: Phantom, The (1996). Genres: Adventure"
762,Striptease (1996),Comedy|Crime,Movie title: Striptease (1996). Genres: Comedy|Crime
763,"Last of the High Kings, The (a.k.a. Summer Fling) (1996)",Drama,"Movie title: Last of the High Kings, The (a.k.a. Summer Fling) (1996). Genres: Drama"
764,Heavy (1995),Drama|Romance,Movie title: Heavy (1995). Genres: Drama|Romance
765,Jack (1996),Comedy|Drama,Movie title: Jack (1996). Genres: Comedy|Drama
766,I Shot Andy Warhol (1996),Drama,Movie title: I Shot Andy Warhol (1996). Genres: Drama
767,"Grass Harp, The (1995)",Drama,"Movie title: Grass Harp, The (1995). Genres: Drama"
768,Someone Else's America (1995),Drama,Movie title: Someone Else's America (1995). Genres: Drama
769,Marlene Dietrich: Shadow and Light (1996),Documentary,Movie title: Marlene Dietrich: Shadow and Light (1996). Genres: Documentary
770,Costa Brava (1946),Drama,Movie title: Costa Brava (1946). Genres: Drama
771,"Vie est belle, La (Life is Rosey) (1987)",Comedy|Drama,"Movie title: Vie est belle, La (Life is Rosey) (1987). Genres: Comedy|Drama"
772,Quartier Mozart (1992),Comedy,Movie title: Quartier Mozart (1992). Genres: Comedy
773,Touki Bouki (Journey of the Hyena) (1973),Drama,Movie title: Touki Bouki (Journey of the Hyena) (1973). Genres: Drama
774,Wend Kuuni (God's Gift) (1982),Drama,Movie title: Wend Kuuni (God's Gift) (1982). Genres: Drama
775,Spirits of the Dead (Tre Passi nel Delirio) (1968),Horror,Movie title: Spirits of the Dead (Tre Passi nel Delirio) (1968). Genres: Horror
776,Babyfever (1994),Comedy|Drama,Movie title: Babyfever (1994). Genres: Comedy|Drama
777,Pharaoh's Army (1995),War,Movie title: Pharaoh's Army (1995). Genres: War
778,Trainspotting (1996),Drama,Movie title: Trainspotting (1996). Genres: Drama
779,'Til There Was You (1997),Drama|Romance,Movie title: 'Til There Was You (1997). Genres: Drama|Romance
780,Independence Day (ID4) (1996),Action|Sci-Fi|War,Movie title: Independence Day (ID4) (1996). Genres: Action|Sci-Fi|War
781,Stealing Beauty (1996),Drama,Movie title: Stealing Beauty (1996). Genres: Drama
782,"Fan, The (1996)",Thriller,"Movie title: Fan, The (1996). Genres: Thriller"
783,"Hunchback of Notre Dame, The (1996)",Animation|Children's|Musical,"Movie title: Hunchback of Notre Dame, The (1996). Genres: Animation|Children's|Musical"
784,"Cable Guy, The (1996)",Comedy,"Movie title: Cable Guy, The (1996). Genres: Comedy"
785,Kingpin (1996),Comedy,Movie title: Kingpin (1996). Genres: Comedy
786,Eraser (1996),Action|Thriller,Movie title: Eraser (1996). Genres: Action|Thriller
787,"Gate of Heavenly Peace, The (1995)",Documentary,"Movie title: Gate of Heavenly Peace, The (1995). Genres: Documentary"
788,"Nutty Professor, The (1996)",Comedy|Fantasy|Romance|Sci-Fi,"Movie title: Nutty Professor, The (1996). Genres: Comedy|Fantasy|Romance|Sci-Fi"
789,"I, Worst of All (Yo, la peor de todas) (1990)",Drama,"Movie title: I, Worst of All (Yo, la peor de todas) (1990). Genres: Drama"
790,An Unforgettable Summer (1994),Drama,Movie title: An Unforgettable Summer (1994). Genres: Drama
791,"Last Klezmer: Leopold Kozlowski, His Life and Music, The (1995)",Documentary,"Movie title: Last Klezmer: Leopold Kozlowski, His Life and Music, The (1995). Genres: Documentary"
792,"Hungarian Fairy Tale, A (1987)",Fantasy,"Movie title: Hungarian Fairy Tale, A (1987). Genres: Fantasy"
793,My Life and Times With Antonin Artaud (En compagnie d'Antonin Artaud) (1993),Drama,Movie title: My Life and Times With Antonin Artaud (En compagnie d'Antonin Artaud) (1993). Genres: Drama
794,Midnight Dancers (Sibak) (1994),Comedy|Drama,Movie title: Midnight Dancers (Sibak) (1994). Genres: Comedy|Drama
795,Somebody to Love (1994),Drama,Movie title: Somebody to Love (1994). Genres: Drama
796,"Very Natural Thing, A (1974)",Drama,"Movie title: Very Natural Thing, A (1974). Genres: Drama"
797,"Old Lady Who Walked in the Sea, The (Vieille qui marchait dans la mer, La) (1991)",Comedy,"Movie title: Old Lady Who Walked in the Sea, The (Vieille qui marchait dans la mer, La) (1991). Genres: Comedy"
798,Daylight (1996),Action|Adventure|Thriller,Movie title: Daylight (1996). Genres: Action|Adventure|Thriller
799,"Frighteners, The (1996)",Comedy|Horror,"Movie title: Frighteners, The (1996). Genres: Comedy|Horror"
800,Lone Star (1996),Drama|Mystery,Movie title: Lone Star (1996). Genres: Drama|Mystery
801,Harriet the Spy (1996),Children's|Comedy,Movie title: Harriet the Spy (1996). Genres: Children's|Comedy
802,Phenomenon (1996),Drama|Romance,Movie title: Phenomenon (1996). Genres: Drama|Romance
803,Walking and Talking (1996),Romance,Movie title: Walking and Talking (1996). Genres: Romance
804,She's the One (1996),Comedy|Romance,Movie title: She's the One (1996). Genres: Comedy|Romance
805,"Time to Kill, A (1996)",Drama,"Movie title: Time to Kill, A (1996). Genres: Drama"
806,American Buffalo (1996),Drama,Movie title: American Buffalo (1996). Genres: Drama
807,"Rendezvous in Paris (Rendez-vous de Paris, Les) (1995)",Comedy|Romance,"Movie title: Rendezvous in Paris (Rendez-vous de Paris, Les) (1995). Genres: Comedy|Romance"
808,Alaska (1996),Adventure|Children's,Movie title: Alaska (1996). Genres: Adventure|Children's
809,Fled (1996),Action|Adventure,Movie title: Fled (1996). Genres: Action|Adventure
810,Kazaam (1996),Children's|Comedy|Fantasy,Movie title: Kazaam (1996). Genres: Children's|Comedy|Fantasy
811,"Bewegte Mann, Der (1994)",Comedy,"Movie title: Bewegte Mann, Der (1994). Genres: Comedy"
812,Magic Hunter (1994),Drama,Movie title: Magic Hunter (1994). Genres: Drama
813,Larger Than Life (1996),Comedy,Movie title: Larger Than Life (1996). Genres: Comedy
814,"Boy Called Hate, A (1995)",Drama,"Movie title: Boy Called Hate, A (1995). Genres: Drama"
815,Power 98 (1995),Action|Mystery|Thriller,Movie title: Power 98 (1995). Genres: Action|Mystery|Thriller
816,Two Deaths (1995),Drama,Movie title: Two Deaths (1995). Genres: Drama
818,"Very Brady Sequel, A (1996)",Comedy,"Movie title: Very Brady Sequel, A (1996). Genres: Comedy"
819,Stefano Quantestorie (1993),Comedy|Drama,Movie title: Stefano Quantestorie (1993). Genres: Comedy|Drama
820,"Death in the Garden (Mort en ce jardin, La) (1956)",Drama,"Movie title: Death in the Garden (Mort en ce jardin, La) (1956). Genres: Drama"
821,"Crude Oasis, The (1995)",Romance,"Movie title: Crude Oasis, The (1995). Genres: Romance"
822,Hedd Wyn (1992),Drama,Movie title: Hedd Wyn (1992). Genres: Drama
823,"Collectionneuse, La (1967)",Drama,"Movie title: Collectionneuse, La (1967). Genres: Drama"
824,Kaspar Hauser (1993),Drama,Movie title: Kaspar Hauser (1993). Genres: Drama
825,Echte Kerle (1996),Comedy|Romance,Movie title: Echte Kerle (1996). Genres: Comedy|Romance
826,Diebinnen (1995),Drama,Movie title: Diebinnen (1995). Genres: Drama
827,"Convent, The (Convento, O) (1995)",Drama,"Movie title: Convent, The (Convento, O) (1995). Genres: Drama"
828,"Adventures of Pinocchio, The (1996)",Adventure|Children's,"Movie title: Adventures of Pinocchio, The (1996). Genres: Adventure|Children's"
829,Joe's Apartment (1996),Comedy|Musical,Movie title: Joe's Apartment (1996). Genres: Comedy|Musical
830,"First Wives Club, The (1996)",Comedy,"Movie title: First Wives Club, The (1996). Genres: Comedy"
831,Stonewall (1995),Drama,Movie title: Stonewall (1995). Genres: Drama
832,Ransom (1996),Drama|Thriller,Movie title: Ransom (1996). Genres: Drama|Thriller
833,High School High (1996),Comedy,Movie title: High School High (1996). Genres: Comedy
834,Phat Beach (1996),Comedy,Movie title: Phat Beach (1996). Genres: Comedy
835,Foxfire (1996),Drama,Movie title: Foxfire (1996). Genres: Drama
836,Chain Reaction (1996),Action|Adventure|Thriller,Movie title: Chain Reaction (1996). Genres: Action|Adventure|Thriller
837,Matilda (1996),Children's|Comedy,Movie title: Matilda (1996). Genres: Children's|Comedy
838,Emma (1996),Comedy|Drama|Romance,Movie title: Emma (1996). Genres: Comedy|Drama|Romance
839,"Crow: City of Angels, The (1996)",Action|Thriller,"Movie title: Crow: City of Angels, The (1996). Genres: Action|Thriller"
840,House Arrest (1996),Comedy,Movie title: House Arrest (1996). Genres: Comedy
841,Eyes Without a Face (1959),Horror,Movie title: Eyes Without a Face (1959). Genres: Horror
842,Tales from the Crypt Presents: Bordello of Blood (1996),Horror,Movie title: Tales from the Crypt Presents: Bordello of Blood (1996). Genres: Horror
843,Lotto Land (1995),Drama,Movie title: Lotto Land (1995). Genres: Drama
844,"Story of Xinghua, The (1993)",Drama,"Movie title: Story of Xinghua, The (1993). Genres: Drama"
845,"Day the Sun Turned Cold, The (Tianguo niezi) (1994)",Drama,"Movie title: Day the Sun Turned Cold, The (Tianguo niezi) (1994). Genres: Drama"
846,Flirt (1995),Drama,Movie title: Flirt (1995). Genres: Drama
847,"Big Squeeze, The (1996)",Comedy|Drama,"Movie title: Big Squeeze, The (1996). Genres: Comedy|Drama"
848,"Spitfire Grill, The (1996)",Drama,"Movie title: Spitfire Grill, The (1996). Genres: Drama"
849,Escape from L.A. (1996),Action|Adventure|Sci-Fi|Thriller,Movie title: Escape from L.A. (1996). Genres: Action|Adventure|Sci-Fi|Thriller
850,Cyclo (1995),Crime|Drama,Movie title: Cyclo (1995). Genres: Crime|Drama
851,Basquiat (1996),Drama,Movie title: Basquiat (1996). Genres: Drama
852,Tin Cup (1996),Comedy|Romance,Movie title: Tin Cup (1996). Genres: Comedy|Romance
853,Dingo (1992),Drama,Movie title: Dingo (1992). Genres: Drama
854,"Ballad of Narayama, The (Narayama Bushiko) (1958)",Drama,"Movie title: Ballad of Narayama, The (Narayama Bushiko) (1958). Genres: Drama"
855,Every Other Weekend (1990),Drama,Movie title: Every Other Weekend (1990). Genres: Drama
856,Mille bolle blu (1993),Comedy,Movie title: Mille bolle blu (1993). Genres: Comedy
857,Crows and Sparrows (1949),Drama,Movie title: Crows and Sparrows (1949). Genres: Drama
858,"Godfather, The (1972)",Action|Crime|Drama,"Movie title: Godfather, The (1972). Genres: Action|Crime|Drama"
859,"Hippie Revolution, The (1996)",Documentary,"Movie title: Hippie Revolution, The (1996). Genres: Documentary"
860,"Maybe, Maybe Not (Bewegte Mann, Der) (1994)",Comedy,"Movie title: Maybe, Maybe Not (Bewegte Mann, Der) (1994). Genres: Comedy"
861,Supercop (1992),Action|Thriller,Movie title: Supercop (1992). Genres: Action|Thriller
862,Manny & Lo (1996),Drama,Movie title: Manny & Lo (1996). Genres: Drama
863,Celestial Clockwork (1994),Comedy,Movie title: Celestial Clockwork (1994). Genres: Comedy
864,"Wife, The (1995)",Comedy|Drama,"Movie title: Wife, The (1995). Genres: Comedy|Drama"
865,Small Faces (1995),Drama,Movie title: Small Faces (1995). Genres: Drama
866,Bound (1996),Crime|Drama|Romance|Thriller,Movie title: Bound (1996). Genres: Crime|Drama|Romance|Thriller
867,Carpool (1996),Comedy|Crime,Movie title: Carpool (1996). Genres: Comedy|Crime
868,Death in Brunswick (1991),Comedy,Movie title: Death in Brunswick (1991). Genres: Comedy
869,Kansas City (1996),Crime,Movie title: Kansas City (1996). Genres: Crime
870,Gone Fishin' (1997),Comedy,Movie title: Gone Fishin' (1997). Genres: Comedy
871,Lover's Knot (1996),Comedy,Movie title: Lover's Knot (1996). Genres: Comedy
872,Aiqing wansui (1994),Drama,Movie title: Aiqing wansui (1994). Genres: Drama
873,Shadow of Angels (Schatten der Engel) (1976),Drama,Movie title: Shadow of Angels (Schatten der Engel) (1976). Genres: Drama
874,Killer: A Journal of Murder (1995),Crime|Drama,Movie title: Killer: A Journal of Murder (1995). Genres: Crime|Drama
875,Nothing to Lose (1994),Drama,Movie title: Nothing to Lose (1994). Genres: Drama
876,Police Story 4: Project S (Chao ji ji hua) (1993),Action,Movie title: Police Story 4: Project S (Chao ji ji hua) (1993). Genres: Action
877,Girls Town (1996),Drama,Movie title: Girls Town (1996). Genres: Drama
878,Bye-Bye (1995),Drama,Movie title: Bye-Bye (1995). Genres: Drama
879,"Relic, The (1997)",Horror,"Movie title: Relic, The (1997). Genres: Horror"
880,"Island of Dr. Moreau, The (1996)",Sci-Fi|Thriller,"Movie title: Island of Dr. Moreau, The (1996). Genres: Sci-Fi|Thriller"
881,First Kid (1996),Children's|Comedy,Movie title: First Kid (1996). Genres: Children's|Comedy
882,"Trigger Effect, The (1996)",Drama|Thriller,"Movie title: Trigger Effect, The (1996). Genres: Drama|Thriller"
884,Sweet Nothing (1995),Drama,Movie title: Sweet Nothing (1995). Genres: Drama
885,Bogus (1996),Children's|Drama|Fantasy,Movie title: Bogus (1996). Genres: Children's|Drama|Fantasy
886,Bulletproof (1996),Action,Movie title: Bulletproof (1996). Genres: Action
887,Talk of Angels (1998),Drama,Movie title: Talk of Angels (1998). Genres: Drama
888,Land Before Time III: The Time of the Great Giving (1995),Animation|Children's,Movie title: Land Before Time III: The Time of the Great Giving (1995). Genres: Animation|Children's
889,1-900 (1994),Romance,Movie title: 1-900 (1994). Genres: Romance
890,Baton Rouge (1988),Thriller,Movie title: Baton Rouge (1988). Genres: Thriller
891,Halloween: The Curse of Michael Myers (1995),Horror|Thriller,Movie title: Halloween: The Curse of Michael Myers (1995). Genres: Horror|Thriller
892,Twelfth Night (1996),Comedy|Drama|Romance,Movie title: Twelfth Night (1996). Genres: Comedy|Drama|Romance
893,Mother Night (1996),Drama,Movie title: Mother Night (1996). Genres: Drama
894,Liebelei (1933),Romance,Movie title: Liebelei (1933). Genres: Romance
895,Venice/Venice (1992),Drama,Movie title: Venice/Venice (1992). Genres: Drama
896,Wild Reeds (1994),Drama,Movie title: Wild Reeds (1994). Genres: Drama
897,For Whom the Bell Tolls (1943),Adventure|War,Movie title: For Whom the Bell Tolls (1943). Genres: Adventure|War
898,"Philadelphia Story, The (1940)",Comedy|Romance,"Movie title: Philadelphia Story, The (1940). Genres: Comedy|Romance"
899,Singin' in the Rain (1952),Musical|Romance,Movie title: Singin' in the Rain (1952). Genres: Musical|Romance
900,"American in Paris, An (1951)",Musical|Romance,"Movie title: American in Paris, An (1951). Genres: Musical|Romance"
901,Funny Face (1957),Comedy|Musical,Movie title: Funny Face (1957). Genres: Comedy|Musical
902,Breakfast at Tiffany's (1961),Drama|Romance,Movie title: Breakfast at Tiffany's (1961). Genres: Drama|Romance
903,Vertigo (1958),Mystery|Thriller,Movie title: Vertigo (1958). Genres: Mystery|Thriller
904,Rear Window (1954),Mystery|Thriller,Movie title: Rear Window (1954). Genres: Mystery|Thriller
905,It Happened One Night (1934),Comedy,Movie title: It Happened One Night (1934). Genres: Comedy
906,Gaslight (1944),Mystery|Thriller,Movie title: Gaslight (1944). Genres: Mystery|Thriller
907,"Gay Divorcee, The (1934)",Comedy|Musical|Romance,"Movie title: Gay Divorcee, The (1934). Genres: Comedy|Musical|Romance"
908,North by Northwest (1959),Drama|Thriller,Movie title: North by Northwest (1959). Genres: Drama|Thriller
909,"Apartment, The (1960)",Comedy|Drama,"Movie title: Apartment, The (1960). Genres: Comedy|Drama"
910,Some Like It Hot (1959),Comedy|Crime,Movie title: Some Like It Hot (1959). Genres: Comedy|Crime
911,Charade (1963),Comedy|Mystery|Romance|Thriller,Movie title: Charade (1963). Genres: Comedy|Mystery|Romance|Thriller
912,Casablanca (1942),Drama|Romance|War,Movie title: Casablanca (1942). Genres: Drama|Romance|War
913,"Maltese Falcon, The (1941)",Film-Noir|Mystery,"Movie title: Maltese Falcon, The (1941). Genres: Film-Noir|Mystery"
914,My Fair Lady (1964),Musical|Romance,Movie title: My Fair Lady (1964). Genres: Musical|Romance
915,Sabrina (1954),Comedy|Romance,Movie title: Sabrina (1954). Genres: Comedy|Romance
916,Roman Holiday (1953),Comedy|Romance,Movie title: Roman Holiday (1953). Genres: Comedy|Romance
917,"Little Princess, The (1939)",Children's|Drama,"Movie title: Little Princess, The (1939). Genres: Children's|Drama"
918,Meet Me in St. Louis (1944),Musical,Movie title: Meet Me in St. Louis (1944). Genres: Musical
919,"Wizard of Oz, The (1939)",Adventure|Children's|Drama|Musical,"Movie title: Wizard of Oz, The (1939). Genres: Adventure|Children's|Drama|Musical"
920,Gone with the Wind (1939),Drama|Romance|War,Movie title: Gone with the Wind (1939). Genres: Drama|Romance|War
921,My Favorite Year (1982),Comedy,Movie title: My Favorite Year (1982). Genres: Comedy
922,Sunset Blvd. (a.k.a. Sunset Boulevard) (1950),Film-Noir,Movie title: Sunset Blvd. (a.k.a. Sunset Boulevard) (1950). Genres: Film-Noir
923,Citizen Kane (1941),Drama,Movie title: Citizen Kane (1941). Genres: Drama
924,2001: A Space Odyssey (1968),Drama|Mystery|Sci-Fi|Thriller,Movie title: 2001: A Space Odyssey (1968). Genres: Drama|Mystery|Sci-Fi|Thriller
925,Golden Earrings (1947),Adventure|Romance,Movie title: Golden Earrings (1947). Genres: Adventure|Romance
926,All About Eve (1950),Drama,Movie title: All About Eve (1950). Genres: Drama
927,"Women, The (1939)",Comedy,"Movie title: Women, The (1939). Genres: Comedy"
928,Rebecca (1940),Romance|Thriller,Movie title: Rebecca (1940). Genres: Romance|Thriller
929,Foreign Correspondent (1940),Thriller,Movie title: Foreign Correspondent (1940). Genres: Thriller
930,Notorious (1946),Film-Noir|Romance|Thriller,Movie title: Notorious (1946). Genres: Film-Noir|Romance|Thriller
931,Spellbound (1945),Mystery|Romance|Thriller,Movie title: Spellbound (1945). Genres: Mystery|Romance|Thriller
932,"Affair to Remember, An (1957)",Romance,"Movie title: Affair to Remember, An (1957). Genres: Romance"
933,To Catch a Thief (1955),Comedy|Romance|Thriller,Movie title: To Catch a Thief (1955). Genres: Comedy|Romance|Thriller
934,Father of the Bride (1950),Comedy,Movie title: Father of the Bride (1950). Genres: Comedy
935,"Band Wagon, The (1953)",Comedy|Musical,"Movie title: Band Wagon, The (1953). Genres: Comedy|Musical"
936,Ninotchka (1939),Comedy|Romance,Movie title: Ninotchka (1939). Genres: Comedy|Romance
937,Love in the Afternoon (1957),Comedy|Romance,Movie title: Love in the Afternoon (1957). Genres: Comedy|Romance
938,Gigi (1958),Musical,Movie title: Gigi (1958). Genres: Musical
939,"Reluctant Debutante, The (1958)",Comedy|Drama,"Movie title: Reluctant Debutante, The (1958). Genres: Comedy|Drama"
940,"Adventures of Robin Hood, The (1938)",Action|Adventure,"Movie title: Adventures of Robin Hood, The (1938). Genres: Action|Adventure"
941,"Mark of Zorro, The (1940)",Adventure,"Movie title: Mark of Zorro, The (1940). Genres: Adventure"
942,Laura (1944),Crime|Film-Noir|Mystery,Movie title: Laura (1944). Genres: Crime|Film-Noir|Mystery
943,"Ghost and Mrs. Muir, The (1947)",Drama|Romance,"Movie title: Ghost and Mrs. Muir, The (1947). Genres: Drama|Romance"
944,Lost Horizon (1937),Drama,Movie title: Lost Horizon (1937). Genres: Drama
945,Top Hat (1935),Comedy|Musical|Romance,Movie title: Top Hat (1935). Genres: Comedy|Musical|Romance
946,To Be or Not to Be (1942),Comedy|Drama|War,Movie title: To Be or Not to Be (1942). Genres: Comedy|Drama|War
947,My Man Godfrey (1936),Comedy,Movie title: My Man Godfrey (1936). Genres: Comedy
948,Giant (1956),Drama,Movie title: Giant (1956). Genres: Drama
949,East of Eden (1955),Drama,Movie title: East of Eden (1955). Genres: Drama
950,"Thin Man, The (1934)",Mystery,"Movie title: Thin Man, The (1934). Genres: Mystery"
951,His Girl Friday (1940),Comedy,Movie title: His Girl Friday (1940). Genres: Comedy
952,Around the World in 80 Days (1956),Adventure|Comedy,Movie title: Around the World in 80 Days (1956). Genres: Adventure|Comedy
953,It's a Wonderful Life (1946),Drama,Movie title: It's a Wonderful Life (1946). Genres: Drama
954,Mr. Smith Goes to Washington (1939),Drama,Movie title: Mr. Smith Goes to Washington (1939). Genres: Drama
955,Bringing Up Baby (1938),Comedy,Movie title: Bringing Up Baby (1938). Genres: Comedy
956,Penny Serenade (1941),Drama|Romance,Movie title: Penny Serenade (1941). Genres: Drama|Romance
957,"Scarlet Letter, The (1926)",Drama,"Movie title: Scarlet Letter, The (1926). Genres: Drama"
958,Lady of Burlesque (1943),Comedy|Mystery,Movie title: Lady of Burlesque (1943). Genres: Comedy|Mystery
959,Of Human Bondage (1934),Drama,Movie title: Of Human Bondage (1934). Genres: Drama
960,Angel on My Shoulder (1946),Crime|Drama,Movie title: Angel on My Shoulder (1946). Genres: Crime|Drama
961,Little Lord Fauntleroy (1936),Drama,Movie title: Little Lord Fauntleroy (1936). Genres: Drama
962,They Made Me a Criminal (1939),Crime|Drama,Movie title: They Made Me a Criminal (1939). Genres: Crime|Drama
963,"Inspector General, The (1949)",Musical,"Movie title: Inspector General, The (1949). Genres: Musical"
964,Angel and the Badman (1947),Western,Movie title: Angel and the Badman (1947). Genres: Western
965,"39 Steps, The (1935)",Thriller,"Movie title: 39 Steps, The (1935). Genres: Thriller"
966,"Walk in the Sun, A (1945)",Drama,"Movie title: Walk in the Sun, A (1945). Genres: Drama"
967,"Outlaw, The (1943)",Western,"Movie title: Outlaw, The (1943). Genres: Western"
968,Night of the Living Dead (1968),Horror|Sci-Fi,Movie title: Night of the Living Dead (1968). Genres: Horror|Sci-Fi
969,"African Queen, The (1951)",Action|Adventure|Romance|War,"Movie title: African Queen, The (1951). Genres: Action|Adventure|Romance|War"
970,Beat the Devil (1954),Comedy|Drama,Movie title: Beat the Devil (1954). Genres: Comedy|Drama
971,Cat on a Hot Tin Roof (1958),Drama,Movie title: Cat on a Hot Tin Roof (1958). Genres: Drama
972,"Last Time I Saw Paris, The (1954)",Drama,"Movie title: Last Time I Saw Paris, The (1954). Genres: Drama"
973,Meet John Doe (1941),Drama,Movie title: Meet John Doe (1941). Genres: Drama
974,Algiers (1938),Drama|Romance,Movie title: Algiers (1938). Genres: Drama|Romance
975,Something to Sing About (1937),Comedy|Musical,Movie title: Something to Sing About (1937). Genres: Comedy|Musical
976,"Farewell to Arms, A (1932)",Romance|War,"Movie title: Farewell to Arms, A (1932). Genres: Romance|War"
977,Moonlight Murder (1936),Mystery,Movie title: Moonlight Murder (1936). Genres: Mystery
978,"Blue Angel, The (Blaue Engel, Der) (1930)",Drama,"Movie title: Blue Angel, The (Blaue Engel, Der) (1930). Genres: Drama"
979,Nothing Personal (1995),Drama|War,Movie title: Nothing Personal (1995). Genres: Drama|War
980,In the Line of Duty 2 (1987),Action,Movie title: In the Line of Duty 2 (1987). Genres: Action
981,Dangerous Ground (1997),Drama,Movie title: Dangerous Ground (1997). Genres: Drama
982,Picnic (1955),Drama,Movie title: Picnic (1955). Genres: Drama
983,Madagascar Skin (1995),Romance,Movie title: Madagascar Skin (1995). Genres: Romance
984,"Pompatus of Love, The (1996)",Comedy|Drama,"Movie title: Pompatus of Love, The (1996). Genres: Comedy|Drama"
985,Small Wonders (1996),Documentary,Movie title: Small Wonders (1996). Genres: Documentary
986,Fly Away Home (1996),Adventure|Children's,Movie title: Fly Away Home (1996). Genres: Adventure|Children's
987,Bliss (1997),Drama|Romance,Movie title: Bliss (1997). Genres: Drama|Romance
988,Grace of My Heart (1996),Comedy|Drama,Movie title: Grace of My Heart (1996). Genres: Comedy|Drama
989,Schlafes Bruder (Brother of Sleep) (1995),Drama,Movie title: Schlafes Bruder (Brother of Sleep) (1995). Genres: Drama
990,Maximum Risk (1996),Action|Adventure|Thriller,Movie title: Maximum Risk (1996). Genres: Action|Adventure|Thriller
991,Michael Collins (1996),Drama|War,Movie title: Michael Collins (1996). Genres: Drama|War
992,"Rich Man's Wife, The (1996)",Thriller,"Movie title: Rich Man's Wife, The (1996). Genres: Thriller"
993,Infinity (1996),Drama,Movie title: Infinity (1996). Genres: Drama
994,Big Night (1996),Drama,Movie title: Big Night (1996). Genres: Drama
996,Last Man Standing (1996),Action|Drama|Western,Movie title: Last Man Standing (1996). Genres: Action|Drama|Western
997,Caught (1996),Drama|Thriller,Movie title: Caught (1996). Genres: Drama|Thriller
998,Set It Off (1996),Action|Crime,Movie title: Set It Off (1996). Genres: Action|Crime
999,2 Days in the Valley (1996),Crime,Movie title: 2 Days in the Valley (1996). Genres: Crime
1000,Curdled (1996),Crime,Movie title: Curdled (1996). Genres: Crime
1001,"Associate, The (L'Associe)(1982)",Comedy,"Movie title: Associate, The (L'Associe)(1982). Genres: Comedy"
1002,Ed's Next Move (1996),Comedy,Movie title: Ed's Next Move (1996). Genres: Comedy
1003,Extreme Measures (1996),Drama|Thriller,Movie title: Extreme Measures (1996). Genres: Drama|Thriller
1004,"Glimmer Man, The (1996)",Action|Thriller,"Movie title: Glimmer Man, The (1996). Genres: Action|Thriller"
1005,D3: The Mighty Ducks (1996),Children's|Comedy,Movie title: D3: The Mighty Ducks (1996). Genres: Children's|Comedy
1006,"Chamber, The (1996)",Drama,"Movie title: Chamber, The (1996). Genres: Drama"
1007,"Apple Dumpling Gang, The (1975)",Children's|Comedy|Western,"Movie title: Apple Dumpling Gang, The (1975). Genres: Children's|Comedy|Western"
1008,"Davy Crockett, King of the Wild Frontier (1955)",Western,"Movie title: Davy Crockett, King of the Wild Frontier (1955). Genres: Western"
1009,Escape to Witch Mountain (1975),Adventure|Children's|Fantasy,Movie title: Escape to Witch Mountain (1975). Genres: Adventure|Children's|Fantasy
1010,"Love Bug, The (1969)",Children's|Comedy,"Movie title: Love Bug, The (1969). Genres: Children's|Comedy"
1011,Herbie Rides Again (1974),Adventure|Children's|Comedy,Movie title: Herbie Rides Again (1974). Genres: Adventure|Children's|Comedy
1012,Old Yeller (1957),Children's|Drama,Movie title: Old Yeller (1957). Genres: Children's|Drama
1013,"Parent Trap, The (1961)",Children's|Drama,"Movie title: Parent Trap, The (1961). Genres: Children's|Drama"
1014,Pollyanna (1960),Children's|Comedy|Drama,Movie title: Pollyanna (1960). Genres: Children's|Comedy|Drama
1015,Homeward Bound: The Incredible Journey (1993),Adventure|Children's,Movie title: Homeward Bound: The Incredible Journey (1993). Genres: Adventure|Children's
1016,"Shaggy Dog, The (1959)",Children's|Comedy,"Movie title: Shaggy Dog, The (1959). Genres: Children's|Comedy"
1017,Swiss Family Robinson (1960),Adventure|Children's,Movie title: Swiss Family Robinson (1960). Genres: Adventure|Children's
1018,That Darn Cat! (1965),Children's|Comedy|Mystery,Movie title: That Darn Cat! (1965). Genres: Children's|Comedy|Mystery
1019,"20,000 Leagues Under the Sea (1954)",Adventure|Children's|Fantasy|Sci-Fi,"Movie title: 20,000 Leagues Under the Sea (1954). Genres: Adventure|Children's|Fantasy|Sci-Fi"
1020,Cool Runnings (1993),Comedy,Movie title: Cool Runnings (1993). Genres: Comedy
1021,Angels in the Outfield (1994),Children's|Comedy,Movie title: Angels in the Outfield (1994). Genres: Children's|Comedy
1022,Cinderella (1950),Animation|Children's|Musical,Movie title: Cinderella (1950). Genres: Animation|Children's|Musical
1023,Winnie the Pooh and the Blustery Day (1968),Animation|Children's,Movie title: Winnie the Pooh and the Blustery Day (1968). Genres: Animation|Children's
1024,"Three Caballeros, The (1945)",Animation|Children's|Musical,"Movie title: Three Caballeros, The (1945). Genres: Animation|Children's|Musical"
1025,"Sword in the Stone, The (1963)",Animation|Children's,"Movie title: Sword in the Stone, The (1963). Genres: Animation|Children's"
1026,So Dear to My Heart (1949),Children's|Drama,Movie title: So Dear to My Heart (1949). Genres: Children's|Drama
1027,Robin Hood: Prince of Thieves (1991),Drama,Movie title: Robin Hood: Prince of Thieves (1991). Genres: Drama
1028,Mary Poppins (1964),Children's|Comedy|Musical,Movie title: Mary Poppins (1964). Genres: Children's|Comedy|Musical
1029,Dumbo (1941),Animation|Children's|Musical,Movie title: Dumbo (1941). Genres: Animation|Children's|Musical
1030,Pete's Dragon (1977),Adventure|Animation|Children's|Musical,Movie title: Pete's Dragon (1977). Genres: Adventure|Animation|Children's|Musical
1031,Bedknobs and Broomsticks (1971),Adventure|Children's|Musical,Movie title: Bedknobs and Broomsticks (1971). Genres: Adventure|Children's|Musical
1032,Alice in Wonderland (1951),Animation|Children's|Musical,Movie title: Alice in Wonderland (1951). Genres: Animation|Children's|Musical
1033,"Fox and the Hound, The (1981)",Animation|Children's,"Movie title: Fox and the Hound, The (1981). Genres: Animation|Children's"
1034,Freeway (1996),Crime,Movie title: Freeway (1996). Genres: Crime
1035,"Sound of Music, The (1965)",Musical,"Movie title: Sound of Music, The (1965). Genres: Musical"
1036,Die Hard (1988),Action|Thriller,Movie title: Die Hard (1988). Genres: Action|Thriller
1037,"Lawnmower Man, The (1992)",Action|Sci-Fi|Thriller,"Movie title: Lawnmower Man, The (1992). Genres: Action|Sci-Fi|Thriller"
1038,Unhook the Stars (1996),Drama,Movie title: Unhook the Stars (1996). Genres: Drama
1039,Synthetic Pleasures (1995),Documentary,Movie title: Synthetic Pleasures (1995). Genres: Documentary
1040,"Secret Agent, The (1996)",Drama,"Movie title: Secret Agent, The (1996). Genres: Drama"
1041,Secrets & Lies (1996),Drama,Movie title: Secrets & Lies (1996). Genres: Drama
1042,That Thing You Do! (1996),Comedy,Movie title: That Thing You Do! (1996). Genres: Comedy
1043,To Gillian on Her 37th Birthday (1996),Drama|Romance,Movie title: To Gillian on Her 37th Birthday (1996). Genres: Drama|Romance
1044,Surviving Picasso (1996),Drama,Movie title: Surviving Picasso (1996). Genres: Drama
1045,Love Is All There Is (1996),Comedy|Drama,Movie title: Love Is All There Is (1996). Genres: Comedy|Drama
1046,Beautiful Thing (1996),Drama|Romance,Movie title: Beautiful Thing (1996). Genres: Drama|Romance
1047,"Long Kiss Goodnight, The (1996)",Action|Thriller,"Movie title: Long Kiss Goodnight, The (1996). Genres: Action|Thriller"
1049,"Ghost and the Darkness, The (1996)",Action|Adventure,"Movie title: Ghost and the Darkness, The (1996). Genres: Action|Adventure"
1050,Looking for Richard (1996),Documentary|Drama,Movie title: Looking for Richard (1996). Genres: Documentary|Drama
1051,Trees Lounge (1996),Drama,Movie title: Trees Lounge (1996). Genres: Drama
1052,"Proprietor, The (1996)",Drama,"Movie title: Proprietor, The (1996). Genres: Drama"
1053,Normal Life (1996),Crime|Drama,Movie title: Normal Life (1996). Genres: Crime|Drama
1054,Get on the Bus (1996),Drama,Movie title: Get on the Bus (1996). Genres: Drama
1055,Shadow Conspiracy (1997),Thriller,Movie title: Shadow Conspiracy (1997). Genres: Thriller
1056,Jude (1996),Drama,Movie title: Jude (1996). Genres: Drama
1057,Everyone Says I Love You (1996),Comedy|Musical|Romance,Movie title: Everyone Says I Love You (1996). Genres: Comedy|Musical|Romance
1058,Bitter Sugar (Azucar Amargo) (1996),Drama,Movie title: Bitter Sugar (Azucar Amargo) (1996). Genres: Drama
1059,William Shakespeare's Romeo and Juliet (1996),Drama|Romance,Movie title: William Shakespeare's Romeo and Juliet (1996). Genres: Drama|Romance
1060,Swingers (1996),Comedy|Drama,Movie title: Swingers (1996). Genres: Comedy|Drama
1061,Sleepers (1996),Crime|Drama,Movie title: Sleepers (1996). Genres: Crime|Drama
1062,"Sunchaser, The (1996)",Drama,"Movie title: Sunchaser, The (1996). Genres: Drama"
1063,Johns (1996),Drama,Movie title: Johns (1996). Genres: Drama
1064,Aladdin and the King of Thieves (1996),Animation|Children's|Comedy,Movie title: Aladdin and the King of Thieves (1996). Genres: Animation|Children's|Comedy
1065,"Woman in Question, The (1950)",Mystery,"Movie title: Woman in Question, The (1950). Genres: Mystery"
1066,Shall We Dance? (1937),Comedy|Musical|Romance,Movie title: Shall We Dance? (1937). Genres: Comedy|Musical|Romance
1067,"Damsel in Distress, A (1937)",Comedy|Musical|Romance,"Movie title: Damsel in Distress, A (1937). Genres: Comedy|Musical|Romance"
1068,Crossfire (1947),Crime|Film-Noir,Movie title: Crossfire (1947). Genres: Crime|Film-Noir
1069,"Murder, My Sweet (1944)",Film-Noir|Thriller,"Movie title: Murder, My Sweet (1944). Genres: Film-Noir|Thriller"
1070,Macao (1952),Adventure,Movie title: Macao (1952). Genres: Adventure
1071,For the Moment (1994),Romance|War,Movie title: For the Moment (1994). Genres: Romance|War
1073,Willy Wonka and the Chocolate Factory (1971),Adventure|Children's|Comedy|Fantasy,Movie title: Willy Wonka and the Chocolate Factory (1971). Genres: Adventure|Children's|Comedy|Fantasy
1075,"Sexual Life of the Belgians, The (1994)",Comedy,"Movie title: Sexual Life of the Belgians, The (1994). Genres: Comedy"
1076,"Innocents, The (1961)",Thriller,"Movie title: Innocents, The (1961). Genres: Thriller"
1077,Sleeper (1973),Comedy|Sci-Fi,Movie title: Sleeper (1973). Genres: Comedy|Sci-Fi
1078,Bananas (1971),Comedy|War,Movie title: Bananas (1971). Genres: Comedy|War
1079,"Fish Called Wanda, A (1988)",Comedy,"Movie title: Fish Called Wanda, A (1988). Genres: Comedy"
1080,Monty Python's Life of Brian (1979),Comedy,Movie title: Monty Python's Life of Brian (1979). Genres: Comedy
1081,Victor/Victoria (1982),Comedy|Musical,Movie title: Victor/Victoria (1982). Genres: Comedy|Musical
1082,"Candidate, The (1972)",Drama,"Movie title: Candidate, The (1972). Genres: Drama"
1083,"Great Race, The (1965)",Comedy|Musical,"Movie title: Great Race, The (1965). Genres: Comedy|Musical"
1084,Bonnie and Clyde (1967),Crime|Drama,Movie title: Bonnie and Clyde (1967). Genres: Crime|Drama
1085,"Old Man and the Sea, The (1958)",Adventure|Drama,"Movie title: Old Man and the Sea, The (1958). Genres: Adventure|Drama"
1086,Dial M for Murder (1954),Mystery|Thriller,Movie title: Dial M for Murder (1954). Genres: Mystery|Thriller
1087,Madame Butterfly (1995),Musical,Movie title: Madame Butterfly (1995). Genres: Musical
1088,Dirty Dancing (1987),Musical|Romance,Movie title: Dirty Dancing (1987). Genres: Musical|Romance
1089,Reservoir Dogs (1992),Crime|Thriller,Movie title: Reservoir Dogs (1992). Genres: Crime|Thriller
1090,Platoon (1986),Drama|War,Movie title: Platoon (1986). Genres: Drama|War
1091,Weekend at Bernie's (1989),Comedy,Movie title: Weekend at Bernie's (1989). Genres: Comedy
1092,Basic Instinct (1992),Mystery|Thriller,Movie title: Basic Instinct (1992). Genres: Mystery|Thriller
1093,"Doors, The (1991)",Drama|Musical,"Movie title: Doors, The (1991). Genres: Drama|Musical"
1094,"Crying Game, The (1992)",Drama|Romance|War,"Movie title: Crying Game, The (1992). Genres: Drama|Romance|War"
1095,Glengarry Glen Ross (1992),Drama,Movie title: Glengarry Glen Ross (1992). Genres: Drama
1096,Sophie's Choice (1982),Drama,Movie title: Sophie's Choice (1982). Genres: Drama
1097,E.T. the Extra-Terrestrial (1982),Children's|Drama|Fantasy|Sci-Fi,Movie title: E.T. the Extra-Terrestrial (1982). Genres: Children's|Drama|Fantasy|Sci-Fi
1098,"Search for One-eye Jimmy, The (1996)",Comedy,"Movie title: Search for One-eye Jimmy, The (1996). Genres: Comedy"
1099,"Christmas Carol, A (1938)",Drama,"Movie title: Christmas Carol, A (1938). Genres: Drama"
1100,Days of Thunder (1990),Action|Romance,Movie title: Days of Thunder (1990). Genres: Action|Romance
1101,Top Gun (1986),Action|Romance,Movie title: Top Gun (1986). Genres: Action|Romance
1102,American Strays (1996),Action,Movie title: American Strays (1996). Genres: Action
1103,Rebel Without a Cause (1955),Drama,Movie title: Rebel Without a Cause (1955). Genres: Drama
1104,"Streetcar Named Desire, A (1951)",Drama,"Movie title: Streetcar Named Desire, A (1951). Genres: Drama"
1105,Children of the Corn IV: The Gathering (1996),Horror,Movie title: Children of the Corn IV: The Gathering (1996). Genres: Horror
1106,"Leopard Son, The (1996)",Documentary,"Movie title: Leopard Son, The (1996). Genres: Documentary"
1107,Loser (1991),Comedy,Movie title: Loser (1991). Genres: Comedy
1108,Prerokbe Ognja (1995),Documentary,Movie title: Prerokbe Ognja (1995). Genres: Documentary
1109,Charm's Incidents (1996),Drama,Movie title: Charm's Incidents (1996). Genres: Drama
1110,Bird of Prey (1996),Action,Movie title: Bird of Prey (1996). Genres: Action
1111,Microcosmos (Microcosmos: Le peuple de l'herbe) (1996),Documentary,Movie title: Microcosmos (Microcosmos: Le peuple de l'herbe) (1996). Genres: Documentary
1112,Palookaville (1996),Action|Drama,Movie title: Palookaville (1996). Genres: Action|Drama
1113,"Associate, The (1996)",Comedy,"Movie title: Associate, The (1996). Genres: Comedy"
1114,"Funeral, The (1996)",Drama,"Movie title: Funeral, The (1996). Genres: Drama"
1115,Sleepover (1995),Comedy|Drama,Movie title: Sleepover (1995). Genres: Comedy|Drama
1116,"Single Girl, A (La Fille Seule) (1995)",Drama,"Movie title: Single Girl, A (La Fille Seule) (1995). Genres: Drama"
1117,"Eighth Day, The (Le Huitième jour ) (1996)",Drama,"Movie title: Eighth Day, The (Le Huitième jour ) (1996). Genres: Drama"
1118,Tashunga (1995),Adventure|Western,Movie title: Tashunga (1995). Genres: Adventure|Western
1119,Drunks (1997),Drama,Movie title: Drunks (1997). Genres: Drama
1120,"People vs. Larry Flynt, The (1996)",Drama,"Movie title: People vs. Larry Flynt, The (1996). Genres: Drama"
1121,Glory Daze (1996),Drama,Movie title: Glory Daze (1996). Genres: Drama
1122,Plutonium Circus (1995),Documentary,Movie title: Plutonium Circus (1995). Genres: Documentary
1123,"Perfect Candidate, A (1996)",Documentary,"Movie title: Perfect Candidate, A (1996). Genres: Documentary"
1124,On Golden Pond (1981),Drama,Movie title: On Golden Pond (1981). Genres: Drama
1125,"Return of the Pink Panther, The (1974)",Comedy,"Movie title: Return of the Pink Panther, The (1974). Genres: Comedy"
1126,Drop Dead Fred (1991),Comedy|Fantasy,Movie title: Drop Dead Fred (1991). Genres: Comedy|Fantasy
1127,"Abyss, The (1989)",Action|Adventure|Sci-Fi|Thriller,"Movie title: Abyss, The (1989). Genres: Action|Adventure|Sci-Fi|Thriller"
1128,"Fog, The (1980)",Horror,"Movie title: Fog, The (1980). Genres: Horror"
1129,Escape from New York (1981),Action|Adventure|Sci-Fi|Thriller,Movie title: Escape from New York (1981). Genres: Action|Adventure|Sci-Fi|Thriller
1130,"Howling, The (1980)",Horror,"Movie title: Howling, The (1980). Genres: Horror"
1131,Jean de Florette (1986),Drama,Movie title: Jean de Florette (1986). Genres: Drama
1132,Manon of the Spring (Manon des sources) (1986),Drama,Movie title: Manon of the Spring (Manon des sources) (1986). Genres: Drama
1133,Talking About Sex (1994),Comedy|Drama,Movie title: Talking About Sex (1994). Genres: Comedy|Drama
1134,Johnny 100 Pesos (1993),Action|Drama,Movie title: Johnny 100 Pesos (1993). Genres: Action|Drama
1135,Private Benjamin (1980),Comedy,Movie title: Private Benjamin (1980). Genres: Comedy
1136,Monty Python and the Holy Grail (1974),Comedy,Movie title: Monty Python and the Holy Grail (1974). Genres: Comedy
1137,Hustler White (1996),Romance,Movie title: Hustler White (1996). Genres: Romance
1138,Dadetown (1995),Documentary,Movie title: Dadetown (1995). Genres: Documentary
1139,Everything Relative (1996),Drama,Movie title: Everything Relative (1996). Genres: Drama
1140,Entertaining Angels: The Dorothy Day Story (1996),Drama,Movie title: Entertaining Angels: The Dorothy Day Story (1996). Genres: Drama
1141,Hoogste tijd (1995),Drama,Movie title: Hoogste tijd (1995). Genres: Drama
1142,Get Over It (1996),Drama,Movie title: Get Over It (1996). Genres: Drama
1143,Three Lives and Only One Death (1996),Comedy,Movie title: Three Lives and Only One Death (1996). Genres: Comedy
1144,"Line King: Al Hirschfeld, The (1996)",Documentary,"Movie title: Line King: Al Hirschfeld, The (1996). Genres: Documentary"
1145,Snowriders (1996),Documentary,Movie title: Snowriders (1996). Genres: Documentary
1146,Curtis's Charm (1995),Comedy|Drama,Movie title: Curtis's Charm (1995). Genres: Comedy|Drama
1147,When We Were Kings (1996),Documentary,Movie title: When We Were Kings (1996). Genres: Documentary
1148,"Wrong Trousers, The (1993)",Animation|Comedy,"Movie title: Wrong Trousers, The (1993). Genres: Animation|Comedy"
1149,JLG/JLG - autoportrait de décembre (1994),Documentary|Drama,Movie title: JLG/JLG - autoportrait de décembre (1994). Genres: Documentary|Drama
1150,"Return of Martin Guerre, The (Retour de Martin Guerre, Le) (1982)",Drama,"Movie title: Return of Martin Guerre, The (Retour de Martin Guerre, Le) (1982). Genres: Drama"
1151,Faust (1994),Animation|Comedy|Thriller,Movie title: Faust (1994). Genres: Animation|Comedy|Thriller
1152,He Walked by Night (1948),Crime|Film-Noir|Thriller,Movie title: He Walked by Night (1948). Genres: Crime|Film-Noir|Thriller
1153,Raw Deal (1948),Film-Noir,Movie title: Raw Deal (1948). Genres: Film-Noir
1154,T-Men (1947),Film-Noir,Movie title: T-Men (1947). Genres: Film-Noir
1155,"Invitation, The (Zaproszenie) (1986)",Drama,"Movie title: Invitation, The (Zaproszenie) (1986). Genres: Drama"
1156,"Children Are Watching us, The (Bambini ci guardano, I) (1942)",Drama,"Movie title: Children Are Watching us, The (Bambini ci guardano, I) (1942). Genres: Drama"
1157,"Symphonie pastorale, La (1946)",Drama,"Movie title: Symphonie pastorale, La (1946). Genres: Drama"
1158,Here Comes Cookie (1935),Comedy,Movie title: Here Comes Cookie (1935). Genres: Comedy
1159,Love in Bloom (1935),Romance,Movie title: Love in Bloom (1935). Genres: Romance
1160,Six of a Kind (1934),Comedy,Movie title: Six of a Kind (1934). Genres: Comedy
1161,"Tin Drum, The (Blechtrommel, Die) (1979)",Drama,"Movie title: Tin Drum, The (Blechtrommel, Die) (1979). Genres: Drama"
1162,"Ruling Class, The (1972)",Comedy,"Movie title: Ruling Class, The (1972). Genres: Comedy"
1163,Mina Tannenbaum (1994),Drama,Movie title: Mina Tannenbaum (1994). Genres: Drama
1164,Two or Three Things I Know About Her (1966),Drama,Movie title: Two or Three Things I Know About Her (1966). Genres: Drama
1165,"Bloody Child, The (1996)",Drama|Thriller,"Movie title: Bloody Child, The (1996). Genres: Drama|Thriller"
1166,Farmer & Chase (1995),Comedy,Movie title: Farmer & Chase (1995). Genres: Comedy
1167,Dear God (1996),Comedy,Movie title: Dear God (1996). Genres: Comedy
1168,Bad Moon (1996),Horror,Movie title: Bad Moon (1996). Genres: Horror
1169,American Dream (1990),Documentary,Movie title: American Dream (1990). Genres: Documentary
1170,Best of the Best 3: No Turning Back (1995),Action,Movie title: Best of the Best 3: No Turning Back (1995). Genres: Action
1171,Bob Roberts (1992),Comedy,Movie title: Bob Roberts (1992). Genres: Comedy
1172,Cinema Paradiso (1988),Comedy|Drama|Romance,Movie title: Cinema Paradiso (1988). Genres: Comedy|Drama|Romance
1173,"Cook the Thief His Wife & Her Lover, The (1989)",Drama,"Movie title: Cook the Thief His Wife & Her Lover, The (1989). Genres: Drama"
1174,Grosse Fatigue (1994),Comedy,Movie title: Grosse Fatigue (1994). Genres: Comedy
1175,Delicatessen (1991),Comedy|Sci-Fi,Movie title: Delicatessen (1991). Genres: Comedy|Sci-Fi
1176,"Double Life of Veronique, The (La Double Vie de Véronique) (1991)",Drama,"Movie title: Double Life of Veronique, The (La Double Vie de Véronique) (1991). Genres: Drama"
1177,Enchanted April (1991),Drama,Movie title: Enchanted April (1991). Genres: Drama
1178,Paths of Glory (1957),Drama|War,Movie title: Paths of Glory (1957). Genres: Drama|War
1179,"Grifters, The (1990)",Crime|Drama|Film-Noir,"Movie title: Grifters, The (1990). Genres: Crime|Drama|Film-Noir"
1180,Hear My Song (1991),Comedy,Movie title: Hear My Song (1991). Genres: Comedy
1181,"Shooter, The (1995)",Action,"Movie title: Shooter, The (1995). Genres: Action"
1183,"English Patient, The (1996)",Drama|Romance|War,"Movie title: English Patient, The (1996). Genres: Drama|Romance|War"
1184,Mediterraneo (1991),Comedy|War,Movie title: Mediterraneo (1991). Genres: Comedy|War
1185,My Left Foot (1989),Drama,Movie title: My Left Foot (1989). Genres: Drama
1186,"Sex, Lies, and Videotape (1989)",Drama,"Movie title: Sex, Lies, and Videotape (1989). Genres: Drama"
1187,Passion Fish (1992),Drama,Movie title: Passion Fish (1992). Genres: Drama
1188,Strictly Ballroom (1992),Comedy|Romance,Movie title: Strictly Ballroom (1992). Genres: Comedy|Romance
1189,"Thin Blue Line, The (1988)",Documentary,"Movie title: Thin Blue Line, The (1988). Genres: Documentary"
1190,Tie Me Up! Tie Me Down! (1990),Drama,Movie title: Tie Me Up! Tie Me Down! (1990). Genres: Drama
1191,Madonna: Truth or Dare (1991),Documentary,Movie title: Madonna: Truth or Dare (1991). Genres: Documentary
1192,Paris Is Burning (1990),Documentary,Movie title: Paris Is Burning (1990). Genres: Documentary
1193,One Flew Over the Cuckoo's Nest (1975),Drama,Movie title: One Flew Over the Cuckoo's Nest (1975). Genres: Drama
1194,Up in Smoke (1978),Comedy,Movie title: Up in Smoke (1978). Genres: Comedy
1196,Star Wars: Episode V - The Empire Strikes Back (1980),Action|Adventure|Drama|Sci-Fi|War,Movie title: Star Wars: Episode V - The Empire Strikes Back (1980). Genres: Action|Adventure|Drama|Sci-Fi|War
1197,"Princess Bride, The (1987)",Action|Adventure|Comedy|Romance,"Movie title: Princess Bride, The (1987). Genres: Action|Adventure|Comedy|Romance"
1198,Raiders of the Lost Ark (1981),Action|Adventure,Movie title: Raiders of the Lost Ark (1981). Genres: Action|Adventure
1199,Brazil (1985),Sci-Fi,Movie title: Brazil (1985). Genres: Sci-Fi
1200,Aliens (1986),Action|Sci-Fi|Thriller|War,Movie title: Aliens (1986). Genres: Action|Sci-Fi|Thriller|War
1201,"Good, The Bad and The Ugly, The (1966)",Action|Western,"Movie title: Good, The Bad and The Ugly, The (1966). Genres: Action|Western"
1202,Withnail and I (1987),Comedy,Movie title: Withnail and I (1987). Genres: Comedy
1203,12 Angry Men (1957),Drama,Movie title: 12 Angry Men (1957). Genres: Drama
1204,Lawrence of Arabia (1962),Adventure|War,Movie title: Lawrence of Arabia (1962). Genres: Adventure|War
1205,"Transformers: The Movie, The (1986)",Action|Animation|Children's|Sci-Fi|Thriller|War,"Movie title: Transformers: The Movie, The (1986). Genres: Action|Animation|Children's|Sci-Fi|Thriller|War"
1206,"Clockwork Orange, A (1971)",Sci-Fi,"Movie title: Clockwork Orange, A (1971). Genres: Sci-Fi"
1207,To Kill a Mockingbird (1962),Drama,Movie title: To Kill a Mockingbird (1962). Genres: Drama
1208,Apocalypse Now (1979),Drama|War,Movie title: Apocalypse Now (1979). Genres: Drama|War
1209,Once Upon a Time in the West (1969),Western,Movie title: Once Upon a Time in the West (1969). Genres: Western
1210,Star Wars: Episode VI - Return of the Jedi (1983),Action|Adventure|Romance|Sci-Fi|War,Movie title: Star Wars: Episode VI - Return of the Jedi (1983). Genres: Action|Adventure|Romance|Sci-Fi|War
1211,Wings of Desire (Der Himmel über Berlin) (1987),Comedy|Drama|Romance,Movie title: Wings of Desire (Der Himmel über Berlin) (1987). Genres: Comedy|Drama|Romance
1212,"Third Man, The (1949)",Mystery|Thriller,"Movie title: Third Man, The (1949). Genres: Mystery|Thriller"
1213,GoodFellas (1990),Crime|Drama,Movie title: GoodFellas (1990). Genres: Crime|Drama
1214,Alien (1979),Action|Horror|Sci-Fi|Thriller,Movie title: Alien (1979). Genres: Action|Horror|Sci-Fi|Thriller
1215,Army of Darkness (1993),Action|Adventure|Comedy|Horror|Sci-Fi,Movie title: Army of Darkness (1993). Genres: Action|Adventure|Comedy|Horror|Sci-Fi
1216,"Big Blue, The (Le Grand Bleu) (1988)",Adventure|Romance,"Movie title: Big Blue, The (Le Grand Bleu) (1988). Genres: Adventure|Romance"
1217,Ran (1985),Drama|War,Movie title: Ran (1985). Genres: Drama|War
1218,"Killer, The (Die xue shuang xiong) (1989)",Action|Thriller,"Movie title: Killer, The (Die xue shuang xiong) (1989). Genres: Action|Thriller"
1219,Psycho (1960),Horror|Thriller,Movie title: Psycho (1960). Genres: Horror|Thriller
1220,"Blues Brothers, The (1980)",Action|Comedy|Musical,"Movie title: Blues Brothers, The (1980). Genres: Action|Comedy|Musical"
1221,"Godfather: Part II, The (1974)",Action|Crime|Drama,"Movie title: Godfather: Part II, The (1974). Genres: Action|Crime|Drama"
1222,Full Metal Jacket (1987),Action|Drama|War,Movie title: Full Metal Jacket (1987). Genres: Action|Drama|War
1223,"Grand Day Out, A (1992)",Animation|Comedy,"Movie title: Grand Day Out, A (1992). Genres: Animation|Comedy"
1224,Henry V (1989),Drama|War,Movie title: Henry V (1989). Genres: Drama|War
1225,Amadeus (1984),Drama,Movie title: Amadeus (1984). Genres: Drama
1226,"Quiet Man, The (1952)",Comedy|Romance,"Movie title: Quiet Man, The (1952). Genres: Comedy|Romance"
1227,Once Upon a Time in America (1984),Crime|Drama|Thriller,Movie title: Once Upon a Time in America (1984). Genres: Crime|Drama|Thriller
1228,Raging Bull (1980),Drama,Movie title: Raging Bull (1980). Genres: Drama
1230,Annie Hall (1977),Comedy|Romance,Movie title: Annie Hall (1977). Genres: Comedy|Romance
1231,"Right Stuff, The (1983)",Drama,"Movie title: Right Stuff, The (1983). Genres: Drama"
1232,Stalker (1979),Mystery|Sci-Fi,Movie title: Stalker (1979). Genres: Mystery|Sci-Fi
1233,"Boat, The (Das Boot) (1981)",Action|Drama|War,"Movie title: Boat, The (Das Boot) (1981). Genres: Action|Drama|War"
1234,"Sting, The (1973)",Comedy|Crime,"Movie title: Sting, The (1973). Genres: Comedy|Crime"
1235,Harold and Maude (1971),Comedy,Movie title: Harold and Maude (1971). Genres: Comedy
1236,Trust (1990),Comedy|Drama,Movie title: Trust (1990). Genres: Comedy|Drama
1237,"Seventh Seal, The (Sjunde inseglet, Det) (1957)",Drama,"Movie title: Seventh Seal, The (Sjunde inseglet, Det) (1957). Genres: Drama"
1238,Local Hero (1983),Comedy,Movie title: Local Hero (1983). Genres: Comedy
1240,"Terminator, The (1984)",Action|Sci-Fi|Thriller,"Movie title: Terminator, The (1984). Genres: Action|Sci-Fi|Thriller"
1241,Braindead (1992),Comedy|Horror,Movie title: Braindead (1992). Genres: Comedy|Horror
1242,Glory (1989),Action|Drama|War,Movie title: Glory (1989). Genres: Action|Drama|War
1243,Rosencrantz and Guildenstern Are Dead (1990),Comedy|Drama,Movie title: Rosencrantz and Guildenstern Are Dead (1990). Genres: Comedy|Drama
1244,Manhattan (1979),Comedy|Drama|Romance,Movie title: Manhattan (1979). Genres: Comedy|Drama|Romance
1245,Miller's Crossing (1990),Drama,Movie title: Miller's Crossing (1990). Genres: Drama
1246,Dead Poets Society (1989),Drama,Movie title: Dead Poets Society (1989). Genres: Drama
1247,"Graduate, The (1967)",Drama|Romance,"Movie title: Graduate, The (1967). Genres: Drama|Romance"
1248,Touch of Evil (1958),Crime|Film-Noir|Thriller,Movie title: Touch of Evil (1958). Genres: Crime|Film-Noir|Thriller
1249,Nikita (La Femme Nikita) (1990),Thriller,Movie title: Nikita (La Femme Nikita) (1990). Genres: Thriller
1250,"Bridge on the River Kwai, The (1957)",Drama|War,"Movie title: Bridge on the River Kwai, The (1957). Genres: Drama|War"
1251,8 1/2 (1963),Drama,Movie title: 8 1/2 (1963). Genres: Drama
1252,Chinatown (1974),Film-Noir|Mystery|Thriller,Movie title: Chinatown (1974). Genres: Film-Noir|Mystery|Thriller
1253,"Day the Earth Stood Still, The (1951)",Drama|Sci-Fi,"Movie title: Day the Earth Stood Still, The (1951). Genres: Drama|Sci-Fi"
1254,"Treasure of the Sierra Madre, The (1948)",Adventure,"Movie title: Treasure of the Sierra Madre, The (1948). Genres: Adventure"
1255,Bad Taste (1987),Comedy|Horror,Movie title: Bad Taste (1987). Genres: Comedy|Horror
1256,Duck Soup (1933),Comedy|War,Movie title: Duck Soup (1933). Genres: Comedy|War
1257,Better Off Dead... (1985),Comedy,Movie title: Better Off Dead... (1985). Genres: Comedy
1258,"Shining, The (1980)",Horror,"Movie title: Shining, The (1980). Genres: Horror"
1259,Stand by Me (1986),Adventure|Comedy|Drama,Movie title: Stand by Me (1986). Genres: Adventure|Comedy|Drama
1260,M (1931),Crime|Film-Noir|Thriller,Movie title: M (1931). Genres: Crime|Film-Noir|Thriller
1261,Evil Dead II (Dead By Dawn) (1987),Action|Adventure|Comedy|Horror,Movie title: Evil Dead II (Dead By Dawn) (1987). Genres: Action|Adventure|Comedy|Horror
1262,"Great Escape, The (1963)",Adventure|War,"Movie title: Great Escape, The (1963). Genres: Adventure|War"
1263,"Deer Hunter, The (1978)",Drama|War,"Movie title: Deer Hunter, The (1978). Genres: Drama|War"
1264,Diva (1981),Action|Drama|Mystery|Romance|Thriller,Movie title: Diva (1981). Genres: Action|Drama|Mystery|Romance|Thriller
1265,Groundhog Day (1993),Comedy|Romance,Movie title: Groundhog Day (1993). Genres: Comedy|Romance
1266,Unforgiven (1992),Western,Movie title: Unforgiven (1992). Genres: Western
1267,"Manchurian Candidate, The (1962)",Film-Noir|Thriller,"Movie title: Manchurian Candidate, The (1962). Genres: Film-Noir|Thriller"
1268,Pump Up the Volume (1990),Drama,Movie title: Pump Up the Volume (1990). Genres: Drama
1269,Arsenic and Old Lace (1944),Comedy|Mystery|Thriller,Movie title: Arsenic and Old Lace (1944). Genres: Comedy|Mystery|Thriller
1270,Back to the Future (1985),Comedy|Sci-Fi,Movie title: Back to the Future (1985). Genres: Comedy|Sci-Fi
1271,Fried Green Tomatoes (1991),Drama,Movie title: Fried Green Tomatoes (1991). Genres: Drama
1272,Patton (1970),Drama|War,Movie title: Patton (1970). Genres: Drama|War
1273,Down by Law (1986),Comedy|Drama,Movie title: Down by Law (1986). Genres: Comedy|Drama
1274,Akira (1988),Adventure|Animation|Sci-Fi|Thriller,Movie title: Akira (1988). Genres: Adventure|Animation|Sci-Fi|Thriller
1275,Highlander (1986),Action|Adventure,Movie title: Highlander (1986). Genres: Action|Adventure
1276,Cool Hand Luke (1967),Comedy|Drama,Movie title: Cool Hand Luke (1967). Genres: Comedy|Drama
1277,Cyrano de Bergerac (1990),Action|Drama|Romance,Movie title: Cyrano de Bergerac (1990). Genres: Action|Drama|Romance
1278,Young Frankenstein (1974),Comedy|Horror,Movie title: Young Frankenstein (1974). Genres: Comedy|Horror
1279,Night on Earth (1991),Comedy|Drama,Movie title: Night on Earth (1991). Genres: Comedy|Drama
1280,Raise the Red Lantern (1991),Drama,Movie title: Raise the Red Lantern (1991). Genres: Drama
1281,"Great Dictator, The (1940)",Comedy,"Movie title: Great Dictator, The (1940). Genres: Comedy"
1282,Fantasia (1940),Animation|Children's|Musical,Movie title: Fantasia (1940). Genres: Animation|Children's|Musical
1283,High Noon (1952),Western,Movie title: High Noon (1952). Genres: Western
1284,"Big Sleep, The (1946)",Film-Noir|Mystery,"Movie title: Big Sleep, The (1946). Genres: Film-Noir|Mystery"
1285,Heathers (1989),Comedy,Movie title: Heathers (1989). Genres: Comedy
1286,Somewhere in Time (1980),Drama|Romance,Movie title: Somewhere in Time (1980). Genres: Drama|Romance
1287,Ben-Hur (1959),Action|Adventure|Drama,Movie title: Ben-Hur (1959). Genres: Action|Adventure|Drama
1288,This Is Spinal Tap (1984),Comedy|Drama|Musical,Movie title: This Is Spinal Tap (1984). Genres: Comedy|Drama|Musical
1289,Koyaanisqatsi (1983),Documentary|War,Movie title: Koyaanisqatsi (1983). Genres: Documentary|War
1290,Some Kind of Wonderful (1987),Drama|Romance,Movie title: Some Kind of Wonderful (1987). Genres: Drama|Romance
1291,Indiana Jones and the Last Crusade (1989),Action|Adventure,Movie title: Indiana Jones and the Last Crusade (1989). Genres: Action|Adventure
1292,Being There (1979),Comedy,Movie title: Being There (1979). Genres: Comedy
1293,Gandhi (1982),Drama,Movie title: Gandhi (1982). Genres: Drama
1294,M*A*S*H (1970),Comedy|War,Movie title: M*A*S*H (1970). Genres: Comedy|War
1295,"Unbearable Lightness of Being, The (1988)",Drama,"Movie title: Unbearable Lightness of Being, The (1988). Genres: Drama"
1296,"Room with a View, A (1986)",Drama|Romance,"Movie title: Room with a View, A (1986). Genres: Drama|Romance"
1297,Real Genius (1985),Comedy,Movie title: Real Genius (1985). Genres: Comedy
1298,Pink Floyd - The Wall (1982),Drama|Musical|War,Movie title: Pink Floyd - The Wall (1982). Genres: Drama|Musical|War
1299,"Killing Fields, The (1984)",Drama|War,"Movie title: Killing Fields, The (1984). Genres: Drama|War"
1300,My Life as a Dog (Mitt liv som hund) (1985),Drama,Movie title: My Life as a Dog (Mitt liv som hund) (1985). Genres: Drama
1301,Forbidden Planet (1956),Sci-Fi,Movie title: Forbidden Planet (1956). Genres: Sci-Fi
1302,Field of Dreams (1989),Drama,Movie title: Field of Dreams (1989). Genres: Drama
1303,"Man Who Would Be King, The (1975)",Adventure,"Movie title: Man Who Would Be King, The (1975). Genres: Adventure"
1304,Butch Cassidy and the Sundance Kid (1969),Action|Comedy|Western,Movie title: Butch Cassidy and the Sundance Kid (1969). Genres: Action|Comedy|Western
1305,"Paris, Texas (1984)",Drama,"Movie title: Paris, Texas (1984). Genres: Drama"
1306,Until the End of the World (Bis ans Ende der Welt) (1991),Drama|Sci-Fi,Movie title: Until the End of the World (Bis ans Ende der Welt) (1991). Genres: Drama|Sci-Fi
1307,When Harry Met Sally... (1989),Comedy|Romance,Movie title: When Harry Met Sally... (1989). Genres: Comedy|Romance
1308,I Shot a Man in Vegas (1995),Comedy,Movie title: I Shot a Man in Vegas (1995). Genres: Comedy
1309,Parallel Sons (1995),Drama|Romance,Movie title: Parallel Sons (1995). Genres: Drama|Romance
1310,Hype! (1996),Documentary,Movie title: Hype! (1996). Genres: Documentary
1311,Santa with Muscles (1996),Comedy,Movie title: Santa with Muscles (1996). Genres: Comedy
1312,Female Perversions (1996),Drama,Movie title: Female Perversions (1996). Genres: Drama
1313,Mad Dog Time (1996),Crime,Movie title: Mad Dog Time (1996). Genres: Crime
1314,Breathing Room (1996),Romance,Movie title: Breathing Room (1996). Genres: Romance
1315,Paris Was a Woman (1995),Documentary,Movie title: Paris Was a Woman (1995). Genres: Documentary
1316,Anna (1996),Drama,Movie title: Anna (1996). Genres: Drama
1317,I'm Not Rappaport (1996),Comedy,Movie title: I'm Not Rappaport (1996). Genres: Comedy
1318,Blue Juice (1995),Comedy|Drama,Movie title: Blue Juice (1995). Genres: Comedy|Drama
1319,Kids of Survival (1993),Documentary,Movie title: Kids of Survival (1993). Genres: Documentary
1320,Alien³ (1992),Action|Horror|Sci-Fi|Thriller,Movie title: Alien³ (1992). Genres: Action|Horror|Sci-Fi|Thriller
1321,"American Werewolf in London, An (1981)",Horror,"Movie title: American Werewolf in London, An (1981). Genres: Horror"
1322,Amityville 1992: It's About Time (1992),Horror,Movie title: Amityville 1992: It's About Time (1992). Genres: Horror
1323,Amityville 3-D (1983),Horror,Movie title: Amityville 3-D (1983). Genres: Horror
1324,Amityville: Dollhouse (1996),Horror,Movie title: Amityville: Dollhouse (1996). Genres: Horror
1325,Amityville: A New Generation (1993),Horror,Movie title: Amityville: A New Generation (1993). Genres: Horror
1326,Amityville II: The Possession (1982),Horror,Movie title: Amityville II: The Possession (1982). Genres: Horror
1327,"Amityville Horror, The (1979)",Horror,"Movie title: Amityville Horror, The (1979). Genres: Horror"
1328,"Amityville Curse, The (1990)",Horror,"Movie title: Amityville Curse, The (1990). Genres: Horror"
1329,Blood For Dracula (Andy Warhol's Dracula) (1974),Horror,Movie title: Blood For Dracula (Andy Warhol's Dracula) (1974). Genres: Horror
1330,April Fool's Day (1986),Comedy|Horror,Movie title: April Fool's Day (1986). Genres: Comedy|Horror
1331,Audrey Rose (1977),Horror,Movie title: Audrey Rose (1977). Genres: Horror
1332,"Believers, The (1987)",Horror|Thriller,"Movie title: Believers, The (1987). Genres: Horror|Thriller"
1333,"Birds, The (1963)",Horror,"Movie title: Birds, The (1963). Genres: Horror"
1334,"Blob, The (1958)",Horror|Sci-Fi,"Movie title: Blob, The (1958). Genres: Horror|Sci-Fi"
1335,Blood Beach (1981),Action|Horror,Movie title: Blood Beach (1981). Genres: Action|Horror
1336,Body Parts (1991),Horror,Movie title: Body Parts (1991). Genres: Horror
1337,"Body Snatcher, The (1945)",Horror,"Movie title: Body Snatcher, The (1945). Genres: Horror"
1339,Bram Stoker's Dracula (1992),Horror|Romance,Movie title: Bram Stoker's Dracula (1992). Genres: Horror|Romance
1340,Bride of Frankenstein (1935),Horror,Movie title: Bride of Frankenstein (1935). Genres: Horror
1341,Burnt Offerings (1976),Horror,Movie title: Burnt Offerings (1976). Genres: Horror
1342,Candyman (1992),Horror,Movie title: Candyman (1992). Genres: Horror
1343,Cape Fear (1991),Thriller,Movie title: Cape Fear (1991). Genres: Thriller
1344,Cape Fear (1962),Film-Noir|Thriller,Movie title: Cape Fear (1962). Genres: Film-Noir|Thriller
1345,Carrie (1976),Horror,Movie title: Carrie (1976). Genres: Horror
1346,Cat People (1982),Horror,Movie title: Cat People (1982). Genres: Horror
1347,"Nightmare on Elm Street, A (1984)",Horror,"Movie title: Nightmare on Elm Street, A (1984). Genres: Horror"
1348,"Nosferatu (Nosferatu, eine Symphonie des Grauens) (1922)",Horror,"Movie title: Nosferatu (Nosferatu, eine Symphonie des Grauens) (1922). Genres: Horror"
1349,Nosferatu a Venezia (1986),Horror,Movie title: Nosferatu a Venezia (1986). Genres: Horror
1350,"Omen, The (1976)",Horror,"Movie title: Omen, The (1976). Genres: Horror"
1351,Blood & Wine (1997),Drama,Movie title: Blood & Wine (1997). Genres: Drama
1352,Albino Alligator (1996),Crime|Thriller,Movie title: Albino Alligator (1996). Genres: Crime|Thriller
1353,"Mirror Has Two Faces, The (1996)",Comedy|Romance,"Movie title: Mirror Has Two Faces, The (1996). Genres: Comedy|Romance"
1354,Breaking the Waves (1996),Drama,Movie title: Breaking the Waves (1996). Genres: Drama
1355,Nightwatch (1997),Horror|Thriller,Movie title: Nightwatch (1997). Genres: Horror|Thriller
1356,Star Trek: First Contact (1996),Action|Adventure|Sci-Fi,Movie title: Star Trek: First Contact (1996). Genres: Action|Adventure|Sci-Fi
1357,Shine (1996),Drama|Romance,Movie title: Shine (1996). Genres: Drama|Romance
1358,Sling Blade (1996),Drama|Thriller,Movie title: Sling Blade (1996). Genres: Drama|Thriller
1359,Jingle All the Way (1996),Adventure|Children's|Comedy,Movie title: Jingle All the Way (1996). Genres: Adventure|Children's|Comedy
1360,Identification of a Woman (Identificazione di una donna) (1982),Drama,Movie title: Identification of a Woman (Identificazione di una donna) (1982). Genres: Drama
1361,Paradise Lost: The Child Murders at Robin Hood Hills (1996),Documentary,Movie title: Paradise Lost: The Child Murders at Robin Hood Hills (1996). Genres: Documentary
1362,"Garden of Finzi-Contini, The (Giardino dei Finzi-Contini, Il) (1970)",Drama,"Movie title: Garden of Finzi-Contini, The (Giardino dei Finzi-Contini, Il) (1970). Genres: Drama"
1363,"Preacher's Wife, The (1996)",Drama,"Movie title: Preacher's Wife, The (1996). Genres: Drama"
1364,Zero Kelvin (Kjærlighetens kjøtere) (1995),Action,Movie title: Zero Kelvin (Kjærlighetens kjøtere) (1995). Genres: Action
1365,Ridicule (1996),Drama,Movie title: Ridicule (1996). Genres: Drama
1366,"Crucible, The (1996)",Drama,"Movie title: Crucible, The (1996). Genres: Drama"
1367,101 Dalmatians (1996),Children's|Comedy,Movie title: 101 Dalmatians (1996). Genres: Children's|Comedy
1368,"Forbidden Christ, The (Cristo proibito, Il) (1950)",Drama,"Movie title: Forbidden Christ, The (Cristo proibito, Il) (1950). Genres: Drama"
1369,I Can't Sleep (J'ai pas sommeil) (1994),Drama|Thriller,Movie title: I Can't Sleep (J'ai pas sommeil) (1994). Genres: Drama|Thriller
1370,Die Hard 2 (1990),Action|Thriller,Movie title: Die Hard 2 (1990). Genres: Action|Thriller
1371,Star Trek: The Motion Picture (1979),Action|Adventure|Sci-Fi,Movie title: Star Trek: The Motion Picture (1979). Genres: Action|Adventure|Sci-Fi
1372,Star Trek VI: The Undiscovered Country (1991),Action|Adventure|Sci-Fi,Movie title: Star Trek VI: The Undiscovered Country (1991). Genres: Action|Adventure|Sci-Fi
1373,Star Trek V: The Final Frontier (1989),Action|Adventure|Sci-Fi,Movie title: Star Trek V: The Final Frontier (1989). Genres: Action|Adventure|Sci-Fi
1374,Star Trek: The Wrath of Khan (1982),Action|Adventure|Sci-Fi,Movie title: Star Trek: The Wrath of Khan (1982). Genres: Action|Adventure|Sci-Fi
1375,Star Trek III: The Search for Spock (1984),Action|Adventure|Sci-Fi,Movie title: Star Trek III: The Search for Spock (1984). Genres: Action|Adventure|Sci-Fi
1376,Star Trek IV: The Voyage Home (1986),Action|Adventure|Sci-Fi,Movie title: Star Trek IV: The Voyage Home (1986). Genres: Action|Adventure|Sci-Fi
1377,Batman Returns (1992),Action|Adventure|Comedy|Crime,Movie title: Batman Returns (1992). Genres: Action|Adventure|Comedy|Crime
1378,Young Guns (1988),Action|Comedy|Western,Movie title: Young Guns (1988). Genres: Action|Comedy|Western
1379,Young Guns II (1990),Action|Comedy|Western,Movie title: Young Guns II (1990). Genres: Action|Comedy|Western
1380,Grease (1978),Comedy|Musical|Romance,Movie title: Grease (1978). Genres: Comedy|Musical|Romance
1381,Grease 2 (1982),Comedy|Musical|Romance,Movie title: Grease 2 (1982). Genres: Comedy|Musical|Romance
1382,Marked for Death (1990),Action|Drama,Movie title: Marked for Death (1990). Genres: Action|Drama
1383,Adrenalin: Fear the Rush (1996),Action|Sci-Fi,Movie title: Adrenalin: Fear the Rush (1996). Genres: Action|Sci-Fi
1384,"Substance of Fire, The (1996)",Drama,"Movie title: Substance of Fire, The (1996). Genres: Drama"
1385,Under Siege (1992),Action,Movie title: Under Siege (1992). Genres: Action
1386,Terror in a Texas Town (1958),Western,Movie title: Terror in a Texas Town (1958). Genres: Western
1387,Jaws (1975),Action|Horror,Movie title: Jaws (1975). Genres: Action|Horror
1388,Jaws 2 (1978),Action|Horror,Movie title: Jaws 2 (1978). Genres: Action|Horror
1389,Jaws 3-D (1983),Action|Horror,Movie title: Jaws 3-D (1983). Genres: Action|Horror
1390,My Fellow Americans (1996),Comedy,Movie title: My Fellow Americans (1996). Genres: Comedy
1391,Mars Attacks! (1996),Action|Comedy|Sci-Fi|War,Movie title: Mars Attacks! (1996). Genres: Action|Comedy|Sci-Fi|War
1392,Citizen Ruth (1996),Comedy|Drama,Movie title: Citizen Ruth (1996). Genres: Comedy|Drama
1393,Jerry Maguire (1996),Drama|Romance,Movie title: Jerry Maguire (1996). Genres: Drama|Romance
1394,Raising Arizona (1987),Comedy,Movie title: Raising Arizona (1987). Genres: Comedy
1395,Tin Men (1987),Comedy|Drama,Movie title: Tin Men (1987). Genres: Comedy|Drama
1396,Sneakers (1992),Crime|Drama|Sci-Fi,Movie title: Sneakers (1992). Genres: Crime|Drama|Sci-Fi
1397,Bastard Out of Carolina (1996),Drama,Movie title: Bastard Out of Carolina (1996). Genres: Drama
1398,In Love and War (1996),Romance|War,Movie title: In Love and War (1996). Genres: Romance|War
1399,Marvin's Room (1996),Drama,Movie title: Marvin's Room (1996). Genres: Drama
1400,Somebody is Waiting (1996),Drama,Movie title: Somebody is Waiting (1996). Genres: Drama
1401,Ghosts of Mississippi (1996),Drama,Movie title: Ghosts of Mississippi (1996). Genres: Drama
1404,Night Falls on Manhattan (1997),Crime|Drama,Movie title: Night Falls on Manhattan (1997). Genres: Crime|Drama
1405,Beavis and Butt-head Do America (1996),Animation|Comedy,Movie title: Beavis and Butt-head Do America (1996). Genres: Animation|Comedy
1406,"Cérémonie, La (1995)",Drama,"Movie title: Cérémonie, La (1995). Genres: Drama"
1407,Scream (1996),Horror|Thriller,Movie title: Scream (1996). Genres: Horror|Thriller
1408,"Last of the Mohicans, The (1992)",Action|Romance|War,"Movie title: Last of the Mohicans, The (1992). Genres: Action|Romance|War"
1409,Michael (1996),Comedy|Romance,Movie title: Michael (1996). Genres: Comedy|Romance
1410,"Evening Star, The (1996)",Comedy|Drama,"Movie title: Evening Star, The (1996). Genres: Comedy|Drama"
1411,Hamlet (1996),Drama,Movie title: Hamlet (1996). Genres: Drama
1412,Some Mother's Son (1996),Drama,Movie title: Some Mother's Son (1996). Genres: Drama
1413,"Whole Wide World, The (1996)",Drama,"Movie title: Whole Wide World, The (1996). Genres: Drama"
1414,Mother (1996),Comedy,Movie title: Mother (1996). Genres: Comedy
1415,"Thieves (Voleurs, Les) (1996)",Crime|Drama|Romance,"Movie title: Thieves (Voleurs, Les) (1996). Genres: Crime|Drama|Romance"
1416,Evita (1996),Drama|Musical,Movie title: Evita (1996). Genres: Drama|Musical
1417,"Portrait of a Lady, The (1996)",Drama,"Movie title: Portrait of a Lady, The (1996). Genres: Drama"
1419,Walkabout (1971),Drama,Movie title: Walkabout (1971). Genres: Drama
1420,Message to Love: The Isle of Wight Festival (1996),Documentary,Movie title: Message to Love: The Isle of Wight Festival (1996). Genres: Documentary
1421,Grateful Dead (1995),Documentary,Movie title: Grateful Dead (1995). Genres: Documentary
1422,Murder at 1600 (1997),Mystery|Thriller,Movie title: Murder at 1600 (1997). Genres: Mystery|Thriller
1423,Hearts and Minds (1996),Drama,Movie title: Hearts and Minds (1996). Genres: Drama
1424,Inside (1996),Action,Movie title: Inside (1996). Genres: Action
1425,Fierce Creatures (1997),Comedy,Movie title: Fierce Creatures (1997). Genres: Comedy
1426,Zeus and Roxanne (1997),Children's,Movie title: Zeus and Roxanne (1997). Genres: Children's
1427,Turbulence (1997),Thriller,Movie title: Turbulence (1997). Genres: Thriller
1428,Angel Baby (1995),Drama,Movie title: Angel Baby (1995). Genres: Drama
1429,Jackie Chan's First Strike (1996),Action,Movie title: Jackie Chan's First Strike (1996). Genres: Action
1430,Underworld (1997),Thriller,Movie title: Underworld (1997). Genres: Thriller
1431,Beverly Hills Ninja (1997),Action|Comedy,Movie title: Beverly Hills Ninja (1997). Genres: Action|Comedy
1432,Metro (1997),Action,Movie title: Metro (1997). Genres: Action
1433,"Machine, The (1994)",Comedy|Horror,"Movie title: Machine, The (1994). Genres: Comedy|Horror"
1434,"Stranger, The (1994)",Action,"Movie title: Stranger, The (1994). Genres: Action"
1436,Falling in Love Again (1980),Comedy,Movie title: Falling in Love Again (1980). Genres: Comedy
1437,"Cement Garden, The (1993)",Drama,"Movie title: Cement Garden, The (1993). Genres: Drama"
1438,Dante's Peak (1997),Action|Thriller,Movie title: Dante's Peak (1997). Genres: Action|Thriller
1439,Meet Wally Sparks (1997),Comedy,Movie title: Meet Wally Sparks (1997). Genres: Comedy
1440,Amos & Andrew (1993),Comedy,Movie title: Amos & Andrew (1993). Genres: Comedy
1441,Benny & Joon (1993),Comedy|Romance,Movie title: Benny & Joon (1993). Genres: Comedy|Romance
1442,Prefontaine (1997),Drama,Movie title: Prefontaine (1997). Genres: Drama
1443,"Tickle in the Heart, A (1996)",Documentary,"Movie title: Tickle in the Heart, A (1996). Genres: Documentary"
1444,Guantanamera (1994),Comedy,Movie title: Guantanamera (1994). Genres: Comedy
1445,McHale's Navy (1997),Comedy|War,Movie title: McHale's Navy (1997). Genres: Comedy|War
1446,Kolya (1996),Comedy,Movie title: Kolya (1996). Genres: Comedy
1447,Gridlock'd (1997),Crime,Movie title: Gridlock'd (1997). Genres: Crime
1448,Fire on the Mountain (1996),Documentary,Movie title: Fire on the Mountain (1996). Genres: Documentary
1449,Waiting for Guffman (1996),Comedy,Movie title: Waiting for Guffman (1996). Genres: Comedy
1450,Prisoner of the Mountains (Kavkazsky Plennik) (1996),War,Movie title: Prisoner of the Mountains (Kavkazsky Plennik) (1996). Genres: War
1453,"Beautician and the Beast, The (1997)",Comedy|Romance,"Movie title: Beautician and the Beast, The (1997). Genres: Comedy|Romance"
1454,SubUrbia (1997),Comedy,Movie title: SubUrbia (1997). Genres: Comedy
1455,Hotel de Love (1996),Comedy|Romance,Movie title: Hotel de Love (1996). Genres: Comedy|Romance
1456,"Pest, The (1997)",Comedy,"Movie title: Pest, The (1997). Genres: Comedy"
1457,Fools Rush In (1997),Comedy|Romance,Movie title: Fools Rush In (1997). Genres: Comedy|Romance
1458,Touch (1997),Romance,Movie title: Touch (1997). Genres: Romance
1459,Absolute Power (1997),Mystery|Thriller,Movie title: Absolute Power (1997). Genres: Mystery|Thriller
1460,That Darn Cat! (1997),Children's|Comedy|Mystery,Movie title: That Darn Cat! (1997). Genres: Children's|Comedy|Mystery
1461,Vegas Vacation (1997),Comedy,Movie title: Vegas Vacation (1997). Genres: Comedy
1462,Unforgotten: Twenty-Five Years After Willowbrook (1996),Documentary,Movie title: Unforgotten: Twenty-Five Years After Willowbrook (1996). Genres: Documentary
1463,That Old Feeling (1997),Comedy|Romance,Movie title: That Old Feeling (1997). Genres: Comedy|Romance
1464,Lost Highway (1997),Mystery,Movie title: Lost Highway (1997). Genres: Mystery
1465,Rosewood (1997),Drama,Movie title: Rosewood (1997). Genres: Drama
1466,Donnie Brasco (1997),Crime|Drama,Movie title: Donnie Brasco (1997). Genres: Crime|Drama
1467,Salut cousin! (1996),Comedy|Drama,Movie title: Salut cousin! (1996). Genres: Comedy|Drama
1468,Booty Call (1997),Comedy|Romance,Movie title: Booty Call (1997). Genres: Comedy|Romance
1470,Rhyme & Reason (1997),Documentary,Movie title: Rhyme & Reason (1997). Genres: Documentary
1471,Boys Life 2 (1997),Drama,Movie title: Boys Life 2 (1997). Genres: Drama
1472,City of Industry (1997),Crime|Thriller,Movie title: City of Industry (1997). Genres: Crime|Thriller
1473,Best Men (1997),Action|Comedy|Crime|Drama,Movie title: Best Men (1997). Genres: Action|Comedy|Crime|Drama
1474,Jungle2Jungle (a.k.a. Jungle 2 Jungle) (1997),Children's|Comedy,Movie title: Jungle2Jungle (a.k.a. Jungle 2 Jungle) (1997). Genres: Children's|Comedy
1475,Kama Sutra: A Tale of Love (1996),Romance,Movie title: Kama Sutra: A Tale of Love (1996). Genres: Romance
1476,Private Parts (1997),Comedy|Drama,Movie title: Private Parts (1997). Genres: Comedy|Drama
1477,Love Jones (1997),Romance,Movie title: Love Jones (1997). Genres: Romance
1479,"Saint, The (1997)",Action|Romance|Thriller,"Movie title: Saint, The (1997). Genres: Action|Romance|Thriller"
1480,Smilla's Sense of Snow (1997),Action|Drama|Thriller,Movie title: Smilla's Sense of Snow (1997). Genres: Action|Drama|Thriller
1482,"Van, The (1996)",Comedy|Drama,"Movie title: Van, The (1996). Genres: Comedy|Drama"
1483,Crash (1996),Drama|Thriller,Movie title: Crash (1996). Genres: Drama|Thriller
1484,"Daytrippers, The (1996)",Mystery,"Movie title: Daytrippers, The (1996). Genres: Mystery"
1485,Liar Liar (1997),Comedy,Movie title: Liar Liar (1997). Genres: Comedy
1486,"Quiet Room, The (1996)",Drama,"Movie title: Quiet Room, The (1996). Genres: Drama"
1487,Selena (1997),Drama|Musical,Movie title: Selena (1997). Genres: Drama|Musical
1488,"Devil's Own, The (1997)",Action|Drama|Thriller|War,"Movie title: Devil's Own, The (1997). Genres: Action|Drama|Thriller|War"
1489,Cats Don't Dance (1997),Animation|Children's|Musical,Movie title: Cats Don't Dance (1997). Genres: Animation|Children's|Musical
1490,B*A*P*S (1997),Comedy,Movie title: B*A*P*S (1997). Genres: Comedy
1493,Love and Other Catastrophes (1996),Romance,Movie title: Love and Other Catastrophes (1996). Genres: Romance
1494,"Sixth Man, The (1997)",Comedy,"Movie title: Sixth Man, The (1997). Genres: Comedy"
1495,Turbo: A Power Rangers Movie (1997),Action|Adventure|Children's,Movie title: Turbo: A Power Rangers Movie (1997). Genres: Action|Adventure|Children's
1496,Anna Karenina (1997),Drama|Romance,Movie title: Anna Karenina (1997). Genres: Drama|Romance
1497,Double Team (1997),Action,Movie title: Double Team (1997). Genres: Action
1498,Inventing the Abbotts (1997),Drama|Romance,Movie title: Inventing the Abbotts (1997). Genres: Drama|Romance
1499,Anaconda (1997),Action|Adventure|Thriller,Movie title: Anaconda (1997). Genres: Action|Adventure|Thriller
1500,Grosse Pointe Blank (1997),Comedy|Crime,Movie title: Grosse Pointe Blank (1997). Genres: Comedy|Crime
1501,Keys to Tulsa (1997),Crime,Movie title: Keys to Tulsa (1997). Genres: Crime
1502,Kissed (1996),Romance,Movie title: Kissed (1996). Genres: Romance
1503,8 Heads in a Duffel Bag (1997),Comedy,Movie title: 8 Heads in a Duffel Bag (1997). Genres: Comedy
1504,Hollow Reed (1996),Drama,Movie title: Hollow Reed (1996). Genres: Drama
1507,Paradise Road (1997),Drama|War,Movie title: Paradise Road (1997). Genres: Drama|War
1508,Traveller (1997),Drama,Movie title: Traveller (1997). Genres: Drama
1509,All Over Me (1997),Drama,Movie title: All Over Me (1997). Genres: Drama
1510,"Brother's Kiss, A (1997)",Drama,"Movie title: Brother's Kiss, A (1997). Genres: Drama"
1511,A Chef in Love (1996),Comedy,Movie title: A Chef in Love (1996). Genres: Comedy
1513,Romy and Michele's High School Reunion (1997),Comedy,Movie title: Romy and Michele's High School Reunion (1997). Genres: Comedy
1514,Temptress Moon (Feng Yue) (1996),Romance,Movie title: Temptress Moon (Feng Yue) (1996). Genres: Romance
1515,Volcano (1997),Drama|Thriller,Movie title: Volcano (1997). Genres: Drama|Thriller
1516,Children of the Revolution (1996),Comedy,Movie title: Children of the Revolution (1996). Genres: Comedy
1517,Austin Powers: International Man of Mystery (1997),Comedy,Movie title: Austin Powers: International Man of Mystery (1997). Genres: Comedy
1518,Breakdown (1997),Action|Thriller,Movie title: Breakdown (1997). Genres: Action|Thriller
1519,Broken English (1996),Drama,Movie title: Broken English (1996). Genres: Drama
1520,Commandments (1997),Romance,Movie title: Commandments (1997). Genres: Romance
1522,Ripe (1996),Drama,Movie title: Ripe (1996). Genres: Drama
1523,"Truth or Consequences, N.M. (1997)",Action|Crime|Romance,"Movie title: Truth or Consequences, N.M. (1997). Genres: Action|Crime|Romance"
1524,"Turning, The (1992)",Drama,"Movie title: Turning, The (1992). Genres: Drama"
1525,Warriors of Virtue (1997),Action|Adventure|Children's|Fantasy,Movie title: Warriors of Virtue (1997). Genres: Action|Adventure|Children's|Fantasy
1526,Fathers' Day (1997),Comedy,Movie title: Fathers' Day (1997). Genres: Comedy
1527,"Fifth Element, The (1997)",Action|Sci-Fi,"Movie title: Fifth Element, The (1997). Genres: Action|Sci-Fi"
1528,Intimate Relations (1996),Comedy,Movie title: Intimate Relations (1996). Genres: Comedy
1529,Nowhere (1997),Drama,Movie title: Nowhere (1997). Genres: Drama
1531,Losing Chase (1996),Drama,Movie title: Losing Chase (1996). Genres: Drama
1532,Sprung (1997),Comedy,Movie title: Sprung (1997). Genres: Comedy
1533,"Promise, The (La Promesse) (1996)",Drama,"Movie title: Promise, The (La Promesse) (1996). Genres: Drama"
1534,"Bonheur, Le (1965)",Drama,"Movie title: Bonheur, Le (1965). Genres: Drama"
1535,Love! Valour! Compassion! (1997),Drama|Romance,Movie title: Love! Valour! Compassion! (1997). Genres: Drama|Romance
1537,Shall We Dance? (Shall We Dansu?) (1996),Comedy,Movie title: Shall We Dance? (Shall We Dansu?) (1996). Genres: Comedy
1538,"Second Jungle Book: Mowgli & Baloo, The (1997)",Adventure|Children's,"Movie title: Second Jungle Book: Mowgli & Baloo, The (1997). Genres: Adventure|Children's"
1539,Twin Town (1997),Comedy|Crime,Movie title: Twin Town (1997). Genres: Comedy|Crime
1541,Addicted to Love (1997),Comedy|Romance,Movie title: Addicted to Love (1997). Genres: Comedy|Romance
1542,Brassed Off (1996),Comedy|Drama|Romance,Movie title: Brassed Off (1996). Genres: Comedy|Drama|Romance
1543,"Designated Mourner, The (1997)",Drama,"Movie title: Designated Mourner, The (1997). Genres: Drama"
1544,"Lost World: Jurassic Park, The (1997)",Action|Adventure|Sci-Fi|Thriller,"Movie title: Lost World: Jurassic Park, The (1997). Genres: Action|Adventure|Sci-Fi|Thriller"
1545,Ponette (1996),Drama,Movie title: Ponette (1996). Genres: Drama
1546,Schizopolis (1996),Comedy,Movie title: Schizopolis (1996). Genres: Comedy
1547,Shiloh (1997),Children's|Drama,Movie title: Shiloh (1997). Genres: Children's|Drama
1548,"War at Home, The (1996)",Drama,"Movie title: War at Home, The (1996). Genres: Drama"
1549,Rough Magic (1995),Drama|Romance,Movie title: Rough Magic (1995). Genres: Drama|Romance
1550,Trial and Error (1997),Comedy|Romance,Movie title: Trial and Error (1997). Genres: Comedy|Romance
1551,Buddy (1997),Adventure|Children's|Drama,Movie title: Buddy (1997). Genres: Adventure|Children's|Drama
1552,Con Air (1997),Action|Adventure|Thriller,Movie title: Con Air (1997). Genres: Action|Adventure|Thriller
1553,Late Bloomers (1996),Comedy,Movie title: Late Bloomers (1996). Genres: Comedy
1554,"Pillow Book, The (1995)",Drama|Romance,"Movie title: Pillow Book, The (1995). Genres: Drama|Romance"
1555,"To Have, or Not (1995)",Drama,"Movie title: To Have, or Not (1995). Genres: Drama"
1556,Speed 2: Cruise Control (1997),Action|Romance|Thriller,Movie title: Speed 2: Cruise Control (1997). Genres: Action|Romance|Thriller
1557,Squeeze (1996),Drama,Movie title: Squeeze (1996). Genres: Drama
1558,Sudden Manhattan (1996),Comedy,Movie title: Sudden Manhattan (1996). Genres: Comedy
1559,"Next Step, The (1995)",Drama,"Movie title: Next Step, The (1995). Genres: Drama"
1561,Wedding Bell Blues (1996),Comedy,Movie title: Wedding Bell Blues (1996). Genres: Comedy
1562,Batman & Robin (1997),Action|Adventure|Crime,Movie title: Batman & Robin (1997). Genres: Action|Adventure|Crime
1563,Dream With the Fishes (1997),Drama,Movie title: Dream With the Fishes (1997). Genres: Drama
1564,Roseanna's Grave (For Roseanna) (1997),Comedy|Romance,Movie title: Roseanna's Grave (For Roseanna) (1997). Genres: Comedy|Romance
1565,Head Above Water (1996),Comedy|Thriller,Movie title: Head Above Water (1996). Genres: Comedy|Thriller
1566,Hercules (1997),Adventure|Animation|Children's|Comedy|Musical,Movie title: Hercules (1997). Genres: Adventure|Animation|Children's|Comedy|Musical
1567,"Last Time I Committed Suicide, The (1997)",Drama,"Movie title: Last Time I Committed Suicide, The (1997). Genres: Drama"
1568,MURDER and murder (1996),Crime|Drama|Mystery,Movie title: MURDER and murder (1996). Genres: Crime|Drama|Mystery
1569,My Best Friend's Wedding (1997),Comedy|Romance,Movie title: My Best Friend's Wedding (1997). Genres: Comedy|Romance
1570,Tetsuo II: Body Hammer (1992),Sci-Fi,Movie title: Tetsuo II: Body Hammer (1992). Genres: Sci-Fi
1571,When the Cats Away (Chacun cherche son chat) (1996),Comedy|Romance,Movie title: When the Cats Away (Chacun cherche son chat) (1996). Genres: Comedy|Romance
1572,Contempt (Le Mépris) (1963),Drama,Movie title: Contempt (Le Mépris) (1963). Genres: Drama
1573,Face/Off (1997),Action|Sci-Fi|Thriller,Movie title: Face/Off (1997). Genres: Action|Sci-Fi|Thriller
1574,Fall (1997),Romance,Movie title: Fall (1997). Genres: Romance
1575,Gabbeh (1996),Drama,Movie title: Gabbeh (1996). Genres: Drama
1577,Mondo (1996),Drama,Movie title: Mondo (1996). Genres: Drama
1578,"Innocent Sleep, The (1995)",Crime,"Movie title: Innocent Sleep, The (1995). Genres: Crime"
1579,For Ever Mozart (1996),Drama,Movie title: For Ever Mozart (1996). Genres: Drama
1580,Men in Black (1997),Action|Adventure|Comedy|Sci-Fi,Movie title: Men in Black (1997). Genres: Action|Adventure|Comedy|Sci-Fi
1581,Out to Sea (1997),Comedy,Movie title: Out to Sea (1997). Genres: Comedy
1582,Wild America (1997),Adventure|Children's,Movie title: Wild America (1997). Genres: Adventure|Children's
1583,"Simple Wish, A (1997)",Children's|Fantasy,"Movie title: Simple Wish, A (1997). Genres: Children's|Fantasy"
1584,Contact (1997),Drama|Sci-Fi,Movie title: Contact (1997). Genres: Drama|Sci-Fi
1585,Love Serenade (1996),Comedy,Movie title: Love Serenade (1996). Genres: Comedy
1586,G.I. Jane (1997),Action|Drama|War,Movie title: G.I. Jane (1997). Genres: Action|Drama|War
1587,Conan the Barbarian (1982),Action|Adventure,Movie title: Conan the Barbarian (1982). Genres: Action|Adventure
1588,George of the Jungle (1997),Children's|Comedy,Movie title: George of the Jungle (1997). Genres: Children's|Comedy
1589,Cop Land (1997),Crime|Drama|Mystery,Movie title: Cop Land (1997). Genres: Crime|Drama|Mystery
1590,Event Horizon (1997),Action|Mystery|Sci-Fi|Thriller,Movie title: Event Horizon (1997). Genres: Action|Mystery|Sci-Fi|Thriller
1591,Spawn (1997),Action|Adventure|Sci-Fi|Thriller,Movie title: Spawn (1997). Genres: Action|Adventure|Sci-Fi|Thriller
1592,Air Bud (1997),Children's|Comedy,Movie title: Air Bud (1997). Genres: Children's|Comedy
1593,Picture Perfect (1997),Comedy|Romance,Movie title: Picture Perfect (1997). Genres: Comedy|Romance
1594,In the Company of Men (1997),Drama,Movie title: In the Company of Men (1997). Genres: Drama
1595,Free Willy 3: The Rescue (1997),Adventure|Children's|Drama,Movie title: Free Willy 3: The Rescue (1997). Genres: Adventure|Children's|Drama
1596,Career Girls (1997),Drama,Movie title: Career Girls (1997). Genres: Drama
1597,Conspiracy Theory (1997),Action|Mystery|Romance|Thriller,Movie title: Conspiracy Theory (1997). Genres: Action|Mystery|Romance|Thriller
1598,Desperate Measures (1998),Crime|Drama|Thriller,Movie title: Desperate Measures (1998). Genres: Crime|Drama|Thriller
1599,Steel (1997),Action,Movie title: Steel (1997). Genres: Action
1600,She's So Lovely (1997),Drama|Romance,Movie title: She's So Lovely (1997). Genres: Drama|Romance
1601,Hoodlum (1997),Crime|Drama|Film-Noir,Movie title: Hoodlum (1997). Genres: Crime|Drama|Film-Noir
1602,Leave It to Beaver (1997),Comedy,Movie title: Leave It to Beaver (1997). Genres: Comedy
1603,Mimic (1997),Sci-Fi|Thriller,Movie title: Mimic (1997). Genres: Sci-Fi|Thriller
1604,Money Talks (1997),Action|Comedy,Movie title: Money Talks (1997). Genres: Action|Comedy
1605,Excess Baggage (1997),Adventure|Romance,Movie title: Excess Baggage (1997). Genres: Adventure|Romance
1606,Kull the Conqueror (1997),Action|Adventure,Movie title: Kull the Conqueror (1997). Genres: Action|Adventure
1608,Air Force One (1997),Action|Thriller,Movie title: Air Force One (1997). Genres: Action|Thriller
1609,187 (1997),Drama,Movie title: 187 (1997). Genres: Drama
1610,"Hunt for Red October, The (1990)",Action|Thriller,"Movie title: Hunt for Red October, The (1990). Genres: Action|Thriller"
1611,My Own Private Idaho (1991),Drama,Movie title: My Own Private Idaho (1991). Genres: Drama
1612,"Kiss Me, Guido (1997)",Comedy,"Movie title: Kiss Me, Guido (1997). Genres: Comedy"
1613,Star Maps (1997),Drama,Movie title: Star Maps (1997). Genres: Drama
1614,In & Out (1997),Comedy,Movie title: In & Out (1997). Genres: Comedy
1615,"Edge, The (1997)",Adventure|Thriller,"Movie title: Edge, The (1997). Genres: Adventure|Thriller"
1616,"Peacemaker, The (1997)",Action|Thriller|War,"Movie title: Peacemaker, The (1997). Genres: Action|Thriller|War"
1617,L.A. Confidential (1997),Crime|Film-Noir|Mystery|Thriller,Movie title: L.A. Confidential (1997). Genres: Crime|Film-Noir|Mystery|Thriller
1619,Seven Years in Tibet (1997),Drama|War,Movie title: Seven Years in Tibet (1997). Genres: Drama|War
1620,Kiss the Girls (1997),Crime|Drama|Thriller,Movie title: Kiss the Girls (1997). Genres: Crime|Drama|Thriller
1621,Soul Food (1997),Drama,Movie title: Soul Food (1997). Genres: Drama
1622,Kicked in the Head (1997),Comedy|Drama,Movie title: Kicked in the Head (1997). Genres: Comedy|Drama
1623,Wishmaster (1997),Horror,Movie title: Wishmaster (1997). Genres: Horror
1624,"Thousand Acres, A (1997)",Drama,"Movie title: Thousand Acres, A (1997). Genres: Drama"
1625,"Game, The (1997)",Mystery|Thriller,"Movie title: Game, The (1997). Genres: Mystery|Thriller"
1626,Fire Down Below (1997),Action|Drama|Thriller,Movie title: Fire Down Below (1997). Genres: Action|Drama|Thriller
1627,U Turn (1997),Action|Crime|Mystery,Movie title: U Turn (1997). Genres: Action|Crime|Mystery
1628,"Locusts, The (1997)",Drama,"Movie title: Locusts, The (1997). Genres: Drama"
1629,"MatchMaker, The (1997)",Comedy|Romance,"Movie title: MatchMaker, The (1997). Genres: Comedy|Romance"
1630,"Lay of the Land, The (1997)",Comedy|Drama,"Movie title: Lay of the Land, The (1997). Genres: Comedy|Drama"
1631,"Assignment, The (1997)",Thriller,"Movie title: Assignment, The (1997). Genres: Thriller"
1632,"Smile Like Yours, A (1997)",Comedy|Romance,"Movie title: Smile Like Yours, A (1997). Genres: Comedy|Romance"
1633,Ulee's Gold (1997),Drama,Movie title: Ulee's Gold (1997). Genres: Drama
1635,"Ice Storm, The (1997)",Drama,"Movie title: Ice Storm, The (1997). Genres: Drama"
1636,Stag (1997),Action|Thriller,Movie title: Stag (1997). Genres: Action|Thriller
1639,Chasing Amy (1997),Drama|Romance,Movie title: Chasing Amy (1997). Genres: Drama|Romance
1640,How to Be a Player (1997),Comedy,Movie title: How to Be a Player (1997). Genres: Comedy
1641,"Full Monty, The (1997)",Comedy,"Movie title: Full Monty, The (1997). Genres: Comedy"
1642,Indian Summer (a.k.a. Alive & Kicking) (1996),Comedy|Drama,Movie title: Indian Summer (a.k.a. Alive & Kicking) (1996). Genres: Comedy|Drama
1643,"Mrs. Brown (Her Majesty, Mrs. Brown) (1997)",Drama|Romance,"Movie title: Mrs. Brown (Her Majesty, Mrs. Brown) (1997). Genres: Drama|Romance"
1644,I Know What You Did Last Summer (1997),Horror|Mystery|Thriller,Movie title: I Know What You Did Last Summer (1997). Genres: Horror|Mystery|Thriller
1645,"Devil's Advocate, The (1997)",Crime|Horror|Mystery|Thriller,"Movie title: Devil's Advocate, The (1997). Genres: Crime|Horror|Mystery|Thriller"
1646,Rocket Man (1997),Comedy,Movie title: Rocket Man (1997). Genres: Comedy
1647,Playing God (1997),Crime|Thriller,Movie title: Playing God (1997). Genres: Crime|Thriller
1648,"House of Yes, The (1997)",Comedy|Drama|Thriller,"Movie title: House of Yes, The (1997). Genres: Comedy|Drama|Thriller"
1649,"Fast, Cheap & Out of Control (1997)",Documentary,"Movie title: Fast, Cheap & Out of Control (1997). Genres: Documentary"
1650,Washington Square (1997),Drama,Movie title: Washington Square (1997). Genres: Drama
1651,Telling Lies in America (1997),Drama,Movie title: Telling Lies in America (1997). Genres: Drama
1652,Year of the Horse (1997),Documentary,Movie title: Year of the Horse (1997). Genres: Documentary
1653,Gattaca (1997),Drama|Sci-Fi|Thriller,Movie title: Gattaca (1997). Genres: Drama|Sci-Fi|Thriller
1654,FairyTale: A True Story (1997),Children's|Drama|Fantasy,Movie title: FairyTale: A True Story (1997). Genres: Children's|Drama|Fantasy
1655,Phantoms (1998),Horror,Movie title: Phantoms (1998). Genres: Horror
1656,Swept from the Sea (1997),Romance,Movie title: Swept from the Sea (1997). Genres: Romance
1657,Wonderland (1997),Documentary,Movie title: Wonderland (1997). Genres: Documentary
1658,"Life Less Ordinary, A (1997)",Romance|Thriller,"Movie title: Life Less Ordinary, A (1997). Genres: Romance|Thriller"
1659,Hurricane Streets (1998),Drama,Movie title: Hurricane Streets (1998). Genres: Drama
1660,Eve's Bayou (1997),Drama,Movie title: Eve's Bayou (1997). Genres: Drama
1661,Switchback (1997),Thriller,Movie title: Switchback (1997). Genres: Thriller
1662,Gang Related (1997),Crime,Movie title: Gang Related (1997). Genres: Crime
1663,Stripes (1981),Comedy,Movie title: Stripes (1981). Genres: Comedy
1664,Nénette et Boni (1996),Drama,Movie title: Nénette et Boni (1996). Genres: Drama
1665,Bean (1997),Comedy,Movie title: Bean (1997). Genres: Comedy
1666,Hugo Pool (1997),Romance,Movie title: Hugo Pool (1997). Genres: Romance
1667,Mad City (1997),Action|Drama,Movie title: Mad City (1997). Genres: Action|Drama
1668,One Night Stand (1997),Drama,Movie title: One Night Stand (1997). Genres: Drama
1669,"Tango Lesson, The (1997)",Romance,"Movie title: Tango Lesson, The (1997). Genres: Romance"
1670,Welcome To Sarajevo (1997),Drama|War,Movie title: Welcome To Sarajevo (1997). Genres: Drama|War
1671,Deceiver (1997),Crime,Movie title: Deceiver (1997). Genres: Crime
1672,"Rainmaker, The (1997)",Drama,"Movie title: Rainmaker, The (1997). Genres: Drama"
1673,Boogie Nights (1997),Drama,Movie title: Boogie Nights (1997). Genres: Drama
1674,Witness (1985),Drama|Romance|Thriller,Movie title: Witness (1985). Genres: Drama|Romance|Thriller
1675,Incognito (1997),Crime|Thriller,Movie title: Incognito (1997). Genres: Crime|Thriller
1676,Starship Troopers (1997),Action|Adventure|Sci-Fi|War,Movie title: Starship Troopers (1997). Genres: Action|Adventure|Sci-Fi|War
1677,Critical Care (1997),Comedy,Movie title: Critical Care (1997). Genres: Comedy
1678,"Joy Luck Club, The (1993)",Drama,"Movie title: Joy Luck Club, The (1993). Genres: Drama"
1679,Chairman of the Board (1998),Comedy,Movie title: Chairman of the Board (1998). Genres: Comedy
1680,Sliding Doors (1998),Drama|Romance,Movie title: Sliding Doors (1998). Genres: Drama|Romance
1681,Mortal Kombat: Annihilation (1997),Action|Adventure,Movie title: Mortal Kombat: Annihilation (1997). Genres: Action|Adventure
1682,"Truman Show, The (1998)",Drama,"Movie title: Truman Show, The (1998). Genres: Drama"
1683,"Wings of the Dove, The (1997)",Drama|Romance|Thriller,"Movie title: Wings of the Dove, The (1997). Genres: Drama|Romance|Thriller"
1684,Mrs. Dalloway (1997),Romance,Movie title: Mrs. Dalloway (1997). Genres: Romance
1685,"I Love You, I Love You Not (1996)",Romance,"Movie title: I Love You, I Love You Not (1996). Genres: Romance"
1686,Red Corner (1997),Crime|Thriller,Movie title: Red Corner (1997). Genres: Crime|Thriller
1687,"Jackal, The (1997)",Action|Thriller,"Movie title: Jackal, The (1997). Genres: Action|Thriller"
1688,Anastasia (1997),Animation|Children's|Musical,Movie title: Anastasia (1997). Genres: Animation|Children's|Musical
1689,"Man Who Knew Too Little, The (1997)",Comedy|Mystery,"Movie title: Man Who Knew Too Little, The (1997). Genres: Comedy|Mystery"
1690,Alien: Resurrection (1997),Action|Horror|Sci-Fi,Movie title: Alien: Resurrection (1997). Genres: Action|Horror|Sci-Fi
1692,Alien Escape (1995),Horror|Sci-Fi,Movie title: Alien Escape (1995). Genres: Horror|Sci-Fi
1693,Amistad (1997),Drama,Movie title: Amistad (1997). Genres: Drama
1694,"Apostle, The (1997)",Drama,"Movie title: Apostle, The (1997). Genres: Drama"
1695,Artemisia (1997),Drama,Movie title: Artemisia (1997). Genres: Drama
1696,Bent (1997),Drama|War,Movie title: Bent (1997). Genres: Drama|War
1697,"Big Bang Theory, The (1994)",Crime,"Movie title: Big Bang Theory, The (1994). Genres: Crime"
1698,"Boys, Les (1997)",Comedy,"Movie title: Boys, Les (1997). Genres: Comedy"
1699,"Butcher Boy, The (1998)",Drama,"Movie title: Butcher Boy, The (1998). Genres: Drama"
1701,Deconstructing Harry (1997),Comedy|Drama,Movie title: Deconstructing Harry (1997). Genres: Comedy|Drama
1702,Flubber (1997),Children's|Comedy|Fantasy,Movie title: Flubber (1997). Genres: Children's|Comedy|Fantasy
1703,For Richer or Poorer (1997),Comedy,Movie title: For Richer or Poorer (1997). Genres: Comedy
1704,Good Will Hunting (1997),Drama,Movie title: Good Will Hunting (1997). Genres: Drama
1705,Guy (1996),Drama,Movie title: Guy (1996). Genres: Drama
1706,Harlem River Drive (1996),Drama,Movie title: Harlem River Drive (1996). Genres: Drama
1707,Home Alone 3 (1997),Children's|Comedy,Movie title: Home Alone 3 (1997). Genres: Children's|Comedy
1708,Ill Gotten Gains (1997),Drama,Movie title: Ill Gotten Gains (1997). Genres: Drama
1709,Legal Deceit (1997),Thriller,Movie title: Legal Deceit (1997). Genres: Thriller
1710,Man of Her Dreams (1996),Drama,Movie title: Man of Her Dreams (1996). Genres: Drama
1711,Midnight in the Garden of Good and Evil (1997),Comedy|Crime|Drama|Mystery,Movie title: Midnight in the Garden of Good and Evil (1997). Genres: Comedy|Crime|Drama|Mystery
1713,Mouse Hunt (1997),Children's|Comedy,Movie title: Mouse Hunt (1997). Genres: Children's|Comedy
1714,Never Met Picasso (1996),Romance,Movie title: Never Met Picasso (1996). Genres: Romance
1715,Office Killer (1997),Thriller,Movie title: Office Killer (1997). Genres: Thriller
1716,"Other Voices, Other Rooms (1997)",Drama,"Movie title: Other Voices, Other Rooms (1997). Genres: Drama"
1717,Scream 2 (1997),Horror|Thriller,Movie title: Scream 2 (1997). Genres: Horror|Thriller
1718,Stranger in the House (1997),Thriller,Movie title: Stranger in the House (1997). Genres: Thriller
1719,"Sweet Hereafter, The (1997)",Drama,"Movie title: Sweet Hereafter, The (1997). Genres: Drama"
1720,Time Tracers (1995),Action|Adventure|Sci-Fi,Movie title: Time Tracers (1995). Genres: Action|Adventure|Sci-Fi
1721,Titanic (1997),Drama|Romance,Movie title: Titanic (1997). Genres: Drama|Romance
1722,Tomorrow Never Dies (1997),Action|Romance|Thriller,Movie title: Tomorrow Never Dies (1997). Genres: Action|Romance|Thriller
1723,Twisted (1996),Comedy|Drama,Movie title: Twisted (1996). Genres: Comedy|Drama
1724,Full Speed (1996),Drama,Movie title: Full Speed (1996). Genres: Drama
1725,"Education of Little Tree, The (1997)",Drama,"Movie title: Education of Little Tree, The (1997). Genres: Drama"
1726,"Postman, The (1997)",Drama,"Movie title: Postman, The (1997). Genres: Drama"
1727,"Horse Whisperer, The (1998)",Drama,"Movie title: Horse Whisperer, The (1998). Genres: Drama"
1728,"Winter Guest, The (1997)",Drama,"Movie title: Winter Guest, The (1997). Genres: Drama"
1729,Jackie Brown (1997),Crime|Drama,Movie title: Jackie Brown (1997). Genres: Crime|Drama
1730,Kundun (1997),Drama,Movie title: Kundun (1997). Genres: Drama
1731,Mr. Magoo (1997),Comedy,Movie title: Mr. Magoo (1997). Genres: Comedy
1732,"Big Lebowski, The (1998)",Comedy|Crime|Mystery|Thriller,"Movie title: Big Lebowski, The (1998). Genres: Comedy|Crime|Mystery|Thriller"
1733,Afterglow (1997),Drama|Romance,Movie title: Afterglow (1997). Genres: Drama|Romance
1734,My Life in Pink (Ma vie en rose) (1997),Comedy|Drama,Movie title: My Life in Pink (Ma vie en rose) (1997). Genres: Comedy|Drama
1735,Great Expectations (1998),Drama|Romance,Movie title: Great Expectations (1998). Genres: Drama|Romance
1738,Vermin (1998),Comedy,Movie title: Vermin (1998). Genres: Comedy
1739,3 Ninjas: High Noon On Mega Mountain (1998),Action|Children's,Movie title: 3 Ninjas: High Noon On Mega Mountain (1998). Genres: Action|Children's
1740,Men of Means (1998),Action|Drama,Movie title: Men of Means (1998). Genres: Action|Drama
1741,"Midaq Alley (Callejón de los milagros, El) (1995)",Drama,"Movie title: Midaq Alley (Callejón de los milagros, El) (1995). Genres: Drama"
1742,Caught Up (1998),Crime,Movie title: Caught Up (1998). Genres: Crime
1743,Arguing the World (1996),Documentary,Movie title: Arguing the World (1996). Genres: Documentary
1744,Firestorm (1998),Action|Adventure|Thriller,Movie title: Firestorm (1998). Genres: Action|Adventure|Thriller
1746,Senseless (1998),Comedy,Movie title: Senseless (1998). Genres: Comedy
1747,Wag the Dog (1997),Comedy|Drama,Movie title: Wag the Dog (1997). Genres: Comedy|Drama
1748,Dark City (1998),Film-Noir|Sci-Fi|Thriller,Movie title: Dark City (1998). Genres: Film-Noir|Sci-Fi|Thriller
1749,"Leading Man, The (1996)",Romance,"Movie title: Leading Man, The (1996). Genres: Romance"
1750,Star Kid (1997),Adventure|Children's|Fantasy|Sci-Fi,Movie title: Star Kid (1997). Genres: Adventure|Children's|Fantasy|Sci-Fi
1752,Hard Rain (1998),Action|Thriller,Movie title: Hard Rain (1998). Genres: Action|Thriller
1753,Half Baked (1998),Comedy,Movie title: Half Baked (1998). Genres: Comedy
1754,Fallen (1998),Action|Mystery|Thriller,Movie title: Fallen (1998). Genres: Action|Mystery|Thriller
1755,Shooting Fish (1997),Romance,Movie title: Shooting Fish (1997). Genres: Romance
1756,"Prophecy II, The (1998)",Horror,"Movie title: Prophecy II, The (1998). Genres: Horror"
1757,Duoluo tianshi (1995),Drama,Movie title: Duoluo tianshi (1995). Genres: Drama
1758,Dangerous Beauty (1998),Drama,Movie title: Dangerous Beauty (1998). Genres: Drama
1759,Four Days in September (1997),Drama,Movie title: Four Days in September (1997). Genres: Drama
1760,Spice World (1997),Comedy|Musical,Movie title: Spice World (1997). Genres: Comedy|Musical
1762,Deep Rising (1998),Action|Horror|Sci-Fi,Movie title: Deep Rising (1998). Genres: Action|Horror|Sci-Fi
1764,Tainted (1998),Comedy|Thriller,Movie title: Tainted (1998). Genres: Comedy|Thriller
1765,"Letter From Death Row, A (1998)",Crime|Drama,"Movie title: Letter From Death Row, A (1998). Genres: Crime|Drama"
1767,Music From Another Room (1998),Drama|Romance,Movie title: Music From Another Room (1998). Genres: Drama|Romance
1768,Mat' i syn (1997),Drama,Movie title: Mat' i syn (1997). Genres: Drama
1769,"Replacement Killers, The (1998)",Action|Thriller,"Movie title: Replacement Killers, The (1998). Genres: Action|Thriller"
1770,B. Monkey (1998),Romance|Thriller,Movie title: B. Monkey (1998). Genres: Romance|Thriller
1771,Night Flier (1997),Horror,Movie title: Night Flier (1997). Genres: Horror
1772,Blues Brothers 2000 (1998),Action|Comedy|Musical,Movie title: Blues Brothers 2000 (1998). Genres: Action|Comedy|Musical
1773,Tokyo Fist (1995),Action|Drama,Movie title: Tokyo Fist (1995). Genres: Action|Drama
1774,Mass Transit (1998),Comedy|Drama,Movie title: Mass Transit (1998). Genres: Comedy|Drama
1776,Ride (1998),Drama,Movie title: Ride (1998). Genres: Drama
1777,"Wedding Singer, The (1998)",Comedy|Romance,"Movie title: Wedding Singer, The (1998). Genres: Comedy|Romance"
1779,Sphere (1998),Adventure|Sci-Fi|Thriller,Movie title: Sphere (1998). Genres: Adventure|Sci-Fi|Thriller
1780,Ayn Rand: A Sense of Life (1997),Documentary,Movie title: Ayn Rand: A Sense of Life (1997). Genres: Documentary
1781,"Further Gesture, A (1996)",Drama,"Movie title: Further Gesture, A (1996). Genres: Drama"
1782,Little City (1998),Comedy|Romance,Movie title: Little City (1998). Genres: Comedy|Romance
1783,Palmetto (1998),Film-Noir|Mystery|Thriller,Movie title: Palmetto (1998). Genres: Film-Noir|Mystery|Thriller
1784,As Good As It Gets (1997),Comedy|Drama,Movie title: As Good As It Gets (1997). Genres: Comedy|Drama
1785,King of New York (1990),Action|Crime,Movie title: King of New York (1990). Genres: Action|Crime
1787,"Paralyzing Fear: The Story of Polio in America, A (1998)",Documentary,"Movie title: Paralyzing Fear: The Story of Polio in America, A (1998). Genres: Documentary"
1788,Men With Guns (1997),Action|Drama,Movie title: Men With Guns (1997). Genres: Action|Drama
1789,"Sadness of Sex, The (1995)",Drama,"Movie title: Sadness of Sex, The (1995). Genres: Drama"
1791,Twilight (1998),Crime|Drama,Movie title: Twilight (1998). Genres: Crime|Drama
1792,U.S. Marshalls (1998),Action|Thriller,Movie title: U.S. Marshalls (1998). Genres: Action|Thriller
1793,Welcome to Woop-Woop (1997),Comedy,Movie title: Welcome to Woop-Woop (1997). Genres: Comedy
1794,Love and Death on Long Island (1997),Comedy|Drama,Movie title: Love and Death on Long Island (1997). Genres: Comedy|Drama
1795,"Callejón de los milagros, El (1995)",Drama,"Movie title: Callejón de los milagros, El (1995). Genres: Drama"
1796,In God's Hands (1998),Action|Drama,Movie title: In God's Hands (1998). Genres: Action|Drama
1797,Everest (1998),Documentary,Movie title: Everest (1998). Genres: Documentary
1798,Hush (1998),Thriller,Movie title: Hush (1998). Genres: Thriller
1799,Suicide Kings (1997),Crime|Drama,Movie title: Suicide Kings (1997). Genres: Crime|Drama
1801,"Man in the Iron Mask, The (1998)",Action|Drama|Romance,"Movie title: Man in the Iron Mask, The (1998). Genres: Action|Drama|Romance"
1804,"Newton Boys, The (1998)",Crime|Drama,"Movie title: Newton Boys, The (1998). Genres: Crime|Drama"
1805,Wild Things (1998),Crime|Drama|Mystery|Thriller,Movie title: Wild Things (1998). Genres: Crime|Drama|Mystery|Thriller
1806,Paulie (1998),Adventure|Children's|Comedy,Movie title: Paulie (1998). Genres: Adventure|Children's|Comedy
1807,"Cool Dry Place, A (1998)",Drama,"Movie title: Cool Dry Place, A (1998). Genres: Drama"
1809,Hana-bi (1997),Comedy|Crime|Drama,Movie title: Hana-bi (1997). Genres: Comedy|Crime|Drama
1810,Primary Colors (1998),Drama,Movie title: Primary Colors (1998). Genres: Drama
1811,"Niagara, Niagara (1997)",Drama,"Movie title: Niagara, Niagara (1997). Genres: Drama"
1812,Wide Awake (1998),Children's|Comedy|Drama,Movie title: Wide Awake (1998). Genres: Children's|Comedy|Drama
1814,"Price Above Rubies, A (1998)",Drama,"Movie title: Price Above Rubies, A (1998). Genres: Drama"
1815,Eden (1997),Drama,Movie title: Eden (1997). Genres: Drama
1816,Two Girls and a Guy (1997),Comedy|Drama,Movie title: Two Girls and a Guy (1997). Genres: Comedy|Drama
1817,No Looking Back (1998),Comedy|Drama|Romance,Movie title: No Looking Back (1998). Genres: Comedy|Drama|Romance
1819,Storefront Hitchcock (1997),Drama,Movie title: Storefront Hitchcock (1997). Genres: Drama
1820,"Proposition, The (1998)",Drama,"Movie title: Proposition, The (1998). Genres: Drama"
1821,"Object of My Affection, The (1998)",Comedy|Romance,"Movie title: Object of My Affection, The (1998). Genres: Comedy|Romance"
1822,Meet the Deedles (1998),Children's|Comedy,Movie title: Meet the Deedles (1998). Genres: Children's|Comedy
1824,Homegrown (1998),Comedy|Thriller,Movie title: Homegrown (1998). Genres: Comedy|Thriller
1825,"Player's Club, The (1998)",Action|Drama,"Movie title: Player's Club, The (1998). Genres: Action|Drama"
1826,Barney's Great Adventure (1998),Adventure|Children's,Movie title: Barney's Great Adventure (1998). Genres: Adventure|Children's
1827,"Big One, The (1997)",Comedy|Documentary,"Movie title: Big One, The (1997). Genres: Comedy|Documentary"
1829,Chinese Box (1997),Drama|Romance,Movie title: Chinese Box (1997). Genres: Drama|Romance
1830,Follow the Bitch (1998),Comedy,Movie title: Follow the Bitch (1998). Genres: Comedy
1831,Lost in Space (1998),Action|Sci-Fi|Thriller,Movie title: Lost in Space (1998). Genres: Action|Sci-Fi|Thriller
1832,Heaven's Burning (1997),Action|Drama,Movie title: Heaven's Burning (1997). Genres: Action|Drama
1833,Mercury Rising (1998),Action|Drama|Thriller,Movie title: Mercury Rising (1998). Genres: Action|Drama|Thriller
1834,"Spanish Prisoner, The (1997)",Drama|Thriller,"Movie title: Spanish Prisoner, The (1997). Genres: Drama|Thriller"
1835,City of Angels (1998),Romance,Movie title: City of Angels (1998). Genres: Romance
1836,"Last Days of Disco, The (1998)",Drama,"Movie title: Last Days of Disco, The (1998). Genres: Drama"
1837,"Odd Couple II, The (1998)",Comedy,"Movie title: Odd Couple II, The (1998). Genres: Comedy"
1839,My Giant (1998),Comedy,Movie title: My Giant (1998). Genres: Comedy
1840,He Got Game (1998),Drama,Movie title: He Got Game (1998). Genres: Drama
1841,"Gingerbread Man, The (1998)",Drama|Thriller,"Movie title: Gingerbread Man, The (1998). Genres: Drama|Thriller"
1842,Illtown (1996),Crime|Drama,Movie title: Illtown (1996). Genres: Crime|Drama
1843,Slappy and the Stinkers (1998),Children's|Comedy,Movie title: Slappy and the Stinkers (1998). Genres: Children's|Comedy
1844,Live Flesh (1997),Drama,Movie title: Live Flesh (1997). Genres: Drama
1845,Zero Effect (1998),Comedy|Thriller,Movie title: Zero Effect (1998). Genres: Comedy|Thriller
1846,Nil By Mouth (1997),Drama,Movie title: Nil By Mouth (1997). Genres: Drama
1847,Ratchet (1996),Drama|Thriller,Movie title: Ratchet (1996). Genres: Drama|Thriller
1848,"Borrowers, The (1997)",Adventure|Children's|Comedy|Fantasy,"Movie title: Borrowers, The (1997). Genres: Adventure|Children's|Comedy|Fantasy"
1849,Prince Valiant (1997),Adventure,Movie title: Prince Valiant (1997). Genres: Adventure
1850,"I Love You, Don't Touch Me! (1998)",Drama|Romance,"Movie title: I Love You, Don't Touch Me! (1998). Genres: Drama|Romance"
1851,Leather Jacket Love Story (1997),Drama|Romance,Movie title: Leather Jacket Love Story (1997). Genres: Drama|Romance
1852,Love Walked In (1998),Drama|Thriller,Movie title: Love Walked In (1998). Genres: Drama|Thriller
1853,"Alan Smithee Film: Burn Hollywood Burn, An (1997)",Comedy,"Movie title: Alan Smithee Film: Burn Hollywood Burn, An (1997). Genres: Comedy"
1854,Kissing a Fool (1998),Comedy|Romance,Movie title: Kissing a Fool (1998). Genres: Comedy|Romance
1855,Krippendorf's Tribe (1998),Comedy,Movie title: Krippendorf's Tribe (1998). Genres: Comedy
1856,Kurt & Courtney (1998),Documentary|Musical,Movie title: Kurt & Courtney (1998). Genres: Documentary|Musical
1857,"Real Blonde, The (1997)",Comedy,"Movie title: Real Blonde, The (1997). Genres: Comedy"
1858,Mr. Nice Guy (1997),Action|Comedy,Movie title: Mr. Nice Guy (1997). Genres: Action|Comedy
1859,Taste of Cherry (1997),Drama,Movie title: Taste of Cherry (1997). Genres: Drama
1860,Character (Karakter) (1997),Drama,Movie title: Character (Karakter) (1997). Genres: Drama
1861,Junk Mail (1997),Comedy|Thriller,Movie title: Junk Mail (1997). Genres: Comedy|Thriller
1862,Species II (1998),Horror|Sci-Fi,Movie title: Species II (1998). Genres: Horror|Sci-Fi
1863,Major League: Back to the Minors (1998),Comedy,Movie title: Major League: Back to the Minors (1998). Genres: Comedy
1864,Sour Grapes (1998),Comedy,Movie title: Sour Grapes (1998). Genres: Comedy
1865,Wild Man Blues (1998),Documentary,Movie title: Wild Man Blues (1998). Genres: Documentary
1866,"Big Hit, The (1998)",Action|Comedy,"Movie title: Big Hit, The (1998). Genres: Action|Comedy"
1867,Tarzan and the Lost City (1998),Action|Adventure,Movie title: Tarzan and the Lost City (1998). Genres: Action|Adventure
1868,"Truce, The (1996)",Drama|War,"Movie title: Truce, The (1996). Genres: Drama|War"
1869,Black Dog (1998),Action|Thriller,Movie title: Black Dog (1998). Genres: Action|Thriller
1870,"Dancer, Texas Pop. 81 (1998)",Comedy|Drama,"Movie title: Dancer, Texas Pop. 81 (1998). Genres: Comedy|Drama"
1871,"Friend of the Deceased, A (1997)",Comedy|Drama,"Movie title: Friend of the Deceased, A (1997). Genres: Comedy|Drama"
1872,Go Now (1995),Drama,Movie title: Go Now (1995). Genres: Drama
1873,"Misérables, Les (1998)",Drama,"Movie title: Misérables, Les (1998). Genres: Drama"
1874,Still Breathing (1997),Comedy|Romance,Movie title: Still Breathing (1997). Genres: Comedy|Romance
1875,Clockwatchers (1997),Comedy,Movie title: Clockwatchers (1997). Genres: Comedy
1876,Deep Impact (1998),Action|Drama|Sci-Fi|Thriller,Movie title: Deep Impact (1998). Genres: Action|Drama|Sci-Fi|Thriller
1877,Little Men (1998),Drama,Movie title: Little Men (1998). Genres: Drama
1878,Woo (1998),Comedy|Romance,Movie title: Woo (1998). Genres: Comedy|Romance
1879,"Hanging Garden, The (1997)",Drama,"Movie title: Hanging Garden, The (1997). Genres: Drama"
1880,Lawn Dogs (1997),Drama,Movie title: Lawn Dogs (1997). Genres: Drama
1881,Quest for Camelot (1998),Adventure|Animation|Children's|Fantasy,Movie title: Quest for Camelot (1998). Genres: Adventure|Animation|Children's|Fantasy
1882,Godzilla (1998),Action|Sci-Fi,Movie title: Godzilla (1998). Genres: Action|Sci-Fi
1883,Bulworth (1998),Comedy,Movie title: Bulworth (1998). Genres: Comedy
1884,Fear and Loathing in Las Vegas (1998),Comedy|Drama,Movie title: Fear and Loathing in Las Vegas (1998). Genres: Comedy|Drama
1885,"Opposite of Sex, The (1998)",Comedy|Drama,"Movie title: Opposite of Sex, The (1998). Genres: Comedy|Drama"
1886,I Got the Hook Up (1998),Comedy,Movie title: I Got the Hook Up (1998). Genres: Comedy
1887,Almost Heroes (1998),Adventure|Comedy,Movie title: Almost Heroes (1998). Genres: Adventure|Comedy
1888,Hope Floats (1998),Comedy|Drama|Romance,Movie title: Hope Floats (1998). Genres: Comedy|Drama|Romance
1889,Insomnia (1997),Thriller,Movie title: Insomnia (1997). Genres: Thriller
1890,Little Boy Blue (1997),Drama,Movie title: Little Boy Blue (1997). Genres: Drama
1891,"Ugly, The (1997)",Horror|Thriller,"Movie title: Ugly, The (1997). Genres: Horror|Thriller"
1892,"Perfect Murder, A (1998)",Mystery|Thriller,"Movie title: Perfect Murder, A (1998). Genres: Mystery|Thriller"
1893,Beyond Silence (1996),Drama,Movie title: Beyond Silence (1996). Genres: Drama
1894,Six Days Seven Nights (1998),Adventure|Comedy|Romance,Movie title: Six Days Seven Nights (1998). Genres: Adventure|Comedy|Romance
1895,Can't Hardly Wait (1998),Comedy|Drama|Romance,Movie title: Can't Hardly Wait (1998). Genres: Comedy|Drama|Romance
1896,Cousin Bette (1998),Comedy,Movie title: Cousin Bette (1998). Genres: Comedy
1897,High Art (1998),Drama|Romance,Movie title: High Art (1998). Genres: Drama|Romance
1898,"Land Girls, The (1998)",Drama|War,"Movie title: Land Girls, The (1998). Genres: Drama|War"
1899,Passion in the Desert (1998),Adventure|Drama,Movie title: Passion in the Desert (1998). Genres: Adventure|Drama
1900,"Children of Heaven, The (Bacheha-Ye Aseman) (1997)",Drama,"Movie title: Children of Heaven, The (Bacheha-Ye Aseman) (1997). Genres: Drama"
1901,Dear Jesse (1997),Documentary,Movie title: Dear Jesse (1997). Genres: Documentary
1902,Dream for an Insomniac (1996),Drama|Romance,Movie title: Dream for an Insomniac (1996). Genres: Drama|Romance
1903,Hav Plenty (1997),Comedy,Movie title: Hav Plenty (1997). Genres: Comedy
1904,Henry Fool (1997),Comedy|Drama,Movie title: Henry Fool (1997). Genres: Comedy|Drama
1905,Marie Baie Des Anges (1997),Drama,Movie title: Marie Baie Des Anges (1997). Genres: Drama
1906,Mr. Jealousy (1997),Comedy|Romance,Movie title: Mr. Jealousy (1997). Genres: Comedy|Romance
1907,Mulan (1998),Animation|Children's,Movie title: Mulan (1998). Genres: Animation|Children's
1908,Resurrection Man (1998),Drama|Thriller,Movie title: Resurrection Man (1998). Genres: Drama|Thriller
1909,"X-Files: Fight the Future, The (1998)",Mystery|Sci-Fi|Thriller,"Movie title: X-Files: Fight the Future, The (1998). Genres: Mystery|Sci-Fi|Thriller"
1910,I Went Down (1997),Action|Comedy|Crime,Movie title: I Went Down (1997). Genres: Action|Comedy|Crime
1911,Doctor Dolittle (1998),Comedy,Movie title: Doctor Dolittle (1998). Genres: Comedy
1912,Out of Sight (1998),Action|Crime|Romance,Movie title: Out of Sight (1998). Genres: Action|Crime|Romance
1913,Picnic at Hanging Rock (1975),Drama|Mystery,Movie title: Picnic at Hanging Rock (1975). Genres: Drama|Mystery
1914,Smoke Signals (1998),Comedy|Drama,Movie title: Smoke Signals (1998). Genres: Comedy|Drama
1915,Voyage to the Beginning of the World (1997),Drama,Movie title: Voyage to the Beginning of the World (1997). Genres: Drama
1916,Buffalo 66 (1998),Action|Comedy|Drama,Movie title: Buffalo 66 (1998). Genres: Action|Comedy|Drama
1917,Armageddon (1998),Action|Adventure|Sci-Fi|Thriller,Movie title: Armageddon (1998). Genres: Action|Adventure|Sci-Fi|Thriller
1918,Lethal Weapon 4 (1998),Action|Comedy|Crime|Drama,Movie title: Lethal Weapon 4 (1998). Genres: Action|Comedy|Crime|Drama
1919,Madeline (1998),Children's|Comedy,Movie title: Madeline (1998). Genres: Children's|Comedy
1920,Small Soldiers (1998),Animation|Children's|Fantasy|War,Movie title: Small Soldiers (1998). Genres: Animation|Children's|Fantasy|War
1921,Pi (1998),Sci-Fi|Thriller,Movie title: Pi (1998). Genres: Sci-Fi|Thriller
1922,Whatever (1998),Drama,Movie title: Whatever (1998). Genres: Drama
1923,There's Something About Mary (1998),Comedy,Movie title: There's Something About Mary (1998). Genres: Comedy
1924,Plan 9 from Outer Space (1958),Horror|Sci-Fi,Movie title: Plan 9 from Outer Space (1958). Genres: Horror|Sci-Fi
1925,Wings (1927),Drama|Romance|War,Movie title: Wings (1927). Genres: Drama|Romance|War
1926,"Broadway Melody, The (1929)",Musical,"Movie title: Broadway Melody, The (1929). Genres: Musical"
1927,All Quiet on the Western Front (1930),War,Movie title: All Quiet on the Western Front (1930). Genres: War
1928,Cimarron (1931),Western,Movie title: Cimarron (1931). Genres: Western
1929,Grand Hotel (1932),Drama,Movie title: Grand Hotel (1932). Genres: Drama
1930,Cavalcade (1933),Drama,Movie title: Cavalcade (1933). Genres: Drama
1931,Mutiny on the Bounty (1935),Adventure,Movie title: Mutiny on the Bounty (1935). Genres: Adventure
1932,"Great Ziegfeld, The (1936)",Musical,"Movie title: Great Ziegfeld, The (1936). Genres: Musical"
1933,"Life of Émile Zola, The (1937)",Drama,"Movie title: Life of Émile Zola, The (1937). Genres: Drama"
1934,You Can't Take It With You (1938),Comedy,Movie title: You Can't Take It With You (1938). Genres: Comedy
1935,How Green Was My Valley (1941),Drama,Movie title: How Green Was My Valley (1941). Genres: Drama
1936,Mrs. Miniver (1942),Drama|War,Movie title: Mrs. Miniver (1942). Genres: Drama|War
1937,Going My Way (1944),Comedy,Movie title: Going My Way (1944). Genres: Comedy
1938,"Lost Weekend, The (1945)",Drama,"Movie title: Lost Weekend, The (1945). Genres: Drama"
1939,"Best Years of Our Lives, The (1946)",Drama|War,"Movie title: Best Years of Our Lives, The (1946). Genres: Drama|War"
1940,Gentleman's Agreement (1947),Drama,Movie title: Gentleman's Agreement (1947). Genres: Drama
1941,Hamlet (1948),Drama,Movie title: Hamlet (1948). Genres: Drama
1942,All the King's Men (1949),Drama,Movie title: All the King's Men (1949). Genres: Drama
1943,"Greatest Show on Earth, The (1952)",Drama,"Movie title: Greatest Show on Earth, The (1952). Genres: Drama"
1944,From Here to Eternity (1953),Drama|Romance|War,Movie title: From Here to Eternity (1953). Genres: Drama|Romance|War
1945,On the Waterfront (1954),Crime|Drama,Movie title: On the Waterfront (1954). Genres: Crime|Drama
1946,Marty (1955),Drama|Romance,Movie title: Marty (1955). Genres: Drama|Romance
1947,West Side Story (1961),Musical|Romance,Movie title: West Side Story (1961). Genres: Musical|Romance
1948,Tom Jones (1963),Comedy,Movie title: Tom Jones (1963). Genres: Comedy
1949,"Man for All Seasons, A (1966)",Drama,"Movie title: Man for All Seasons, A (1966). Genres: Drama"
1950,In the Heat of the Night (1967),Drama|Mystery,Movie title: In the Heat of the Night (1967). Genres: Drama|Mystery
1951,Oliver! (1968),Musical,Movie title: Oliver! (1968). Genres: Musical
1952,Midnight Cowboy (1969),Drama,Movie title: Midnight Cowboy (1969). Genres: Drama
1953,"French Connection, The (1971)",Action|Crime|Drama|Thriller,"Movie title: French Connection, The (1971). Genres: Action|Crime|Drama|Thriller"
1954,Rocky (1976),Action|Drama,Movie title: Rocky (1976). Genres: Action|Drama
1955,Kramer Vs. Kramer (1979),Drama,Movie title: Kramer Vs. Kramer (1979). Genres: Drama
1956,Ordinary People (1980),Drama,Movie title: Ordinary People (1980). Genres: Drama
1957,Chariots of Fire (1981),Drama,Movie title: Chariots of Fire (1981). Genres: Drama
1958,Terms of Endearment (1983),Comedy|Drama,Movie title: Terms of Endearment (1983). Genres: Comedy|Drama
1959,Out of Africa (1985),Drama|Romance,Movie title: Out of Africa (1985). Genres: Drama|Romance
1960,"Last Emperor, The (1987)",Drama|War,"Movie title: Last Emperor, The (1987). Genres: Drama|War"
1961,Rain Man (1988),Drama,Movie title: Rain Man (1988). Genres: Drama
1962,Driving Miss Daisy (1989),Drama,Movie title: Driving Miss Daisy (1989). Genres: Drama
1963,Take the Money and Run (1969),Comedy,Movie title: Take the Money and Run (1969). Genres: Comedy
1964,Klute (1971),Drama|Mystery,Movie title: Klute (1971). Genres: Drama|Mystery
1965,Repo Man (1984),Comedy|Sci-Fi,Movie title: Repo Man (1984). Genres: Comedy|Sci-Fi
1966,Metropolitan (1990),Comedy,Movie title: Metropolitan (1990). Genres: Comedy
1967,Labyrinth (1986),Adventure|Children's|Fantasy,Movie title: Labyrinth (1986). Genres: Adventure|Children's|Fantasy
1968,"Breakfast Club, The (1985)",Comedy|Drama,"Movie title: Breakfast Club, The (1985). Genres: Comedy|Drama"
1969,"Nightmare on Elm Street Part 2: Freddy's Revenge, A (1985)",Horror,"Movie title: Nightmare on Elm Street Part 2: Freddy's Revenge, A (1985). Genres: Horror"
1970,"Nightmare on Elm Street 3: Dream Warriors, A (1987)",Horror,"Movie title: Nightmare on Elm Street 3: Dream Warriors, A (1987). Genres: Horror"
1971,"Nightmare on Elm Street 4: The Dream Master, A (1988)",Horror,"Movie title: Nightmare on Elm Street 4: The Dream Master, A (1988). Genres: Horror"
1972,"Nightmare on Elm Street 5: The Dream Child, A (1989)",Horror,"Movie title: Nightmare on Elm Street 5: The Dream Child, A (1989). Genres: Horror"
1973,Freddy's Dead: The Final Nightmare (1991),Horror,Movie title: Freddy's Dead: The Final Nightmare (1991). Genres: Horror
1974,Friday the 13th (1980),Horror,Movie title: Friday the 13th (1980). Genres: Horror
1975,Friday the 13th Part 2 (1981),Horror,Movie title: Friday the 13th Part 2 (1981). Genres: Horror
1976,Friday the 13th Part 3: 3D (1982),Horror,Movie title: Friday the 13th Part 3: 3D (1982). Genres: Horror
1977,Friday the 13th: The Final Chapter (1984),Horror,Movie title: Friday the 13th: The Final Chapter (1984). Genres: Horror
1978,Friday the 13th Part V: A New Beginning (1985),Horror,Movie title: Friday the 13th Part V: A New Beginning (1985). Genres: Horror
1979,Friday the 13th Part VI: Jason Lives (1986),Horror,Movie title: Friday the 13th Part VI: Jason Lives (1986). Genres: Horror
1980,Friday the 13th Part VII: The New Blood (1988),Horror,Movie title: Friday the 13th Part VII: The New Blood (1988). Genres: Horror
1981,Friday the 13th Part VIII: Jason Takes Manhattan (1989),Horror,Movie title: Friday the 13th Part VIII: Jason Takes Manhattan (1989). Genres: Horror
1982,Halloween (1978),Horror,Movie title: Halloween (1978). Genres: Horror
1983,Halloween II (1981),Horror,Movie title: Halloween II (1981). Genres: Horror
1984,Halloween III: Season of the Witch (1983),Horror,Movie title: Halloween III: Season of the Witch (1983). Genres: Horror
1985,Halloween 4: The Return of Michael Myers (1988),Horror,Movie title: Halloween 4: The Return of Michael Myers (1988). Genres: Horror
1986,Halloween 5: The Revenge of Michael Myers (1989),Horror,Movie title: Halloween 5: The Revenge of Michael Myers (1989). Genres: Horror
1987,Prom Night (1980),Horror,Movie title: Prom Night (1980). Genres: Horror
1988,Hello Mary Lou: Prom Night II (1987),Horror,Movie title: Hello Mary Lou: Prom Night II (1987). Genres: Horror
1989,Prom Night III: The Last Kiss (1989),Horror,Movie title: Prom Night III: The Last Kiss (1989). Genres: Horror
1990,Prom Night IV: Deliver Us From Evil (1992),Horror,Movie title: Prom Night IV: Deliver Us From Evil (1992). Genres: Horror
1991,Child's Play (1988),Horror,Movie title: Child's Play (1988). Genres: Horror
1992,Child's Play 2 (1990),Horror,Movie title: Child's Play 2 (1990). Genres: Horror
1993,Child's Play 3 (1992),Horror,Movie title: Child's Play 3 (1992). Genres: Horror
1994,Poltergeist (1982),Horror|Thriller,Movie title: Poltergeist (1982). Genres: Horror|Thriller
1995,Poltergeist II: The Other Side (1986),Horror|Thriller,Movie title: Poltergeist II: The Other Side (1986). Genres: Horror|Thriller
1996,Poltergeist III (1988),Horror|Thriller,Movie title: Poltergeist III (1988). Genres: Horror|Thriller
1997,"Exorcist, The (1973)",Horror,"Movie title: Exorcist, The (1973). Genres: Horror"
1998,Exorcist II: The Heretic (1977),Horror,Movie title: Exorcist II: The Heretic (1977). Genres: Horror
1999,"Exorcist III, The (1990)",Horror,"Movie title: Exorcist III, The (1990). Genres: Horror"
2000,Lethal Weapon (1987),Action|Comedy|Crime|Drama,Movie title: Lethal Weapon (1987). Genres: Action|Comedy|Crime|Drama
2001,Lethal Weapon 2 (1989),Action|Comedy|Crime|Drama,Movie title: Lethal Weapon 2 (1989). Genres: Action|Comedy|Crime|Drama
2002,Lethal Weapon 3 (1992),Action|Comedy|Crime|Drama,Movie title: Lethal Weapon 3 (1992). Genres: Action|Comedy|Crime|Drama
2003,Gremlins (1984),Comedy|Horror,Movie title: Gremlins (1984). Genres: Comedy|Horror
2004,Gremlins 2: The New Batch (1990),Comedy|Horror,Movie title: Gremlins 2: The New Batch (1990). Genres: Comedy|Horror
2005,"Goonies, The (1985)",Adventure|Children's|Fantasy,"Movie title: Goonies, The (1985). Genres: Adventure|Children's|Fantasy"
2006,"Mask of Zorro, The (1998)",Action|Adventure|Romance,"Movie title: Mask of Zorro, The (1998). Genres: Action|Adventure|Romance"
2007,Polish Wedding (1998),Comedy,Movie title: Polish Wedding (1998). Genres: Comedy
2008,"This World, Then the Fireworks (1996)",Crime|Drama|Film-Noir,"Movie title: This World, Then the Fireworks (1996). Genres: Crime|Drama|Film-Noir"
2009,Soylent Green (1973),Sci-Fi|Thriller,Movie title: Soylent Green (1973). Genres: Sci-Fi|Thriller
2010,Metropolis (1926),Sci-Fi,Movie title: Metropolis (1926). Genres: Sci-Fi
2011,Back to the Future Part II (1989),Comedy|Sci-Fi,Movie title: Back to the Future Part II (1989). Genres: Comedy|Sci-Fi
2012,Back to the Future Part III (1990),Comedy|Sci-Fi|Western,Movie title: Back to the Future Part III (1990). Genres: Comedy|Sci-Fi|Western
2013,"Poseidon Adventure, The (1972)",Action|Adventure,"Movie title: Poseidon Adventure, The (1972). Genres: Action|Adventure"
2014,Freaky Friday (1977),Children's|Comedy,Movie title: Freaky Friday (1977). Genres: Children's|Comedy
2015,"Absent Minded Professor, The (1961)",Children's|Comedy|Fantasy,"Movie title: Absent Minded Professor, The (1961). Genres: Children's|Comedy|Fantasy"
2016,"Apple Dumpling Gang Rides Again, The (1979)",Children's|Comedy|Western,"Movie title: Apple Dumpling Gang Rides Again, The (1979). Genres: Children's|Comedy|Western"
2017,Babes in Toyland (1961),Children's|Fantasy|Musical,Movie title: Babes in Toyland (1961). Genres: Children's|Fantasy|Musical
2018,Bambi (1942),Animation|Children's,Movie title: Bambi (1942). Genres: Animation|Children's
2019,Seven Samurai (The Magnificent Seven) (Shichinin no samurai) (1954),Action|Drama,Movie title: Seven Samurai (The Magnificent Seven) (Shichinin no samurai) (1954). Genres: Action|Drama
2020,Dangerous Liaisons (1988),Drama|Romance,Movie title: Dangerous Liaisons (1988). Genres: Drama|Romance
2021,Dune (1984),Fantasy|Sci-Fi,Movie title: Dune (1984). Genres: Fantasy|Sci-Fi
2022,"Last Temptation of Christ, The (1988)",Drama,"Movie title: Last Temptation of Christ, The (1988). Genres: Drama"
2023,"Godfather: Part III, The (1990)",Action|Crime|Drama,"Movie title: Godfather: Part III, The (1990). Genres: Action|Crime|Drama"
2024,"Rapture, The (1991)",Drama|Mystery,"Movie title: Rapture, The (1991). Genres: Drama|Mystery"
2025,Lolita (1997),Drama|Romance,Movie title: Lolita (1997). Genres: Drama|Romance
2026,Disturbing Behavior (1998),Horror|Thriller,Movie title: Disturbing Behavior (1998). Genres: Horror|Thriller
2027,Mafia! (1998),Comedy|Crime,Movie title: Mafia! (1998). Genres: Comedy|Crime
2028,Saving Private Ryan (1998),Action|Drama|War,Movie title: Saving Private Ryan (1998). Genres: Action|Drama|War
2029,Billy's Hollywood Screen Kiss (1997),Comedy|Romance,Movie title: Billy's Hollywood Screen Kiss (1997). Genres: Comedy|Romance
2030,East Palace West Palace (Dong gong xi gong) (1997),Drama,Movie title: East Palace West Palace (Dong gong xi gong) (1997). Genres: Drama
2031,"$1,000,000 Duck (1971)",Children's|Comedy,"Movie title: $1,000,000 Duck (1971). Genres: Children's|Comedy"
2032,"Barefoot Executive, The (1971)",Children's|Comedy,"Movie title: Barefoot Executive, The (1971). Genres: Children's|Comedy"
2033,"Black Cauldron, The (1985)",Animation|Children's,"Movie title: Black Cauldron, The (1985). Genres: Animation|Children's"
2034,"Black Hole, The (1979)",Sci-Fi,"Movie title: Black Hole, The (1979). Genres: Sci-Fi"
2035,Blackbeard's Ghost (1968),Children's|Comedy,Movie title: Blackbeard's Ghost (1968). Genres: Children's|Comedy
2036,Blank Check (1994),Children's|Comedy,Movie title: Blank Check (1994). Genres: Children's|Comedy
2037,Candleshoe (1977),Adventure|Children's|Comedy,Movie title: Candleshoe (1977). Genres: Adventure|Children's|Comedy
2038,"Cat from Outer Space, The (1978)",Children's|Comedy|Sci-Fi,"Movie title: Cat from Outer Space, The (1978). Genres: Children's|Comedy|Sci-Fi"
2039,Cheetah (1989),Adventure|Children's,Movie title: Cheetah (1989). Genres: Adventure|Children's
2040,"Computer Wore Tennis Shoes, The (1970)",Children's|Comedy,"Movie title: Computer Wore Tennis Shoes, The (1970). Genres: Children's|Comedy"
2041,Condorman (1981),Action|Adventure|Children's|Comedy,Movie title: Condorman (1981). Genres: Action|Adventure|Children's|Comedy
2042,D2: The Mighty Ducks (1994),Children's|Comedy,Movie title: D2: The Mighty Ducks (1994). Genres: Children's|Comedy
2043,Darby O'Gill and the Little People (1959),Adventure|Children's|Fantasy,Movie title: Darby O'Gill and the Little People (1959). Genres: Adventure|Children's|Fantasy
2044,"Devil and Max Devlin, The (1981)",Comedy,"Movie title: Devil and Max Devlin, The (1981). Genres: Comedy"
2045,"Far Off Place, A (1993)",Adventure|Children's|Drama|Romance,"Movie title: Far Off Place, A (1993). Genres: Adventure|Children's|Drama|Romance"
2046,Flight of the Navigator (1986),Adventure|Children's|Sci-Fi,Movie title: Flight of the Navigator (1986). Genres: Adventure|Children's|Sci-Fi
2047,"Gnome-Mobile, The (1967)",Children's,"Movie title: Gnome-Mobile, The (1967). Genres: Children's"
2048,"Great Mouse Detective, The (1986)",Animation|Children's,"Movie title: Great Mouse Detective, The (1986). Genres: Animation|Children's"
2049,"Happiest Millionaire, The (1967)",Comedy|Musical,"Movie title: Happiest Millionaire, The (1967). Genres: Comedy|Musical"
2050,Herbie Goes Bananas (1980),Adventure|Children's|Comedy,Movie title: Herbie Goes Bananas (1980). Genres: Adventure|Children's|Comedy
2051,Herbie Goes to Monte Carlo (1977),Adventure|Children's|Comedy,Movie title: Herbie Goes to Monte Carlo (1977). Genres: Adventure|Children's|Comedy
2052,Hocus Pocus (1993),Children's|Comedy,Movie title: Hocus Pocus (1993). Genres: Children's|Comedy
2053,"Honey, I Blew Up the Kid (1992)",Children's|Comedy|Sci-Fi,"Movie title: Honey, I Blew Up the Kid (1992). Genres: Children's|Comedy|Sci-Fi"
2054,"Honey, I Shrunk the Kids (1989)",Adventure|Children's|Comedy|Fantasy|Sci-Fi,"Movie title: Honey, I Shrunk the Kids (1989). Genres: Adventure|Children's|Comedy|Fantasy|Sci-Fi"
2055,Hot Lead and Cold Feet (1978),Comedy|Western,Movie title: Hot Lead and Cold Feet (1978). Genres: Comedy|Western
2056,In Search of the Castaways (1962),Adventure|Children's,Movie title: In Search of the Castaways (1962). Genres: Adventure|Children's
2057,"Incredible Journey, The (1963)",Adventure|Children's,"Movie title: Incredible Journey, The (1963). Genres: Adventure|Children's"
2058,"Negotiator, The (1998)",Action|Thriller,"Movie title: Negotiator, The (1998). Genres: Action|Thriller"
2059,"Parent Trap, The (1998)",Children's|Drama,"Movie title: Parent Trap, The (1998). Genres: Children's|Drama"
2060,BASEketball (1998),Comedy,Movie title: BASEketball (1998). Genres: Comedy
2061,Full Tilt Boogie (1997),Documentary,Movie title: Full Tilt Boogie (1997). Genres: Documentary
2062,"Governess, The (1998)",Drama|Romance,"Movie title: Governess, The (1998). Genres: Drama|Romance"
2063,Seventh Heaven (Le Septième ciel) (1997),Drama|Romance,Movie title: Seventh Heaven (Le Septième ciel) (1997). Genres: Drama|Romance
2064,Roger & Me (1989),Comedy|Documentary,Movie title: Roger & Me (1989). Genres: Comedy|Documentary
2065,"Purple Rose of Cairo, The (1985)",Comedy|Drama|Romance,"Movie title: Purple Rose of Cairo, The (1985). Genres: Comedy|Drama|Romance"
2066,Out of the Past (1947),Film-Noir,Movie title: Out of the Past (1947). Genres: Film-Noir
2067,Doctor Zhivago (1965),Drama|Romance|War,Movie title: Doctor Zhivago (1965). Genres: Drama|Romance|War
2068,Fanny and Alexander (1982),Drama,Movie title: Fanny and Alexander (1982). Genres: Drama
2069,"Trip to Bountiful, The (1985)",Drama,"Movie title: Trip to Bountiful, The (1985). Genres: Drama"
2070,Tender Mercies (1983),Drama,Movie title: Tender Mercies (1983). Genres: Drama
2071,And the Band Played On (1993),Drama,Movie title: And the Band Played On (1993). Genres: Drama
2072,"'burbs, The (1989)",Comedy,"Movie title: 'burbs, The (1989). Genres: Comedy"
2073,Fandango (1985),Comedy,Movie title: Fandango (1985). Genres: Comedy
2074,"Night Porter, The (Il Portiere di notte) (1974)",Drama,"Movie title: Night Porter, The (Il Portiere di notte) (1974). Genres: Drama"
2075,Mephisto (1981),Drama|War,Movie title: Mephisto (1981). Genres: Drama|War
2076,Blue Velvet (1986),Drama|Mystery,Movie title: Blue Velvet (1986). Genres: Drama|Mystery
2077,"Journey of Natty Gann, The (1985)",Adventure|Children's,"Movie title: Journey of Natty Gann, The (1985). Genres: Adventure|Children's"
2078,"Jungle Book, The (1967)",Animation|Children's|Comedy|Musical,"Movie title: Jungle Book, The (1967). Genres: Animation|Children's|Comedy|Musical"
2079,Kidnapped (1960),Children's|Drama,Movie title: Kidnapped (1960). Genres: Children's|Drama
2080,Lady and the Tramp (1955),Animation|Children's|Comedy|Musical|Romance,Movie title: Lady and the Tramp (1955). Genres: Animation|Children's|Comedy|Musical|Romance
2081,"Little Mermaid, The (1989)",Animation|Children's|Comedy|Musical|Romance,"Movie title: Little Mermaid, The (1989). Genres: Animation|Children's|Comedy|Musical|Romance"
2082,"Mighty Ducks, The (1992)",Children's|Comedy,"Movie title: Mighty Ducks, The (1992). Genres: Children's|Comedy"
2083,"Muppet Christmas Carol, The (1992)",Children's|Musical,"Movie title: Muppet Christmas Carol, The (1992). Genres: Children's|Musical"
2084,Newsies (1992),Children's|Musical,Movie title: Newsies (1992). Genres: Children's|Musical
2085,101 Dalmatians (1961),Animation|Children's,Movie title: 101 Dalmatians (1961). Genres: Animation|Children's
2086,One Magic Christmas (1985),Drama|Fantasy,Movie title: One Magic Christmas (1985). Genres: Drama|Fantasy
2087,Peter Pan (1953),Animation|Children's|Fantasy|Musical,Movie title: Peter Pan (1953). Genres: Animation|Children's|Fantasy|Musical
2088,Popeye (1980),Adventure|Comedy|Musical,Movie title: Popeye (1980). Genres: Adventure|Comedy|Musical
2089,"Rescuers Down Under, The (1990)",Animation|Children's,"Movie title: Rescuers Down Under, The (1990). Genres: Animation|Children's"
2090,"Rescuers, The (1977)",Animation|Children's,"Movie title: Rescuers, The (1977). Genres: Animation|Children's"
2091,Return from Witch Mountain (1978),Children's|Sci-Fi,Movie title: Return from Witch Mountain (1978). Genres: Children's|Sci-Fi
2092,"Return of Jafar, The (1993)",Animation|Children's|Musical,"Movie title: Return of Jafar, The (1993). Genres: Animation|Children's|Musical"
2093,Return to Oz (1985),Adventure|Children's|Fantasy|Sci-Fi,Movie title: Return to Oz (1985). Genres: Adventure|Children's|Fantasy|Sci-Fi
2094,"Rocketeer, The (1991)",Action|Adventure|Sci-Fi,"Movie title: Rocketeer, The (1991). Genres: Action|Adventure|Sci-Fi"
2095,"Shaggy D.A., The (1976)",Children's|Comedy,"Movie title: Shaggy D.A., The (1976). Genres: Children's|Comedy"
2096,Sleeping Beauty (1959),Animation|Children's|Musical,Movie title: Sleeping Beauty (1959). Genres: Animation|Children's|Musical
2097,Something Wicked This Way Comes (1983),Children's|Horror,Movie title: Something Wicked This Way Comes (1983). Genres: Children's|Horror
2098,Son of Flubber (1963),Children's|Comedy,Movie title: Son of Flubber (1963). Genres: Children's|Comedy
2099,Song of the South (1946),Adventure|Animation|Children's|Musical,Movie title: Song of the South (1946). Genres: Adventure|Animation|Children's|Musical
2100,Splash (1984),Comedy|Fantasy|Romance,Movie title: Splash (1984). Genres: Comedy|Fantasy|Romance
2101,Squanto: A Warrior's Tale (1994),Adventure|Drama,Movie title: Squanto: A Warrior's Tale (1994). Genres: Adventure|Drama
2102,Steamboat Willie (1940),Animation|Children's|Comedy|Musical,Movie title: Steamboat Willie (1940). Genres: Animation|Children's|Comedy|Musical
2103,Tall Tale (1994),Adventure|Children's,Movie title: Tall Tale (1994). Genres: Adventure|Children's
2104,Tex (1982),Drama,Movie title: Tex (1982). Genres: Drama
2105,Tron (1982),Action|Adventure|Fantasy|Sci-Fi,Movie title: Tron (1982). Genres: Action|Adventure|Fantasy|Sci-Fi
2106,Swing Kids (1993),Drama|War,Movie title: Swing Kids (1993). Genres: Drama|War
2107,Halloween: H20 (1998),Horror|Thriller,Movie title: Halloween: H20 (1998). Genres: Horror|Thriller
2108,L.A. Story (1991),Comedy|Romance,Movie title: L.A. Story (1991). Genres: Comedy|Romance
2109,"Jerk, The (1979)",Comedy,"Movie title: Jerk, The (1979). Genres: Comedy"
2110,Dead Men Don't Wear Plaid (1982),Comedy|Crime|Thriller,Movie title: Dead Men Don't Wear Plaid (1982). Genres: Comedy|Crime|Thriller
2111,"Man with Two Brains, The (1983)",Comedy,"Movie title: Man with Two Brains, The (1983). Genres: Comedy"
2112,Grand Canyon (1991),Crime|Drama,Movie title: Grand Canyon (1991). Genres: Crime|Drama
2113,Graveyard Shift (1990),Horror|Thriller,Movie title: Graveyard Shift (1990). Genres: Horror|Thriller
2114,"Outsiders, The (1983)",Drama,"Movie title: Outsiders, The (1983). Genres: Drama"
2115,Indiana Jones and the Temple of Doom (1984),Action|Adventure,Movie title: Indiana Jones and the Temple of Doom (1984). Genres: Action|Adventure
2116,"Lord of the Rings, The (1978)",Adventure|Animation|Children's|Sci-Fi,"Movie title: Lord of the Rings, The (1978). Genres: Adventure|Animation|Children's|Sci-Fi"
2117,Nineteen Eighty-Four (1984),Drama|Sci-Fi,Movie title: Nineteen Eighty-Four (1984). Genres: Drama|Sci-Fi
2118,"Dead Zone, The (1983)",Horror|Thriller,"Movie title: Dead Zone, The (1983). Genres: Horror|Thriller"
2119,Maximum Overdrive (1986),Horror,Movie title: Maximum Overdrive (1986). Genres: Horror
2120,Needful Things (1993),Drama|Horror,Movie title: Needful Things (1993). Genres: Drama|Horror
2121,Cujo (1983),Horror|Thriller,Movie title: Cujo (1983). Genres: Horror|Thriller
2122,Children of the Corn (1984),Horror|Thriller,Movie title: Children of the Corn (1984). Genres: Horror|Thriller
2123,All Dogs Go to Heaven (1989),Animation|Children's,Movie title: All Dogs Go to Heaven (1989). Genres: Animation|Children's
2124,"Addams Family, The (1991)",Comedy,"Movie title: Addams Family, The (1991). Genres: Comedy"
2125,Ever After: A Cinderella Story (1998),Drama|Romance,Movie title: Ever After: A Cinderella Story (1998). Genres: Drama|Romance
2126,Snake Eyes (1998),Action|Crime|Mystery|Thriller,Movie title: Snake Eyes (1998). Genres: Action|Crime|Mystery|Thriller
2127,"First Love, Last Rites (1997)",Drama|Romance,"Movie title: First Love, Last Rites (1997). Genres: Drama|Romance"
2128,Safe Men (1998),Comedy,Movie title: Safe Men (1998). Genres: Comedy
2129,"Saltmen of Tibet, The (1997)",Documentary,"Movie title: Saltmen of Tibet, The (1997). Genres: Documentary"
2130,Atlantic City (1980),Crime|Drama|Romance,Movie title: Atlantic City (1980). Genres: Crime|Drama|Romance
2131,Autumn Sonata (Höstsonaten ) (1978),Drama,Movie title: Autumn Sonata (Höstsonaten ) (1978). Genres: Drama
2132,Who's Afraid of Virginia Woolf? (1966),Drama,Movie title: Who's Afraid of Virginia Woolf? (1966). Genres: Drama
2133,Adventures in Babysitting (1987),Adventure|Comedy,Movie title: Adventures in Babysitting (1987). Genres: Adventure|Comedy
2134,Weird Science (1985),Comedy,Movie title: Weird Science (1985). Genres: Comedy
2135,Doctor Dolittle (1967),Adventure|Musical,Movie title: Doctor Dolittle (1967). Genres: Adventure|Musical
2136,"Nutty Professor, The (1963)",Comedy,"Movie title: Nutty Professor, The (1963). Genres: Comedy"
2137,Charlotte's Web (1973),Animation|Children's,Movie title: Charlotte's Web (1973). Genres: Animation|Children's
2138,Watership Down (1978),Animation|Children's|Drama|Fantasy,Movie title: Watership Down (1978). Genres: Animation|Children's|Drama|Fantasy
2139,"Secret of NIMH, The (1982)",Animation|Children's,"Movie title: Secret of NIMH, The (1982). Genres: Animation|Children's"
2140,"Dark Crystal, The (1982)",Children's|Fantasy|Sci-Fi,"Movie title: Dark Crystal, The (1982). Genres: Children's|Fantasy|Sci-Fi"
2141,"American Tail, An (1986)",Animation|Children's|Comedy,"Movie title: American Tail, An (1986). Genres: Animation|Children's|Comedy"
2142,"American Tail: Fievel Goes West, An (1991)",Animation|Children's|Comedy,"Movie title: American Tail: Fievel Goes West, An (1991). Genres: Animation|Children's|Comedy"
2143,Legend (1985),Adventure|Fantasy|Romance,Movie title: Legend (1985). Genres: Adventure|Fantasy|Romance
2144,Sixteen Candles (1984),Comedy,Movie title: Sixteen Candles (1984). Genres: Comedy
2145,Pretty in Pink (1986),Comedy|Drama|Romance,Movie title: Pretty in Pink (1986). Genres: Comedy|Drama|Romance
2146,St. Elmo's Fire (1985),Drama|Romance,Movie title: St. Elmo's Fire (1985). Genres: Drama|Romance
2147,"Clan of the Cave Bear, The (1986)",Drama,"Movie title: Clan of the Cave Bear, The (1986). Genres: Drama"
2148,House (1986),Comedy|Horror,Movie title: House (1986). Genres: Comedy|Horror
2149,House II: The Second Story (1987),Comedy|Horror,Movie title: House II: The Second Story (1987). Genres: Comedy|Horror
2150,"Gods Must Be Crazy, The (1980)",Comedy,"Movie title: Gods Must Be Crazy, The (1980). Genres: Comedy"
2151,"Gods Must Be Crazy II, The (1989)",Comedy,"Movie title: Gods Must Be Crazy II, The (1989). Genres: Comedy"
2152,Air Bud: Golden Receiver (1998),Children's|Comedy,Movie title: Air Bud: Golden Receiver (1998). Genres: Children's|Comedy
2153,"Avengers, The (1998)",Action|Adventure,"Movie title: Avengers, The (1998). Genres: Action|Adventure"
2154,How Stella Got Her Groove Back (1998),Drama|Romance,Movie title: How Stella Got Her Groove Back (1998). Genres: Drama|Romance
2155,"Slums of Beverly Hills, The (1998)",Comedy,"Movie title: Slums of Beverly Hills, The (1998). Genres: Comedy"
2156,"Best Man, The (Il Testimone dello sposo) (1997)",Comedy|Drama,"Movie title: Best Man, The (Il Testimone dello sposo) (1997). Genres: Comedy|Drama"
2157,"Chambermaid on the Titanic, The (1998)",Romance,"Movie title: Chambermaid on the Titanic, The (1998). Genres: Romance"
2158,"Henry: Portrait of a Serial Killer, Part 2 (1996)",Crime|Horror,"Movie title: Henry: Portrait of a Serial Killer, Part 2 (1996). Genres: Crime|Horror"
2159,Henry: Portrait of a Serial Killer (1990),Crime|Horror,Movie title: Henry: Portrait of a Serial Killer (1990). Genres: Crime|Horror
2160,Rosemary's Baby (1968),Horror|Thriller,Movie title: Rosemary's Baby (1968). Genres: Horror|Thriller
2161,"NeverEnding Story, The (1984)",Adventure|Children's|Fantasy,"Movie title: NeverEnding Story, The (1984). Genres: Adventure|Children's|Fantasy"
2162,"NeverEnding Story II: The Next Chapter, The (1990)",Adventure|Children's|Fantasy,"Movie title: NeverEnding Story II: The Next Chapter, The (1990). Genres: Adventure|Children's|Fantasy"
2163,Attack of the Killer Tomatoes! (1980),Comedy|Horror,Movie title: Attack of the Killer Tomatoes! (1980). Genres: Comedy|Horror
2164,Surf Nazis Must Die (1987),Drama,Movie title: Surf Nazis Must Die (1987). Genres: Drama
2165,Your Friends and Neighbors (1998),Drama,Movie title: Your Friends and Neighbors (1998). Genres: Drama
2166,Return to Paradise (1998),Drama|Romance,Movie title: Return to Paradise (1998). Genres: Drama|Romance
2167,Blade (1998),Action|Adventure|Horror,Movie title: Blade (1998). Genres: Action|Adventure|Horror
2168,Dance with Me (1998),Drama|Romance,Movie title: Dance with Me (1998). Genres: Drama|Romance
2169,Dead Man on Campus (1998),Comedy,Movie title: Dead Man on Campus (1998). Genres: Comedy
2170,Wrongfully Accused (1998),Action|Comedy,Movie title: Wrongfully Accused (1998). Genres: Action|Comedy
2171,"Next Stop, Wonderland (1998)",Comedy|Drama|Romance,"Movie title: Next Stop, Wonderland (1998). Genres: Comedy|Drama|Romance"
2172,"Strike! (a.k.a. All I Wanna Do, The Hairy Bird) (1998)",Comedy,"Movie title: Strike! (a.k.a. All I Wanna Do, The Hairy Bird) (1998). Genres: Comedy"
2173,"Navigator: A Mediaeval Odyssey, The (1988)",Adventure|Fantasy|Sci-Fi,"Movie title: Navigator: A Mediaeval Odyssey, The (1988). Genres: Adventure|Fantasy|Sci-Fi"
2174,Beetlejuice (1988),Comedy|Fantasy,Movie title: Beetlejuice (1988). Genres: Comedy|Fantasy
2175,Déjà Vu (1997),Drama|Romance,Movie title: Déjà Vu (1997). Genres: Drama|Romance
2176,Rope (1948),Thriller,Movie title: Rope (1948). Genres: Thriller
2177,Family Plot (1976),Comedy|Thriller,Movie title: Family Plot (1976). Genres: Comedy|Thriller
2178,Frenzy (1972),Thriller,Movie title: Frenzy (1972). Genres: Thriller
2179,Topaz (1969),Thriller,Movie title: Topaz (1969). Genres: Thriller
2180,Torn Curtain (1966),Thriller,Movie title: Torn Curtain (1966). Genres: Thriller
2181,Marnie (1964),Thriller,Movie title: Marnie (1964). Genres: Thriller
2182,"Wrong Man, The (1956)",Drama|Film-Noir|Thriller,"Movie title: Wrong Man, The (1956). Genres: Drama|Film-Noir|Thriller"
2183,"Man Who Knew Too Much, The (1956)",Thriller,"Movie title: Man Who Knew Too Much, The (1956). Genres: Thriller"
2184,"Trouble with Harry, The (1955)",Mystery|Thriller,"Movie title: Trouble with Harry, The (1955). Genres: Mystery|Thriller"
2185,I Confess (1953),Thriller,Movie title: I Confess (1953). Genres: Thriller
2186,Strangers on a Train (1951),Film-Noir|Thriller,Movie title: Strangers on a Train (1951). Genres: Film-Noir|Thriller
2187,Stage Fright (1950),Mystery|Thriller,Movie title: Stage Fright (1950). Genres: Mystery|Thriller
2188,54 (1998),Drama,Movie title: 54 (1998). Genres: Drama
2189,I Married A Strange Person (1997),Animation,Movie title: I Married A Strange Person (1997). Genres: Animation
2190,Why Do Fools Fall In Love? (1998),Drama,Movie title: Why Do Fools Fall In Love? (1998). Genres: Drama
2191,"Merry War, A (1997)",Comedy,"Movie title: Merry War, A (1997). Genres: Comedy"
2192,See the Sea (Regarde la mer) (1997),Drama,Movie title: See the Sea (Regarde la mer) (1997). Genres: Drama
2193,Willow (1988),Action|Adventure|Fantasy,Movie title: Willow (1988). Genres: Action|Adventure|Fantasy
2194,"Untouchables, The (1987)",Action|Crime|Drama,"Movie title: Untouchables, The (1987). Genres: Action|Crime|Drama"
2195,Dirty Work (1998),Comedy,Movie title: Dirty Work (1998). Genres: Comedy
2196,Knock Off (1998),Action,Movie title: Knock Off (1998). Genres: Action
2197,Firelight (1997),Drama,Movie title: Firelight (1997). Genres: Drama
2198,Modulations (1998),Documentary,Movie title: Modulations (1998). Genres: Documentary
2199,Phoenix (1998),Crime|Drama,Movie title: Phoenix (1998). Genres: Crime|Drama
2200,Under Capricorn (1949),Drama,Movie title: Under Capricorn (1949). Genres: Drama
2201,"Paradine Case, The (1947)",Drama,"Movie title: Paradine Case, The (1947). Genres: Drama"
2202,Lifeboat (1944),Drama|Thriller|War,Movie title: Lifeboat (1944). Genres: Drama|Thriller|War
2203,Shadow of a Doubt (1943),Film-Noir|Thriller,Movie title: Shadow of a Doubt (1943). Genres: Film-Noir|Thriller
2204,Saboteur (1942),Thriller,Movie title: Saboteur (1942). Genres: Thriller
2205,Mr. & Mrs. Smith (1941),Comedy,Movie title: Mr. & Mrs. Smith (1941). Genres: Comedy
2206,Suspicion (1941),Mystery|Thriller,Movie title: Suspicion (1941). Genres: Mystery|Thriller
2207,Jamaica Inn (1939),Drama,Movie title: Jamaica Inn (1939). Genres: Drama
2208,"Lady Vanishes, The (1938)",Comedy|Mystery|Romance|Thriller,"Movie title: Lady Vanishes, The (1938). Genres: Comedy|Mystery|Romance|Thriller"
2209,Young and Innocent (1937),Crime|Thriller,Movie title: Young and Innocent (1937). Genres: Crime|Thriller
2210,Sabotage (1936),Thriller,Movie title: Sabotage (1936). Genres: Thriller
2211,Secret Agent (1936),Thriller,Movie title: Secret Agent (1936). Genres: Thriller
2212,"Man Who Knew Too Much, The (1934)",Thriller,"Movie title: Man Who Knew Too Much, The (1934). Genres: Thriller"
2213,Waltzes from Vienna (1933),Comedy|Musical,Movie title: Waltzes from Vienna (1933). Genres: Comedy|Musical
2214,Number Seventeen (1932),Thriller,Movie title: Number Seventeen (1932). Genres: Thriller
2215,Rich and Strange (1932),Comedy|Romance,Movie title: Rich and Strange (1932). Genres: Comedy|Romance
2216,"Skin Game, The (1931)",Drama,"Movie title: Skin Game, The (1931). Genres: Drama"
2217,Elstree Calling (1930),Comedy|Musical,Movie title: Elstree Calling (1930). Genres: Comedy|Musical
2218,Juno and Paycock (1930),Drama,Movie title: Juno and Paycock (1930). Genres: Drama
2219,Murder! (1930),Mystery|Thriller,Movie title: Murder! (1930). Genres: Mystery|Thriller
2220,"Manxman, The (1929)",Drama,"Movie title: Manxman, The (1929). Genres: Drama"
2221,Blackmail (1929),Thriller,Movie title: Blackmail (1929). Genres: Thriller
2222,Champagne (1928),Comedy,Movie title: Champagne (1928). Genres: Comedy
2223,"Farmer's Wife, The (1928)",Comedy,"Movie title: Farmer's Wife, The (1928). Genres: Comedy"
2224,Downhill (1927),Drama,Movie title: Downhill (1927). Genres: Drama
2225,Easy Virtue (1927),Drama,Movie title: Easy Virtue (1927). Genres: Drama
2226,"Ring, The (1927)",Drama,"Movie title: Ring, The (1927). Genres: Drama"
2227,"Lodger, The (1926)",Thriller,"Movie title: Lodger, The (1926). Genres: Thriller"
2228,"Mountain Eagle, The (1926)",Drama,"Movie title: Mountain Eagle, The (1926). Genres: Drama"
2229,"Pleasure Garden, The (1925)",Drama,"Movie title: Pleasure Garden, The (1925). Genres: Drama"
2230,Always Tell Your Wife (1923),Comedy,Movie title: Always Tell Your Wife (1923). Genres: Comedy
2231,Rounders (1998),Crime|Drama,Movie title: Rounders (1998). Genres: Crime|Drama
2232,Cube (1997),Sci-Fi|Thriller,Movie title: Cube (1997). Genres: Sci-Fi|Thriller
2233,Digging to China (1998),Drama,Movie title: Digging to China (1998). Genres: Drama
2234,Let's Talk About Sex (1998),Drama,Movie title: Let's Talk About Sex (1998). Genres: Drama
2235,One Man's Hero (1999),Drama|War,Movie title: One Man's Hero (1999). Genres: Drama|War
2236,Simon Birch (1998),Drama,Movie title: Simon Birch (1998). Genres: Drama
2237,Without Limits (1998),Drama,Movie title: Without Limits (1998). Genres: Drama
2238,Seven Beauties (Pasqualino Settebellezze) (1976),Comedy|Drama,Movie title: Seven Beauties (Pasqualino Settebellezze) (1976). Genres: Comedy|Drama
2239,Swept Away (Travolti da un insolito destino nell'azzurro mare d'Agosto) (1975),Comedy|Drama,Movie title: Swept Away (Travolti da un insolito destino nell'azzurro mare d'Agosto) (1975). Genres: Comedy|Drama
2240,My Bodyguard (1980),Drama,Movie title: My Bodyguard (1980). Genres: Drama
2241,Class (1983),Comedy,Movie title: Class (1983). Genres: Comedy
2242,"Grandview, U.S.A. (1984)",Drama,"Movie title: Grandview, U.S.A. (1984). Genres: Drama"
2243,Broadcast News (1987),Comedy|Drama|Romance,Movie title: Broadcast News (1987). Genres: Comedy|Drama|Romance
2244,"Allnighter, The (1987)",Comedy|Romance,"Movie title: Allnighter, The (1987). Genres: Comedy|Romance"
2245,Working Girl (1988),Comedy|Drama,Movie title: Working Girl (1988). Genres: Comedy|Drama
2246,Stars and Bars (1988),Comedy,Movie title: Stars and Bars (1988). Genres: Comedy
2247,Married to the Mob (1988),Comedy,Movie title: Married to the Mob (1988). Genres: Comedy
2248,Say Anything... (1989),Comedy|Drama|Romance,Movie title: Say Anything... (1989). Genres: Comedy|Drama|Romance
2249,My Blue Heaven (1990),Comedy,Movie title: My Blue Heaven (1990). Genres: Comedy
2250,Men Don't Leave (1990),Drama,Movie title: Men Don't Leave (1990). Genres: Drama
2251,"Cabinet of Dr. Ramirez, The (1991)",Comedy,"Movie title: Cabinet of Dr. Ramirez, The (1991). Genres: Comedy"
2252,Hero (1992),Comedy|Drama,Movie title: Hero (1992). Genres: Comedy|Drama
2253,Toys (1992),Action|Comedy|Fantasy,Movie title: Toys (1992). Genres: Action|Comedy|Fantasy
2254,Choices (1981),Drama,Movie title: Choices (1981). Genres: Drama
2255,Young Doctors in Love (1982),Comedy,Movie title: Young Doctors in Love (1982). Genres: Comedy
2256,Parasite (1982),Horror|Sci-Fi,Movie title: Parasite (1982). Genres: Horror|Sci-Fi
2257,No Small Affair (1984),Comedy|Romance,Movie title: No Small Affair (1984). Genres: Comedy|Romance
2258,Master Ninja I (1984),Action,Movie title: Master Ninja I (1984). Genres: Action
2259,Blame It on Rio (1984),Comedy|Romance,Movie title: Blame It on Rio (1984). Genres: Comedy|Romance
2260,Wisdom (1986),Action|Crime,Movie title: Wisdom (1986). Genres: Action|Crime
2261,One Crazy Summer (1986),Comedy,Movie title: One Crazy Summer (1986). Genres: Comedy
2262,About Last Night... (1986),Comedy|Drama|Romance,Movie title: About Last Night... (1986). Genres: Comedy|Drama|Romance
2263,"Seventh Sign, The (1988)",Thriller,"Movie title: Seventh Sign, The (1988). Genres: Thriller"
2264,We're No Angels (1989),Drama,Movie title: We're No Angels (1989). Genres: Drama
2265,Nothing But Trouble (1991),Adventure|Comedy,Movie title: Nothing But Trouble (1991). Genres: Adventure|Comedy
2266,"Butcher's Wife, The (1991)",Comedy|Romance,"Movie title: Butcher's Wife, The (1991). Genres: Comedy|Romance"
2267,Mortal Thoughts (1991),Mystery|Thriller,Movie title: Mortal Thoughts (1991). Genres: Mystery|Thriller
2268,"Few Good Men, A (1992)",Crime|Drama,"Movie title: Few Good Men, A (1992). Genres: Crime|Drama"
2269,Indecent Proposal (1993),Drama,Movie title: Indecent Proposal (1993). Genres: Drama
2270,"Century of Cinema, A (1994)",Documentary,"Movie title: Century of Cinema, A (1994). Genres: Documentary"
2271,Permanent Midnight (1998),Drama,Movie title: Permanent Midnight (1998). Genres: Drama
2272,One True Thing (1998),Drama,Movie title: One True Thing (1998). Genres: Drama
2273,Rush Hour (1998),Action|Thriller,Movie title: Rush Hour (1998). Genres: Action|Thriller
2274,Lilian's Story (1995),Drama,Movie title: Lilian's Story (1995). Genres: Drama
2275,Six-String Samurai (1998),Action|Adventure|Sci-Fi,Movie title: Six-String Samurai (1998). Genres: Action|Adventure|Sci-Fi
2276,"Soldier's Daughter Never Cries, A (1998)",Drama,"Movie title: Soldier's Daughter Never Cries, A (1998). Genres: Drama"
2277,Somewhere in the City (1997),Drama,Movie title: Somewhere in the City (1997). Genres: Drama
2278,Ronin (1998),Action|Crime|Thriller,Movie title: Ronin (1998). Genres: Action|Crime|Thriller
2279,Urban Legend (1998),Horror|Thriller,Movie title: Urban Legend (1998). Genres: Horror|Thriller
2280,Clay Pigeons (1998),Crime,Movie title: Clay Pigeons (1998). Genres: Crime
2281,Monument Ave. (1998),Crime,Movie title: Monument Ave. (1998). Genres: Crime
2282,Pecker (1998),Comedy|Drama,Movie title: Pecker (1998). Genres: Comedy|Drama
2283,"Sheltering Sky, The (1990)",Drama,"Movie title: Sheltering Sky, The (1990). Genres: Drama"
2284,Bandit Queen (1994),Drama,Movie title: Bandit Queen (1994). Genres: Drama
2285,If.... (1968),Drama,Movie title: If.... (1968). Genres: Drama
2286,"Fiendish Plot of Dr. Fu Manchu, The (1980)",Comedy,"Movie title: Fiendish Plot of Dr. Fu Manchu, The (1980). Genres: Comedy"
2287,Them! (1954),Sci-Fi|Thriller|War,Movie title: Them! (1954). Genres: Sci-Fi|Thriller|War
2288,"Thing, The (1982)",Action|Horror|Sci-Fi|Thriller,"Movie title: Thing, The (1982). Genres: Action|Horror|Sci-Fi|Thriller"
2289,"Player, The (1992)",Comedy|Drama,"Movie title: Player, The (1992). Genres: Comedy|Drama"
2290,Stardust Memories (1980),Comedy|Drama,Movie title: Stardust Memories (1980). Genres: Comedy|Drama
2291,Edward Scissorhands (1990),Drama|Romance,Movie title: Edward Scissorhands (1990). Genres: Drama|Romance
2292,Overnight Delivery (1996),Romance,Movie title: Overnight Delivery (1996). Genres: Romance
2293,Shadrach (1998),Drama,Movie title: Shadrach (1998). Genres: Drama
2294,Antz (1998),Animation|Children's,Movie title: Antz (1998). Genres: Animation|Children's
2295,"Impostors, The (1998)",Comedy,"Movie title: Impostors, The (1998). Genres: Comedy"
2296,"Night at the Roxbury, A (1998)",Comedy,"Movie title: Night at the Roxbury, A (1998). Genres: Comedy"
2297,What Dreams May Come (1998),Drama|Romance,Movie title: What Dreams May Come (1998). Genres: Drama|Romance
2298,Strangeland (1998),Thriller,Movie title: Strangeland (1998). Genres: Thriller
2299,"Battle of the Sexes, The (1959)",Comedy,"Movie title: Battle of the Sexes, The (1959). Genres: Comedy"
2300,"Producers, The (1968)",Comedy|Musical,"Movie title: Producers, The (1968). Genres: Comedy|Musical"
2301,History of the World: Part I (1981),Comedy,Movie title: History of the World: Part I (1981). Genres: Comedy
2302,My Cousin Vinny (1992),Comedy,Movie title: My Cousin Vinny (1992). Genres: Comedy
2303,Nashville (1975),Drama|Musical,Movie title: Nashville (1975). Genres: Drama|Musical
2304,Love Is the Devil (1998),Drama,Movie title: Love Is the Devil (1998). Genres: Drama
2305,Slam (1998),Drama,Movie title: Slam (1998). Genres: Drama
2306,Holy Man (1998),Comedy,Movie title: Holy Man (1998). Genres: Comedy
2307,One Tough Cop (1998),Action|Drama,Movie title: One Tough Cop (1998). Genres: Action|Drama
2308,Detroit 9000 (1973),Action|Crime,Movie title: Detroit 9000 (1973). Genres: Action|Crime
2309,"Inheritors, The (Die Siebtelbauern) (1998)",Drama,"Movie title: Inheritors, The (Die Siebtelbauern) (1998). Genres: Drama"
2310,"Mighty, The (1998)",Drama,"Movie title: Mighty, The (1998). Genres: Drama"
2311,2010 (1984),Mystery|Sci-Fi,Movie title: 2010 (1984). Genres: Mystery|Sci-Fi
2312,Children of a Lesser God (1986),Drama,Movie title: Children of a Lesser God (1986). Genres: Drama
2313,"Elephant Man, The (1980)",Drama,"Movie title: Elephant Man, The (1980). Genres: Drama"
2314,Beloved (1998),Drama,Movie title: Beloved (1998). Genres: Drama
2315,Bride of Chucky (1998),Horror|Thriller,Movie title: Bride of Chucky (1998). Genres: Horror|Thriller
2316,Practical Magic (1998),Drama|Romance,Movie title: Practical Magic (1998). Genres: Drama|Romance
2317,"Alarmist, The (1997)",Comedy,"Movie title: Alarmist, The (1997). Genres: Comedy"
2318,Happiness (1998),Comedy,Movie title: Happiness (1998). Genres: Comedy
2319,Reach the Rock (1997),Comedy,Movie title: Reach the Rock (1997). Genres: Comedy
2320,Apt Pupil (1998),Drama|Thriller,Movie title: Apt Pupil (1998). Genres: Drama|Thriller
2321,Pleasantville (1998),Comedy,Movie title: Pleasantville (1998). Genres: Comedy
2322,Soldier (1998),Action|Adventure|Sci-Fi|Thriller|War,Movie title: Soldier (1998). Genres: Action|Adventure|Sci-Fi|Thriller|War
2323,"Cruise, The (1998)",Documentary,"Movie title: Cruise, The (1998). Genres: Documentary"
2324,Life Is Beautiful (La Vita è bella) (1997),Comedy|Drama,Movie title: Life Is Beautiful (La Vita è bella) (1997). Genres: Comedy|Drama
2325,Orgazmo (1997),Comedy,Movie title: Orgazmo (1997). Genres: Comedy
2326,Shattered Image (1998),Drama|Thriller,Movie title: Shattered Image (1998). Genres: Drama|Thriller
2327,Tales from the Darkside: The Movie (1990),Horror,Movie title: Tales from the Darkside: The Movie (1990). Genres: Horror
2328,Vampires (1998),Horror,Movie title: Vampires (1998). Genres: Horror
2329,American History X (1998),Drama,Movie title: American History X (1998). Genres: Drama
2330,Hands on a Hard Body (1996),Documentary,Movie title: Hands on a Hard Body (1996). Genres: Documentary
2331,Living Out Loud (1998),Comedy|Romance,Movie title: Living Out Loud (1998). Genres: Comedy|Romance
2332,Belly (1998),Crime|Drama,Movie title: Belly (1998). Genres: Crime|Drama
2333,Gods and Monsters (1998),Drama,Movie title: Gods and Monsters (1998). Genres: Drama
2334,"Siege, The (1998)",Action|Thriller,"Movie title: Siege, The (1998). Genres: Action|Thriller"
2335,"Waterboy, The (1998)",Comedy,"Movie title: Waterboy, The (1998). Genres: Comedy"
2336,Elizabeth (1998),Drama,Movie title: Elizabeth (1998). Genres: Drama
2337,Velvet Goldmine (1998),Drama,Movie title: Velvet Goldmine (1998). Genres: Drama
2338,I Still Know What You Did Last Summer (1998),Horror|Mystery|Thriller,Movie title: I Still Know What You Did Last Summer (1998). Genres: Horror|Mystery|Thriller
2339,I'll Be Home For Christmas (1998),Comedy|Romance,Movie title: I'll Be Home For Christmas (1998). Genres: Comedy|Romance
2340,Meet Joe Black (1998),Romance,Movie title: Meet Joe Black (1998). Genres: Romance
2341,Dancing at Lughnasa (1998),Drama,Movie title: Dancing at Lughnasa (1998). Genres: Drama
2342,Hard Core Logo (1996),Comedy,Movie title: Hard Core Logo (1996). Genres: Comedy
2343,"Naked Man, The (1998)",Drama,"Movie title: Naked Man, The (1998). Genres: Drama"
2344,Runaway Train (1985),Action|Adventure|Drama|Thriller,Movie title: Runaway Train (1985). Genres: Action|Adventure|Drama|Thriller
2345,Desert Bloom (1986),Drama,Movie title: Desert Bloom (1986). Genres: Drama
2346,"Stepford Wives, The (1975)",Sci-Fi|Thriller,"Movie title: Stepford Wives, The (1975). Genres: Sci-Fi|Thriller"
2347,"Pope of Greenwich Village, The (1984)",Action,"Movie title: Pope of Greenwich Village, The (1984). Genres: Action"
2348,Sid and Nancy (1986),Drama,Movie title: Sid and Nancy (1986). Genres: Drama
2349,Mona Lisa (1986),Comedy|Thriller,Movie title: Mona Lisa (1986). Genres: Comedy|Thriller
2350,Heart Condition (1990),Comedy,Movie title: Heart Condition (1990). Genres: Comedy
2351,Nights of Cabiria (Le Notti di Cabiria) (1957),Drama,Movie title: Nights of Cabiria (Le Notti di Cabiria) (1957). Genres: Drama
2352,"Big Chill, The (1983)",Comedy|Drama,"Movie title: Big Chill, The (1983). Genres: Comedy|Drama"
2353,Enemy of the State (1998),Action|Thriller,Movie title: Enemy of the State (1998). Genres: Action|Thriller
2354,"Rugrats Movie, The (1998)",Animation|Children's|Comedy,"Movie title: Rugrats Movie, The (1998). Genres: Animation|Children's|Comedy"
2355,"Bug's Life, A (1998)",Animation|Children's|Comedy,"Movie title: Bug's Life, A (1998). Genres: Animation|Children's|Comedy"
2356,Celebrity (1998),Comedy,Movie title: Celebrity (1998). Genres: Comedy
2357,Central Station (Central do Brasil) (1998),Drama,Movie title: Central Station (Central do Brasil) (1998). Genres: Drama
2358,Savior (1998),Drama,Movie title: Savior (1998). Genres: Drama
2359,Waking Ned Devine (1998),Comedy,Movie title: Waking Ned Devine (1998). Genres: Comedy
2360,"Celebration, The (Festen) (1998)",Drama,"Movie title: Celebration, The (Festen) (1998). Genres: Drama"
2361,Pink Flamingos (1972),Comedy,Movie title: Pink Flamingos (1972). Genres: Comedy
2362,Glen or Glenda (1953),Drama,Movie title: Glen or Glenda (1953). Genres: Drama
2363,Godzilla (Gojira) (1954),Action|Sci-Fi,Movie title: Godzilla (Gojira) (1954). Genres: Action|Sci-Fi
2364,Godzilla (Gojira) (1984),Action|Sci-Fi,Movie title: Godzilla (Gojira) (1984). Genres: Action|Sci-Fi
2365,King Kong vs. Godzilla (Kingukongu tai Gojira) (1962),Action|Sci-Fi,Movie title: King Kong vs. Godzilla (Kingukongu tai Gojira) (1962). Genres: Action|Sci-Fi
2366,King Kong (1933),Action|Adventure|Horror,Movie title: King Kong (1933). Genres: Action|Adventure|Horror
2367,King Kong (1976),Action|Adventure|Horror,Movie title: King Kong (1976). Genres: Action|Adventure|Horror
2368,King Kong Lives (1986),Action|Adventure|Horror,Movie title: King Kong Lives (1986). Genres: Action|Adventure|Horror
2369,Desperately Seeking Susan (1985),Comedy|Romance,Movie title: Desperately Seeking Susan (1985). Genres: Comedy|Romance
2370,"Emerald Forest, The (1985)",Action|Adventure|Drama,"Movie title: Emerald Forest, The (1985). Genres: Action|Adventure|Drama"
2371,Fletch (1985),Comedy,Movie title: Fletch (1985). Genres: Comedy
2372,Fletch Lives (1989),Comedy,Movie title: Fletch Lives (1989). Genres: Comedy
2373,Red Sonja (1985),Action|Adventure,Movie title: Red Sonja (1985). Genres: Action|Adventure
2374,Gung Ho (1986),Comedy|Drama,Movie title: Gung Ho (1986). Genres: Comedy|Drama
2375,"Money Pit, The (1986)",Comedy,"Movie title: Money Pit, The (1986). Genres: Comedy"
2376,"View to a Kill, A (1985)",Action,"Movie title: View to a Kill, A (1985). Genres: Action"
2377,Lifeforce (1985),Horror|Sci-Fi,Movie title: Lifeforce (1985). Genres: Horror|Sci-Fi
2378,Police Academy (1984),Comedy,Movie title: Police Academy (1984). Genres: Comedy
2379,Police Academy 2: Their First Assignment (1985),Comedy,Movie title: Police Academy 2: Their First Assignment (1985). Genres: Comedy
2380,Police Academy 3: Back in Training (1986),Comedy,Movie title: Police Academy 3: Back in Training (1986). Genres: Comedy
2381,Police Academy 4: Citizens on Patrol (1987),Comedy,Movie title: Police Academy 4: Citizens on Patrol (1987). Genres: Comedy
2382,Police Academy 5: Assignment: Miami Beach (1988),Comedy,Movie title: Police Academy 5: Assignment: Miami Beach (1988). Genres: Comedy
2383,Police Academy 6: City Under Siege (1989),Comedy,Movie title: Police Academy 6: City Under Siege (1989). Genres: Comedy
2384,Babe: Pig in the City (1998),Children's|Comedy,Movie title: Babe: Pig in the City (1998). Genres: Children's|Comedy
2385,Home Fries (1998),Comedy|Romance,Movie title: Home Fries (1998). Genres: Comedy|Romance
2386,Jerry Springer: Ringmaster (1998),Drama,Movie title: Jerry Springer: Ringmaster (1998). Genres: Drama
2387,Very Bad Things (1998),Comedy|Crime,Movie title: Very Bad Things (1998). Genres: Comedy|Crime
2388,Steam: The Turkish Bath (Hamam) (1997),Drama|Romance,Movie title: Steam: The Turkish Bath (Hamam) (1997). Genres: Drama|Romance
2389,Psycho (1998),Crime|Horror|Thriller,Movie title: Psycho (1998). Genres: Crime|Horror|Thriller
2390,Little Voice (1998),Comedy,Movie title: Little Voice (1998). Genres: Comedy
2391,"Simple Plan, A (1998)",Crime|Thriller,"Movie title: Simple Plan, A (1998). Genres: Crime|Thriller"
2392,Jack Frost (1998),Comedy|Drama,Movie title: Jack Frost (1998). Genres: Comedy|Drama
2393,Star Trek: Insurrection (1998),Action|Sci-Fi,Movie title: Star Trek: Insurrection (1998). Genres: Action|Sci-Fi
2394,"Prince of Egypt, The (1998)",Animation|Musical,"Movie title: Prince of Egypt, The (1998). Genres: Animation|Musical"
2395,Rushmore (1998),Comedy,Movie title: Rushmore (1998). Genres: Comedy
2396,Shakespeare in Love (1998),Comedy|Romance,Movie title: Shakespeare in Love (1998). Genres: Comedy|Romance
2397,Mass Appeal (1984),Drama,Movie title: Mass Appeal (1984). Genres: Drama
2398,Miracle on 34th Street (1947),Drama,Movie title: Miracle on 34th Street (1947). Genres: Drama
2399,Santa Claus: The Movie (1985),Adventure|Children's|Fantasy,Movie title: Santa Claus: The Movie (1985). Genres: Adventure|Children's|Fantasy
2400,Prancer (1989),Children's|Drama,Movie title: Prancer (1989). Genres: Children's|Drama
2401,Pale Rider (1985),Western,Movie title: Pale Rider (1985). Genres: Western
2402,Rambo: First Blood Part II (1985),Action|War,Movie title: Rambo: First Blood Part II (1985). Genres: Action|War
2403,First Blood (1982),Action,Movie title: First Blood (1982). Genres: Action
2404,Rambo III (1988),Action|War,Movie title: Rambo III (1988). Genres: Action|War
2405,"Jewel of the Nile, The (1985)",Action|Adventure|Comedy|Romance,"Movie title: Jewel of the Nile, The (1985). Genres: Action|Adventure|Comedy|Romance"
2406,Romancing the Stone (1984),Action|Adventure|Comedy|Romance,Movie title: Romancing the Stone (1984). Genres: Action|Adventure|Comedy|Romance
2407,Cocoon (1985),Comedy|Sci-Fi,Movie title: Cocoon (1985). Genres: Comedy|Sci-Fi
2408,Cocoon: The Return (1988),Comedy|Sci-Fi,Movie title: Cocoon: The Return (1988). Genres: Comedy|Sci-Fi
2409,Rocky II (1979),Action|Drama,Movie title: Rocky II (1979). Genres: Action|Drama
2410,Rocky III (1982),Action|Drama,Movie title: Rocky III (1982). Genres: Action|Drama
2411,Rocky IV (1985),Action|Drama,Movie title: Rocky IV (1985). Genres: Action|Drama
2412,Rocky V (1990),Action|Drama,Movie title: Rocky V (1990). Genres: Action|Drama
2413,Clue (1985),Comedy|Mystery,Movie title: Clue (1985). Genres: Comedy|Mystery
2414,Young Sherlock Holmes (1985),Action|Adventure|Mystery,Movie title: Young Sherlock Holmes (1985). Genres: Action|Adventure|Mystery
2415,Violets Are Blue... (1986),Drama|Romance,Movie title: Violets Are Blue... (1986). Genres: Drama|Romance
2416,Back to School (1986),Comedy,Movie title: Back to School (1986). Genres: Comedy
2417,Heartburn (1986),Comedy|Drama,Movie title: Heartburn (1986). Genres: Comedy|Drama
2418,Nothing in Common (1986),Comedy,Movie title: Nothing in Common (1986). Genres: Comedy
2419,Extremities (1986),Drama|Thriller,Movie title: Extremities (1986). Genres: Drama|Thriller
2420,"Karate Kid, The (1984)",Drama,"Movie title: Karate Kid, The (1984). Genres: Drama"
2421,"Karate Kid, Part II, The (1986)",Action|Adventure|Drama,"Movie title: Karate Kid, Part II, The (1986). Genres: Action|Adventure|Drama"
2422,"Karate Kid III, The (1989)",Action|Adventure|Drama,"Movie title: Karate Kid III, The (1989). Genres: Action|Adventure|Drama"
2423,Christmas Vacation (1989),Comedy,Movie title: Christmas Vacation (1989). Genres: Comedy
2424,You've Got Mail (1998),Comedy|Romance,Movie title: You've Got Mail (1998). Genres: Comedy|Romance
2425,"General, The (1998)",Crime,"Movie title: General, The (1998). Genres: Crime"
2426,"Theory of Flight, The (1998)",Comedy|Drama|Romance,"Movie title: Theory of Flight, The (1998). Genres: Comedy|Drama|Romance"
2427,"Thin Red Line, The (1998)",Action|Drama|War,"Movie title: Thin Red Line, The (1998). Genres: Action|Drama|War"
2428,"Faculty, The (1998)",Horror|Sci-Fi,"Movie title: Faculty, The (1998). Genres: Horror|Sci-Fi"
2429,Mighty Joe Young (1998),Adventure|Children's|Drama,Movie title: Mighty Joe Young (1998). Genres: Adventure|Children's|Drama
2430,Mighty Joe Young (1949),Adventure|Children's|Drama,Movie title: Mighty Joe Young (1949). Genres: Adventure|Children's|Drama
2431,Patch Adams (1998),Comedy|Drama,Movie title: Patch Adams (1998). Genres: Comedy|Drama
2432,Stepmom (1998),Drama,Movie title: Stepmom (1998). Genres: Drama
2433,"Civil Action, A (1998)",Drama,"Movie title: Civil Action, A (1998). Genres: Drama"
2434,Down in the Delta (1998),Drama,Movie title: Down in the Delta (1998). Genres: Drama
2435,Hurlyburly (1998),Drama,Movie title: Hurlyburly (1998). Genres: Drama
2436,Tea with Mussolini (1999),Comedy,Movie title: Tea with Mussolini (1999). Genres: Comedy
2437,Wilde (1997),Drama,Movie title: Wilde (1997). Genres: Drama
2438,Outside Ozona (1998),Drama|Thriller,Movie title: Outside Ozona (1998). Genres: Drama|Thriller
2439,Affliction (1997),Drama,Movie title: Affliction (1997). Genres: Drama
2440,Another Day in Paradise (1998),Drama,Movie title: Another Day in Paradise (1998). Genres: Drama
2441,"Hi-Lo Country, The (1998)",Drama|Western,"Movie title: Hi-Lo Country, The (1998). Genres: Drama|Western"
2442,Hilary and Jackie (1998),Drama,Movie title: Hilary and Jackie (1998). Genres: Drama
2443,Playing by Heart (1998),Drama|Romance,Movie title: Playing by Heart (1998). Genres: Drama|Romance
2444,24 7: Twenty Four Seven (1997),Comedy|Drama,Movie title: 24 7: Twenty Four Seven (1997). Genres: Comedy|Drama
2445,At First Sight (1999),Drama,Movie title: At First Sight (1999). Genres: Drama
2446,In Dreams (1999),Thriller,Movie title: In Dreams (1999). Genres: Thriller
2447,Varsity Blues (1999),Comedy|Drama,Movie title: Varsity Blues (1999). Genres: Comedy|Drama
2448,Virus (1999),Horror|Sci-Fi,Movie title: Virus (1999). Genres: Horror|Sci-Fi
2449,"Garbage Pail Kids Movie, The (1987)",Adventure|Children's,"Movie title: Garbage Pail Kids Movie, The (1987). Genres: Adventure|Children's"
2450,Howard the Duck (1986),Adventure|Children's|Sci-Fi,Movie title: Howard the Duck (1986). Genres: Adventure|Children's|Sci-Fi
2451,"Gate, The (1987)",Horror,"Movie title: Gate, The (1987). Genres: Horror"
2452,"Gate II: Trespassers, The (1990)",Horror,"Movie title: Gate II: Trespassers, The (1990). Genres: Horror"
2453,"Boy Who Could Fly, The (1986)",Drama|Fantasy,"Movie title: Boy Who Could Fly, The (1986). Genres: Drama|Fantasy"
2454,"Fly, The (1958)",Horror|Sci-Fi,"Movie title: Fly, The (1958). Genres: Horror|Sci-Fi"
2455,"Fly, The (1986)",Horror|Sci-Fi,"Movie title: Fly, The (1986). Genres: Horror|Sci-Fi"
2456,"Fly II, The (1989)",Horror|Sci-Fi,"Movie title: Fly II, The (1989). Genres: Horror|Sci-Fi"
2457,Running Scared (1986),Action|Comedy,Movie title: Running Scared (1986). Genres: Action|Comedy
2458,Armed and Dangerous (1986),Comedy|Crime,Movie title: Armed and Dangerous (1986). Genres: Comedy|Crime
2459,"Texas Chainsaw Massacre, The (1974)",Horror,"Movie title: Texas Chainsaw Massacre, The (1974). Genres: Horror"
2460,"Texas Chainsaw Massacre 2, The (1986)",Horror,"Movie title: Texas Chainsaw Massacre 2, The (1986). Genres: Horror"
2461,Leatherface: Texas Chainsaw Massacre III (1990),Horror,Movie title: Leatherface: Texas Chainsaw Massacre III (1990). Genres: Horror
2462,"Return of the Texas Chainsaw Massacre, The (1994)",Horror,"Movie title: Return of the Texas Chainsaw Massacre, The (1994). Genres: Horror"
2463,Ruthless People (1986),Comedy,Movie title: Ruthless People (1986). Genres: Comedy
2464,Trick or Treat (1986),Horror,Movie title: Trick or Treat (1986). Genres: Horror
2465,Deadly Friend (1986),Horror,Movie title: Deadly Friend (1986). Genres: Horror
2466,Belizaire the Cajun (1986),Drama,Movie title: Belizaire the Cajun (1986). Genres: Drama
2467,"Name of the Rose, The (1986)",Mystery,"Movie title: Name of the Rose, The (1986). Genres: Mystery"
2468,Jumpin' Jack Flash (1986),Action|Comedy|Romance|Thriller,Movie title: Jumpin' Jack Flash (1986). Genres: Action|Comedy|Romance|Thriller
2469,Peggy Sue Got Married (1986),Comedy|Romance,Movie title: Peggy Sue Got Married (1986). Genres: Comedy|Romance
2470,Crocodile Dundee (1986),Adventure|Comedy,Movie title: Crocodile Dundee (1986). Genres: Adventure|Comedy
2471,Crocodile Dundee II (1988),Adventure|Comedy,Movie title: Crocodile Dundee II (1988). Genres: Adventure|Comedy
2472,Tough Guys (1986),Comedy,Movie title: Tough Guys (1986). Genres: Comedy
2473,Soul Man (1986),Comedy,Movie title: Soul Man (1986). Genres: Comedy
2474,"Color of Money, The (1986)",Drama,"Movie title: Color of Money, The (1986). Genres: Drama"
2475,52 Pick-Up (1986),Action|Mystery|Thriller,Movie title: 52 Pick-Up (1986). Genres: Action|Mystery|Thriller
2476,Heartbreak Ridge (1986),Action|War,Movie title: Heartbreak Ridge (1986). Genres: Action|War
2477,Firewalker (1986),Adventure,Movie title: Firewalker (1986). Genres: Adventure
2478,Three Amigos! (1986),Comedy|Western,Movie title: Three Amigos! (1986). Genres: Comedy|Western
2479,Gloria (1999),Drama|Thriller,Movie title: Gloria (1999). Genres: Drama|Thriller
2480,Dry Cleaning (Nettoyage à sec) (1997),Drama,Movie title: Dry Cleaning (Nettoyage à sec) (1997). Genres: Drama
2481,My Name Is Joe (1998),Drama|Romance,Movie title: My Name Is Joe (1998). Genres: Drama|Romance
2482,Still Crazy (1998),Comedy|Romance,Movie title: Still Crazy (1998). Genres: Comedy|Romance
2483,"Day of the Beast, The (El Día de la bestia) (1995)",Comedy|Horror|Thriller,"Movie title: Day of the Beast, The (El Día de la bestia) (1995). Genres: Comedy|Horror|Thriller"
2484,Tinseltown (1998),Comedy,Movie title: Tinseltown (1998). Genres: Comedy
2485,She's All That (1999),Comedy|Romance,Movie title: She's All That (1999). Genres: Comedy|Romance
2486,24-hour Woman (1998),Drama,Movie title: 24-hour Woman (1998). Genres: Drama
2487,"Blood, Guts, Bullets and Octane (1998)",Action|Comedy,"Movie title: Blood, Guts, Bullets and Octane (1998). Genres: Action|Comedy"
2488,Peeping Tom (1960),Drama|Horror|Thriller,Movie title: Peeping Tom (1960). Genres: Drama|Horror|Thriller
2489,Spanish Fly (1998),Drama,Movie title: Spanish Fly (1998). Genres: Drama
2490,Payback (1999),Action|Thriller,Movie title: Payback (1999). Genres: Action|Thriller
2491,Simply Irresistible (1999),Comedy|Romance,Movie title: Simply Irresistible (1999). Genres: Comedy|Romance
2492,20 Dates (1998),Comedy,Movie title: 20 Dates (1998). Genres: Comedy
2493,"Harmonists, The (1997)",Drama,"Movie title: Harmonists, The (1997). Genres: Drama"
2494,"Last Days, The (1998)",Documentary,"Movie title: Last Days, The (1998). Genres: Documentary"
2495,"Fantastic Planet, The (La Planète sauvage) (1973)",Animation|Sci-Fi,"Movie title: Fantastic Planet, The (La Planète sauvage) (1973). Genres: Animation|Sci-Fi"
2496,Blast from the Past (1999),Comedy|Romance,Movie title: Blast from the Past (1999). Genres: Comedy|Romance
2497,Message in a Bottle (1999),Romance,Movie title: Message in a Bottle (1999). Genres: Romance
2498,My Favorite Martian (1999),Comedy|Sci-Fi,Movie title: My Favorite Martian (1999). Genres: Comedy|Sci-Fi
2499,God Said 'Ha!' (1998),Comedy,Movie title: God Said 'Ha!' (1998). Genres: Comedy
2500,Jawbreaker (1999),Comedy,Movie title: Jawbreaker (1999). Genres: Comedy
2501,October Sky (1999),Drama,Movie title: October Sky (1999). Genres: Drama
2502,Office Space (1999),Comedy|Romance,Movie title: Office Space (1999). Genres: Comedy|Romance
2503,"Apple, The (Sib) (1998)",Drama,"Movie title: Apple, The (Sib) (1998). Genres: Drama"
2504,200 Cigarettes (1999),Comedy|Drama,Movie title: 200 Cigarettes (1999). Genres: Comedy|Drama
2505,8MM (1999),Thriller,Movie title: 8MM (1999). Genres: Thriller
2506,"Other Sister, The (1999)",Comedy|Drama|Romance,"Movie title: Other Sister, The (1999). Genres: Comedy|Drama|Romance"
2507,Breakfast of Champions (1999),Comedy,Movie title: Breakfast of Champions (1999). Genres: Comedy
2508,"Breaks, The (1999)",Drama,"Movie title: Breaks, The (1999). Genres: Drama"
2509,Eight Days a Week (1997),Comedy,Movie title: Eight Days a Week (1997). Genres: Comedy
2510,Just the Ticket (1999),Comedy|Romance,Movie title: Just the Ticket (1999). Genres: Comedy|Romance
2511,"Long Goodbye, The (1973)",Crime,"Movie title: Long Goodbye, The (1973). Genres: Crime"
2512,"Ballad of Narayama, The (Narayama Bushiko) (1982)",Drama,"Movie title: Ballad of Narayama, The (Narayama Bushiko) (1982). Genres: Drama"
2513,Pet Sematary (1989),Horror,Movie title: Pet Sematary (1989). Genres: Horror
2514,Pet Sematary II (1992),Horror,Movie title: Pet Sematary II (1992). Genres: Horror
2515,Children of the Corn II: The Final Sacrifice (1993),Horror,Movie title: Children of the Corn II: The Final Sacrifice (1993). Genres: Horror
2516,Children of the Corn III (1994),Horror,Movie title: Children of the Corn III (1994). Genres: Horror
2517,Christine (1983),Horror,Movie title: Christine (1983). Genres: Horror
2518,Night Shift (1982),Comedy,Movie title: Night Shift (1982). Genres: Comedy
2519,House on Haunted Hill (1958),Horror,Movie title: House on Haunted Hill (1958). Genres: Horror
2520,Airport (1970),Drama,Movie title: Airport (1970). Genres: Drama
2521,Airport 1975 (1974),Drama,Movie title: Airport 1975 (1974). Genres: Drama
2522,Airport '77 (1977),Drama,Movie title: Airport '77 (1977). Genres: Drama
2523,Rollercoaster (1977),Drama|Thriller,Movie title: Rollercoaster (1977). Genres: Drama|Thriller
2524,"Towering Inferno, The (1974)",Action|Drama,"Movie title: Towering Inferno, The (1974). Genres: Action|Drama"
2525,Alligator (1980),Action|Horror|Sci-Fi,Movie title: Alligator (1980). Genres: Action|Horror|Sci-Fi
2526,Meteor (1979),Sci-Fi,Movie title: Meteor (1979). Genres: Sci-Fi
2527,Westworld (1973),Action|Sci-Fi|Thriller|Western,Movie title: Westworld (1973). Genres: Action|Sci-Fi|Thriller|Western
2528,Logan's Run (1976),Action|Adventure|Sci-Fi,Movie title: Logan's Run (1976). Genres: Action|Adventure|Sci-Fi
2529,Planet of the Apes (1968),Action|Sci-Fi,Movie title: Planet of the Apes (1968). Genres: Action|Sci-Fi
2530,Beneath the Planet of the Apes (1970),Action|Sci-Fi,Movie title: Beneath the Planet of the Apes (1970). Genres: Action|Sci-Fi
2531,Battle for the Planet of the Apes (1973),Action|Sci-Fi,Movie title: Battle for the Planet of the Apes (1973). Genres: Action|Sci-Fi
2532,Conquest of the Planet of the Apes (1972),Action|Sci-Fi,Movie title: Conquest of the Planet of the Apes (1972). Genres: Action|Sci-Fi
2533,Escape from the Planet of the Apes (1971),Action|Sci-Fi,Movie title: Escape from the Planet of the Apes (1971). Genres: Action|Sci-Fi
2534,Avalanche (1978),Action,Movie title: Avalanche (1978). Genres: Action
2535,Earthquake (1974),Action,Movie title: Earthquake (1974). Genres: Action
2536,"Concorde: Airport '79, The (1979)",Drama,"Movie title: Concorde: Airport '79, The (1979). Genres: Drama"
2537,Beyond the Poseidon Adventure (1979),Adventure,Movie title: Beyond the Poseidon Adventure (1979). Genres: Adventure
2538,Dancemaker (1998),Documentary,Movie title: Dancemaker (1998). Genres: Documentary
2539,Analyze This (1999),Comedy,Movie title: Analyze This (1999). Genres: Comedy
2540,"Corruptor, The (1999)",Action|Crime|Drama|Thriller,"Movie title: Corruptor, The (1999). Genres: Action|Crime|Drama|Thriller"
2541,Cruel Intentions (1999),Drama,Movie title: Cruel Intentions (1999). Genres: Drama
2542,"Lock, Stock & Two Smoking Barrels (1998)",Comedy|Crime|Thriller,"Movie title: Lock, Stock & Two Smoking Barrels (1998). Genres: Comedy|Crime|Thriller"
2543,Six Ways to Sunday (1997),Comedy,Movie title: Six Ways to Sunday (1997). Genres: Comedy
2544,"School of Flesh, The (L' École de la chair) (1998)",Drama,"Movie title: School of Flesh, The (L' École de la chair) (1998). Genres: Drama"
2545,Relax... It's Just Sex (1998),Comedy,Movie title: Relax... It's Just Sex (1998). Genres: Comedy
2546,"Deep End of the Ocean, The (1999)",Drama,"Movie title: Deep End of the Ocean, The (1999). Genres: Drama"
2547,Harvest (1998),Drama,Movie title: Harvest (1998). Genres: Drama
2548,"Rage: Carrie 2, The (1999)",Horror,"Movie title: Rage: Carrie 2, The (1999). Genres: Horror"
2549,Wing Commander (1999),Action|Sci-Fi,Movie title: Wing Commander (1999). Genres: Action|Sci-Fi
2550,"Haunting, The (1963)",Horror|Thriller,"Movie title: Haunting, The (1963). Genres: Horror|Thriller"
2551,Dead Ringers (1988),Drama|Thriller,Movie title: Dead Ringers (1988). Genres: Drama|Thriller
2552,My Boyfriend's Back (1993),Comedy,Movie title: My Boyfriend's Back (1993). Genres: Comedy
2553,Village of the Damned (1960),Horror|Sci-Fi|Thriller,Movie title: Village of the Damned (1960). Genres: Horror|Sci-Fi|Thriller
2554,Children of the Damned (1963),Horror|Sci-Fi|Thriller,Movie title: Children of the Damned (1963). Genres: Horror|Sci-Fi|Thriller
2555,Baby Geniuses (1999),Comedy,Movie title: Baby Geniuses (1999). Genres: Comedy
2556,Telling You (1998),Comedy|Drama|Romance,Movie title: Telling You (1998). Genres: Comedy|Drama|Romance
2557,I Stand Alone (Seul contre tous) (1998),Drama,Movie title: I Stand Alone (Seul contre tous) (1998). Genres: Drama
2558,Forces of Nature (1999),Comedy|Romance,Movie title: Forces of Nature (1999). Genres: Comedy|Romance
2559,"King and I, The (1999)",Animation|Children's,"Movie title: King and I, The (1999). Genres: Animation|Children's"
2560,Ravenous (1999),Drama|Horror,Movie title: Ravenous (1999). Genres: Drama|Horror
2561,True Crime (1999),Crime|Thriller,Movie title: True Crime (1999). Genres: Crime|Thriller
2562,Bandits (1997),Drama,Movie title: Bandits (1997). Genres: Drama
2563,Beauty (1998),Drama,Movie title: Beauty (1998). Genres: Drama
2564,"Empty Mirror, The (1999)",Drama,"Movie title: Empty Mirror, The (1999). Genres: Drama"
2565,"King and I, The (1956)",Musical,"Movie title: King and I, The (1956). Genres: Musical"
2566,Doug's 1st Movie (1999),Animation|Children's,Movie title: Doug's 1st Movie (1999). Genres: Animation|Children's
2567,EDtv (1999),Comedy,Movie title: EDtv (1999). Genres: Comedy
2568,"Mod Squad, The (1999)",Action|Crime,"Movie title: Mod Squad, The (1999). Genres: Action|Crime"
2569,Among Giants (1998),Drama|Romance,Movie title: Among Giants (1998). Genres: Drama|Romance
2570,"Walk on the Moon, A (1999)",Drama|Romance,"Movie title: Walk on the Moon, A (1999). Genres: Drama|Romance"
2571,"Matrix, The (1999)",Action|Sci-Fi|Thriller,"Movie title: Matrix, The (1999). Genres: Action|Sci-Fi|Thriller"
2572,10 Things I Hate About You (1999),Comedy|Romance,Movie title: 10 Things I Hate About You (1999). Genres: Comedy|Romance
2573,Tango (1998),Drama,Movie title: Tango (1998). Genres: Drama
2574,"Out-of-Towners, The (1999)",Comedy,"Movie title: Out-of-Towners, The (1999). Genres: Comedy"
2575,"Dreamlife of Angels, The (La Vie rêvée des anges) (1998)",Drama,"Movie title: Dreamlife of Angels, The (La Vie rêvée des anges) (1998). Genres: Drama"
2576,"Love, etc. (1996)",Drama,"Movie title: Love, etc. (1996). Genres: Drama"
2577,Metroland (1997),Comedy|Drama,Movie title: Metroland (1997). Genres: Comedy|Drama
2578,"Sticky Fingers of Time, The (1997)",Sci-Fi,"Movie title: Sticky Fingers of Time, The (1997). Genres: Sci-Fi"
2579,Following (1998),Drama,Movie title: Following (1998). Genres: Drama
2580,Go (1999),Crime,Movie title: Go (1999). Genres: Crime
2581,Never Been Kissed (1999),Comedy|Romance,Movie title: Never Been Kissed (1999). Genres: Comedy|Romance
2582,Twin Dragons (Shuang long hui) (1992),Action|Comedy,Movie title: Twin Dragons (Shuang long hui) (1992). Genres: Action|Comedy
2583,Cookie's Fortune (1999),Mystery,Movie title: Cookie's Fortune (1999). Genres: Mystery
2584,Foolish (1999),Comedy,Movie title: Foolish (1999). Genres: Comedy
2585,"Lovers of the Arctic Circle, The (Los Amantes del Círculo Polar) (1998)",Drama|Romance,"Movie title: Lovers of the Arctic Circle, The (Los Amantes del Círculo Polar) (1998). Genres: Drama|Romance"
2586,"Goodbye, Lover (1999)",Comedy|Crime|Thriller,"Movie title: Goodbye, Lover (1999). Genres: Comedy|Crime|Thriller"
2587,Life (1999),Comedy,Movie title: Life (1999). Genres: Comedy
2588,Clubland (1998),Drama,Movie title: Clubland (1998). Genres: Drama
2589,Friends & Lovers (1999),Comedy|Drama|Romance,Movie title: Friends & Lovers (1999). Genres: Comedy|Drama|Romance
2590,Hideous Kinky (1998),Drama,Movie title: Hideous Kinky (1998). Genres: Drama
2591,Jeanne and the Perfect Guy (Jeanne et le garçon formidable) (1998),Comedy|Romance,Movie title: Jeanne and the Perfect Guy (Jeanne et le garçon formidable) (1998). Genres: Comedy|Romance
2592,"Joyriders, The (1999)",Drama,"Movie title: Joyriders, The (1999). Genres: Drama"
2593,"Monster, The (Il Mostro) (1994)",Comedy,"Movie title: Monster, The (Il Mostro) (1994). Genres: Comedy"
2594,Open Your Eyes (Abre los ojos) (1997),Drama|Romance|Sci-Fi,Movie title: Open Your Eyes (Abre los ojos) (1997). Genres: Drama|Romance|Sci-Fi
2595,Photographer (Fotoamator) (1998),Documentary,Movie title: Photographer (Fotoamator) (1998). Genres: Documentary
2596,SLC Punk! (1998),Comedy|Drama,Movie title: SLC Punk! (1998). Genres: Comedy|Drama
2597,Lost & Found (1999),Comedy|Romance,Movie title: Lost & Found (1999). Genres: Comedy|Romance
2598,Pushing Tin (1999),Comedy,Movie title: Pushing Tin (1999). Genres: Comedy
2599,Election (1999),Comedy,Movie title: Election (1999). Genres: Comedy
2600,eXistenZ (1999),Action|Sci-Fi|Thriller,Movie title: eXistenZ (1999). Genres: Action|Sci-Fi|Thriller
2601,"Little Bit of Soul, A (1998)",Comedy,"Movie title: Little Bit of Soul, A (1998). Genres: Comedy"
2602,Mighty Peking Man (Hsing hsing wang) (1977),Adventure|Sci-Fi,Movie title: Mighty Peking Man (Hsing hsing wang) (1977). Genres: Adventure|Sci-Fi
2603,Nô (1998),Drama,Movie title: Nô (1998). Genres: Drama
2604,Let it Come Down: The Life of Paul Bowles (1998),Documentary,Movie title: Let it Come Down: The Life of Paul Bowles (1998). Genres: Documentary
2605,Entrapment (1999),Crime|Thriller,Movie title: Entrapment (1999). Genres: Crime|Thriller
2606,Idle Hands (1999),Comedy|Horror,Movie title: Idle Hands (1999). Genres: Comedy|Horror
2607,Get Real (1998),Drama,Movie title: Get Real (1998). Genres: Drama
2608,Heaven (1998),Thriller,Movie title: Heaven (1998). Genres: Thriller
2609,"King of Masks, The (Bian Lian) (1996)",Drama,"Movie title: King of Masks, The (Bian Lian) (1996). Genres: Drama"
2610,Three Seasons (1999),Drama,Movie title: Three Seasons (1999). Genres: Drama
2611,"Winslow Boy, The (1998)",Drama,"Movie title: Winslow Boy, The (1998). Genres: Drama"
2612,Mildred Pierce (1945),Drama,Movie title: Mildred Pierce (1945). Genres: Drama
2613,Night of the Comet (1984),Action|Horror|Sci-Fi,Movie title: Night of the Comet (1984). Genres: Action|Horror|Sci-Fi
2614,Chopping Mall (a.k.a. Killbots) (1986),Action|Horror|Sci-Fi,Movie title: Chopping Mall (a.k.a. Killbots) (1986). Genres: Action|Horror|Sci-Fi
2615,My Science Project (1985),Adventure|Sci-Fi,Movie title: My Science Project (1985). Genres: Adventure|Sci-Fi
2616,Dick Tracy (1990),Action|Crime,Movie title: Dick Tracy (1990). Genres: Action|Crime
2617,"Mummy, The (1999)",Action|Adventure|Horror|Thriller,"Movie title: Mummy, The (1999). Genres: Action|Adventure|Horror|Thriller"
2618,"Castle, The (1997)",Comedy,"Movie title: Castle, The (1997). Genres: Comedy"
2619,Mascara (1999),Drama,Movie title: Mascara (1999). Genres: Drama
2620,This Is My Father (1998),Drama|Romance,Movie title: This Is My Father (1998). Genres: Drama|Romance
2621,Xiu Xiu: The Sent-Down Girl (Tian yu) (1998),Drama|Romance,Movie title: Xiu Xiu: The Sent-Down Girl (Tian yu) (1998). Genres: Drama|Romance
2622,"Midsummer Night's Dream, A (1999)",Comedy|Fantasy,"Movie title: Midsummer Night's Dream, A (1999). Genres: Comedy|Fantasy"
2623,Trippin' (1999),Comedy,Movie title: Trippin' (1999). Genres: Comedy
2624,After Life (1998),Drama,Movie title: After Life (1998). Genres: Drama
2625,Black Mask (Hak hap) (1996),Action,Movie title: Black Mask (Hak hap) (1996). Genres: Action
2626,Edge of Seventeen (1998),Comedy|Drama|Romance,Movie title: Edge of Seventeen (1998). Genres: Comedy|Drama|Romance
2627,Endurance (1998),Documentary|Drama,Movie title: Endurance (1998). Genres: Documentary|Drama
2628,Star Wars: Episode I - The Phantom Menace (1999),Action|Adventure|Fantasy|Sci-Fi,Movie title: Star Wars: Episode I - The Phantom Menace (1999). Genres: Action|Adventure|Fantasy|Sci-Fi
2629,"Love Letter, The (1999)",Comedy|Romance,"Movie title: Love Letter, The (1999). Genres: Comedy|Romance"
2630,Besieged (L' Assedio) (1998),Drama,Movie title: Besieged (L' Assedio) (1998). Genres: Drama
2631,Frogs for Snakes (1998),Comedy|Film-Noir|Thriller,Movie title: Frogs for Snakes (1998). Genres: Comedy|Film-Noir|Thriller
2632,"Saragossa Manuscript, The (Rekopis znaleziony w Saragossie) (1965)",Drama,"Movie title: Saragossa Manuscript, The (Rekopis znaleziony w Saragossie) (1965). Genres: Drama"
2633,"Mummy, The (1932)",Horror|Romance,"Movie title: Mummy, The (1932). Genres: Horror|Romance"
2634,"Mummy, The (1959)",Horror,"Movie title: Mummy, The (1959). Genres: Horror"
2635,"Mummy's Curse, The (1944)",Horror,"Movie title: Mummy's Curse, The (1944). Genres: Horror"
2636,"Mummy's Ghost, The (1944)",Horror,"Movie title: Mummy's Ghost, The (1944). Genres: Horror"
2637,"Mummy's Hand, The (1940)",Horror,"Movie title: Mummy's Hand, The (1940). Genres: Horror"
2638,"Mummy's Tomb, The (1942)",Horror,"Movie title: Mummy's Tomb, The (1942). Genres: Horror"
2639,Mommie Dearest (1981),Drama,Movie title: Mommie Dearest (1981). Genres: Drama
2640,Superman (1978),Action|Adventure|Sci-Fi,Movie title: Superman (1978). Genres: Action|Adventure|Sci-Fi
2641,Superman II (1980),Action|Adventure|Sci-Fi,Movie title: Superman II (1980). Genres: Action|Adventure|Sci-Fi
2642,Superman III (1983),Action|Adventure|Sci-Fi,Movie title: Superman III (1983). Genres: Action|Adventure|Sci-Fi
2643,Superman IV: The Quest for Peace (1987),Action|Adventure|Sci-Fi,Movie title: Superman IV: The Quest for Peace (1987). Genres: Action|Adventure|Sci-Fi
2644,Dracula (1931),Horror,Movie title: Dracula (1931). Genres: Horror
2645,Dracula (1958),Horror,Movie title: Dracula (1958). Genres: Horror
2646,House of Dracula (1945),Horror,Movie title: House of Dracula (1945). Genres: Horror
2647,House of Frankenstein (1944),Horror,Movie title: House of Frankenstein (1944). Genres: Horror
2648,Frankenstein (1931),Horror,Movie title: Frankenstein (1931). Genres: Horror
2649,Son of Frankenstein (1939),Horror,Movie title: Son of Frankenstein (1939). Genres: Horror
2650,"Ghost of Frankenstein, The (1942)",Horror,"Movie title: Ghost of Frankenstein, The (1942). Genres: Horror"
2651,Frankenstein Meets the Wolf Man (1943),Horror,Movie title: Frankenstein Meets the Wolf Man (1943). Genres: Horror
2652,"Curse of Frankenstein, The (1957)",Horror,"Movie title: Curse of Frankenstein, The (1957). Genres: Horror"
2653,Son of Dracula (1943),Horror,Movie title: Son of Dracula (1943). Genres: Horror
2654,"Wolf Man, The (1941)",Horror,"Movie title: Wolf Man, The (1941). Genres: Horror"
2655,Howling II: Your Sister Is a Werewolf (1985),Horror,Movie title: Howling II: Your Sister Is a Werewolf (1985). Genres: Horror
2656,Tarantula (1955),Horror|Sci-Fi,Movie title: Tarantula (1955). Genres: Horror|Sci-Fi
2657,"Rocky Horror Picture Show, The (1975)",Comedy|Horror|Musical|Sci-Fi,"Movie title: Rocky Horror Picture Show, The (1975). Genres: Comedy|Horror|Musical|Sci-Fi"
2658,"Flying Saucer, The (1950)",Sci-Fi,"Movie title: Flying Saucer, The (1950). Genres: Sci-Fi"
2659,It Came from Hollywood (1982),Comedy|Documentary,Movie title: It Came from Hollywood (1982). Genres: Comedy|Documentary
2660,"Thing From Another World, The (1951)",Sci-Fi,"Movie title: Thing From Another World, The (1951). Genres: Sci-Fi"
2661,It Came from Outer Space (1953),Sci-Fi,Movie title: It Came from Outer Space (1953). Genres: Sci-Fi
2662,"War of the Worlds, The (1953)",Action|Sci-Fi|War,"Movie title: War of the Worlds, The (1953). Genres: Action|Sci-Fi|War"
2663,It Came from Beneath the Sea (1955),Sci-Fi,Movie title: It Came from Beneath the Sea (1955). Genres: Sci-Fi
2664,Invasion of the Body Snatchers (1956),Horror|Sci-Fi,Movie title: Invasion of the Body Snatchers (1956). Genres: Horror|Sci-Fi
2665,Earth Vs. the Flying Saucers (1956),Sci-Fi,Movie title: Earth Vs. the Flying Saucers (1956). Genres: Sci-Fi
2666,It Conquered the World (1956),Sci-Fi,Movie title: It Conquered the World (1956). Genres: Sci-Fi
2667,"Mole People, The (1956)",Sci-Fi,"Movie title: Mole People, The (1956). Genres: Sci-Fi"
2668,Swamp Thing (1982),Horror|Sci-Fi,Movie title: Swamp Thing (1982). Genres: Horror|Sci-Fi
2669,Pork Chop Hill (1959),War,Movie title: Pork Chop Hill (1959). Genres: War
2670,"Run Silent, Run Deep (1958)",War,"Movie title: Run Silent, Run Deep (1958). Genres: War"
2671,Notting Hill (1999),Comedy|Romance,Movie title: Notting Hill (1999). Genres: Comedy|Romance
2672,"Thirteenth Floor, The (1999)",Drama|Sci-Fi|Thriller,"Movie title: Thirteenth Floor, The (1999). Genres: Drama|Sci-Fi|Thriller"
2673,Eternity and a Day (Mia eoniotita ke mia mera ) (1998),Drama,Movie title: Eternity and a Day (Mia eoniotita ke mia mera ) (1998). Genres: Drama
2674,"Loss of Sexual Innocence, The (1999)",Drama,"Movie title: Loss of Sexual Innocence, The (1999). Genres: Drama"
2675,Twice Upon a Yesterday (1998),Comedy|Drama|Romance,Movie title: Twice Upon a Yesterday (1998). Genres: Comedy|Drama|Romance
2676,Instinct (1999),Drama|Thriller,Movie title: Instinct (1999). Genres: Drama|Thriller
2677,Buena Vista Social Club (1999),Documentary,Movie title: Buena Vista Social Club (1999). Genres: Documentary
2678,Desert Blue (1999),Drama,Movie title: Desert Blue (1999). Genres: Drama
2679,Finding North (1999),Drama|Romance,Movie title: Finding North (1999). Genres: Drama|Romance
2680,Floating (1997),Drama,Movie title: Floating (1997). Genres: Drama
2681,Free Enterprise (1998),Comedy|Romance|Sci-Fi,Movie title: Free Enterprise (1998). Genres: Comedy|Romance|Sci-Fi
2682,Limbo (1999),Drama,Movie title: Limbo (1999). Genres: Drama
2683,Austin Powers: The Spy Who Shagged Me (1999),Comedy,Movie title: Austin Powers: The Spy Who Shagged Me (1999). Genres: Comedy
2684,Taxman (1999),Comedy|Drama,Movie title: Taxman (1999). Genres: Comedy|Drama
2685,"Red Dwarf, The (Le Nain rouge) (1998)",Comedy|Drama,"Movie title: Red Dwarf, The (Le Nain rouge) (1998). Genres: Comedy|Drama"
2686,"Red Violin, The (Le Violon rouge) (1998)",Drama|Mystery,"Movie title: Red Violin, The (Le Violon rouge) (1998). Genres: Drama|Mystery"
2687,Tarzan (1999),Animation|Children's,Movie title: Tarzan (1999). Genres: Animation|Children's
2688,"General's Daughter, The (1999)",Drama|Thriller,"Movie title: General's Daughter, The (1999). Genres: Drama|Thriller"
2689,Get Bruce (1999),Documentary,Movie title: Get Bruce (1999). Genres: Documentary
2690,"Ideal Husband, An (1999)",Comedy,"Movie title: Ideal Husband, An (1999). Genres: Comedy"
2691,"Legend of 1900, The (Leggenda del pianista sull'oceano) (1998)",Drama,"Movie title: Legend of 1900, The (Leggenda del pianista sull'oceano) (1998). Genres: Drama"
2692,Run Lola Run (Lola rennt) (1998),Action|Crime|Romance,Movie title: Run Lola Run (Lola rennt) (1998). Genres: Action|Crime|Romance
2693,Trekkies (1997),Documentary,Movie title: Trekkies (1997). Genres: Documentary
2694,Big Daddy (1999),Comedy,Movie title: Big Daddy (1999). Genres: Comedy
2695,"Boys, The (1997)",Drama,"Movie title: Boys, The (1997). Genres: Drama"
2696,"Dinner Game, The (Le Dîner de cons) (1998)",Comedy,"Movie title: Dinner Game, The (Le Dîner de cons) (1998). Genres: Comedy"
2697,My Son the Fanatic (1998),Comedy|Drama|Romance,Movie title: My Son the Fanatic (1998). Genres: Comedy|Drama|Romance
2698,Zone 39 (1997),Sci-Fi,Movie title: Zone 39 (1997). Genres: Sci-Fi
2699,Arachnophobia (1990),Action|Comedy|Sci-Fi|Thriller,Movie title: Arachnophobia (1990). Genres: Action|Comedy|Sci-Fi|Thriller
2700,"South Park: Bigger, Longer and Uncut (1999)",Animation|Comedy,"Movie title: South Park: Bigger, Longer and Uncut (1999). Genres: Animation|Comedy"
2701,Wild Wild West (1999),Action|Sci-Fi|Western,Movie title: Wild Wild West (1999). Genres: Action|Sci-Fi|Western
2702,Summer of Sam (1999),Drama,Movie title: Summer of Sam (1999). Genres: Drama
2703,Broken Vessels (1998),Drama,Movie title: Broken Vessels (1998). Genres: Drama
2704,"Lovers on the Bridge, The (Les Amants du Pont-Neuf) (1991)",Drama|Romance,"Movie title: Lovers on the Bridge, The (Les Amants du Pont-Neuf) (1991). Genres: Drama|Romance"
2705,"Late August, Early September (Fin août, début septembre) (1998)",Drama,"Movie title: Late August, Early September (Fin août, début septembre) (1998). Genres: Drama"
2706,American Pie (1999),Comedy,Movie title: American Pie (1999). Genres: Comedy
2707,Arlington Road (1999),Thriller,Movie title: Arlington Road (1999). Genres: Thriller
2708,"Autumn Tale, An (Conte d'automne) (1998)",Romance,"Movie title: Autumn Tale, An (Conte d'automne) (1998). Genres: Romance"
2709,Muppets From Space (1999),Children's|Comedy,Movie title: Muppets From Space (1999). Genres: Children's|Comedy
2710,"Blair Witch Project, The (1999)",Horror,"Movie title: Blair Witch Project, The (1999). Genres: Horror"
2711,My Life So Far (1999),Drama,Movie title: My Life So Far (1999). Genres: Drama
2712,Eyes Wide Shut (1999),Drama,Movie title: Eyes Wide Shut (1999). Genres: Drama
2713,Lake Placid (1999),Horror|Thriller,Movie title: Lake Placid (1999). Genres: Horror|Thriller
2714,"Wood, The (1999)",Drama,"Movie title: Wood, The (1999). Genres: Drama"
2715,"Velocity of Gary, The (1998)",Comedy|Romance,"Movie title: Velocity of Gary, The (1998). Genres: Comedy|Romance"
2716,Ghostbusters (1984),Comedy|Horror,Movie title: Ghostbusters (1984). Genres: Comedy|Horror
2717,Ghostbusters II (1989),Comedy|Horror,Movie title: Ghostbusters II (1989). Genres: Comedy|Horror
2718,Drop Dead Gorgeous (1999),Comedy,Movie title: Drop Dead Gorgeous (1999). Genres: Comedy
2719,"Haunting, The (1999)",Horror|Thriller,"Movie title: Haunting, The (1999). Genres: Horror|Thriller"
2720,Inspector Gadget (1999),Action|Adventure|Children's|Comedy,Movie title: Inspector Gadget (1999). Genres: Action|Adventure|Children's|Comedy
2721,Trick (1999),Romance,Movie title: Trick (1999). Genres: Romance
2722,Deep Blue Sea (1999),Action|Sci-Fi|Thriller,Movie title: Deep Blue Sea (1999). Genres: Action|Sci-Fi|Thriller
2723,Mystery Men (1999),Action|Adventure|Comedy,Movie title: Mystery Men (1999). Genres: Action|Adventure|Comedy
2724,Runaway Bride (1999),Comedy|Romance,Movie title: Runaway Bride (1999). Genres: Comedy|Romance
2725,Twin Falls Idaho (1999),Drama,Movie title: Twin Falls Idaho (1999). Genres: Drama
2726,"Killing, The (1956)",Crime|Film-Noir,"Movie title: Killing, The (1956). Genres: Crime|Film-Noir"
2727,Killer's Kiss (1955),Film-Noir,Movie title: Killer's Kiss (1955). Genres: Film-Noir
2728,Spartacus (1960),Drama,Movie title: Spartacus (1960). Genres: Drama
2729,Lolita (1962),Drama,Movie title: Lolita (1962). Genres: Drama
2730,Barry Lyndon (1975),Drama,Movie title: Barry Lyndon (1975). Genres: Drama
2731,"400 Blows, The (Les Quatre cents coups) (1959)",Drama,"Movie title: 400 Blows, The (Les Quatre cents coups) (1959). Genres: Drama"
2732,Jules and Jim (Jules et Jim) (1961),Drama,Movie title: Jules and Jim (Jules et Jim) (1961). Genres: Drama
2733,Vibes (1988),Adventure|Comedy,Movie title: Vibes (1988). Genres: Adventure|Comedy
2734,"Mosquito Coast, The (1986)",Drama,"Movie title: Mosquito Coast, The (1986). Genres: Drama"
2735,"Golden Child, The (1986)",Action|Adventure|Comedy,"Movie title: Golden Child, The (1986). Genres: Action|Adventure|Comedy"
2736,Brighton Beach Memoirs (1986),Comedy,Movie title: Brighton Beach Memoirs (1986). Genres: Comedy
2737,Assassination (1987),Action,Movie title: Assassination (1987). Genres: Action
2738,Crimes of the Heart (1986),Comedy|Drama,Movie title: Crimes of the Heart (1986). Genres: Comedy|Drama
2739,"Color Purple, The (1985)",Drama,"Movie title: Color Purple, The (1985). Genres: Drama"
2740,"Kindred, The (1986)",Horror,"Movie title: Kindred, The (1986). Genres: Horror"
2741,No Mercy (1986),Action|Thriller,Movie title: No Mercy (1986). Genres: Action|Thriller
2742,Ménage (Tenue de soirée) (1986),Comedy|Drama,Movie title: Ménage (Tenue de soirée) (1986). Genres: Comedy|Drama
2743,Native Son (1986),Drama,Movie title: Native Son (1986). Genres: Drama
2744,Otello (1986),Drama,Movie title: Otello (1986). Genres: Drama
2745,"Mission, The (1986)",Drama,"Movie title: Mission, The (1986). Genres: Drama"
2746,Little Shop of Horrors (1986),Comedy|Horror|Musical,Movie title: Little Shop of Horrors (1986). Genres: Comedy|Horror|Musical
2747,"Little Shop of Horrors, The (1960)",Comedy|Horror,"Movie title: Little Shop of Horrors, The (1960). Genres: Comedy|Horror"
2748,Allan Quartermain and the Lost City of Gold (1987),Action|Adventure,Movie title: Allan Quartermain and the Lost City of Gold (1987). Genres: Action|Adventure
2749,"Morning After, The (1986)",Drama|Mystery,"Movie title: Morning After, The (1986). Genres: Drama|Mystery"
2750,Radio Days (1987),Comedy|Drama,Movie title: Radio Days (1987). Genres: Comedy|Drama
2751,From the Hip (1987),Comedy,Movie title: From the Hip (1987). Genres: Comedy
2752,Outrageous Fortune (1987),Comedy|Mystery,Movie title: Outrageous Fortune (1987). Genres: Comedy|Mystery
2753,"Bedroom Window, The (1987)",Thriller,"Movie title: Bedroom Window, The (1987). Genres: Thriller"
2754,Deadtime Stories (1987),Horror,Movie title: Deadtime Stories (1987). Genres: Horror
2755,Light of Day (1987),Drama,Movie title: Light of Day (1987). Genres: Drama
2756,Wanted: Dead or Alive (1987),Action,Movie title: Wanted: Dead or Alive (1987). Genres: Action
2757,Frances (1982),Drama,Movie title: Frances (1982). Genres: Drama
2758,Plenty (1985),Drama,Movie title: Plenty (1985). Genres: Drama
2759,Dick (1999),Comedy,Movie title: Dick (1999). Genres: Comedy
2760,"Gambler, The (A Játékos) (1997)",Drama,"Movie title: Gambler, The (A Játékos) (1997). Genres: Drama"
2761,"Iron Giant, The (1999)",Animation|Children's,"Movie title: Iron Giant, The (1999). Genres: Animation|Children's"
2762,"Sixth Sense, The (1999)",Thriller,"Movie title: Sixth Sense, The (1999). Genres: Thriller"
2763,"Thomas Crown Affair, The (1999)",Action|Thriller,"Movie title: Thomas Crown Affair, The (1999). Genres: Action|Thriller"
2764,"Thomas Crown Affair, The (1968)",Crime|Drama|Thriller,"Movie title: Thomas Crown Affair, The (1968). Genres: Crime|Drama|Thriller"
2765,"Acid House, The (1998)",Comedy|Drama,"Movie title: Acid House, The (1998). Genres: Comedy|Drama"
2766,"Adventures of Sebastian Cole, The (1998)",Comedy|Drama,"Movie title: Adventures of Sebastian Cole, The (1998). Genres: Comedy|Drama"
2767,Illuminata (1998),Comedy,Movie title: Illuminata (1998). Genres: Comedy
2768,Stiff Upper Lips (1998),Comedy,Movie title: Stiff Upper Lips (1998). Genres: Comedy
2769,"Yards, The (1999)",Crime|Mystery,"Movie title: Yards, The (1999). Genres: Crime|Mystery"
2770,Bowfinger (1999),Comedy,Movie title: Bowfinger (1999). Genres: Comedy
2771,Brokedown Palace (1999),Drama,Movie title: Brokedown Palace (1999). Genres: Drama
2772,Detroit Rock City (1999),Comedy,Movie title: Detroit Rock City (1999). Genres: Comedy
2773,Alice and Martin (Alice et Martin) (1998),Drama,Movie title: Alice and Martin (Alice et Martin) (1998). Genres: Drama
2774,Better Than Chocolate (1999),Comedy|Romance,Movie title: Better Than Chocolate (1999). Genres: Comedy|Romance
2775,Head On (1998),Drama,Movie title: Head On (1998). Genres: Drama
2776,"Marcello Mastroianni: I Remember Yes, I Remember (1997)",Documentary,"Movie title: Marcello Mastroianni: I Remember Yes, I Remember (1997). Genres: Documentary"
2777,Cobra (1925),Drama,Movie title: Cobra (1925). Genres: Drama
2778,Never Talk to Strangers (1995),Thriller,Movie title: Never Talk to Strangers (1995). Genres: Thriller
2779,Heaven Can Wait (1978),Comedy,Movie title: Heaven Can Wait (1978). Genres: Comedy
2780,"Raven, The (1963)",Comedy|Horror,"Movie title: Raven, The (1963). Genres: Comedy|Horror"
2781,"Tingler, The (1959)",Horror,"Movie title: Tingler, The (1959). Genres: Horror"
2782,Pit and the Pendulum (1961),Horror,Movie title: Pit and the Pendulum (1961). Genres: Horror
2783,"Tomb of Ligeia, The (1965)",Horror,"Movie title: Tomb of Ligeia, The (1965). Genres: Horror"
2784,"Masque of the Red Death, The (1964)",Horror,"Movie title: Masque of the Red Death, The (1964). Genres: Horror"
2785,Tales of Terror (1962),Horror,Movie title: Tales of Terror (1962). Genres: Horror
2786,Haunted Honeymoon (1986),Comedy,Movie title: Haunted Honeymoon (1986). Genres: Comedy
2787,Cat's Eye (1985),Horror,Movie title: Cat's Eye (1985). Genres: Horror
2788,And Now for Something Completely Different (1971),Comedy,Movie title: And Now for Something Completely Different (1971). Genres: Comedy
2789,Damien: Omen II (1978),Horror,Movie title: Damien: Omen II (1978). Genres: Horror
2790,"Final Conflict, The (a.k.a. Omen III: The Final Conflict) (1981)",Horror,"Movie title: Final Conflict, The (a.k.a. Omen III: The Final Conflict) (1981). Genres: Horror"
2791,Airplane! (1980),Comedy,Movie title: Airplane! (1980). Genres: Comedy
2792,Airplane II: The Sequel (1982),Comedy,Movie title: Airplane II: The Sequel (1982). Genres: Comedy
2793,"American Werewolf in Paris, An (1997)",Comedy|Horror,"Movie title: American Werewolf in Paris, An (1997). Genres: Comedy|Horror"
2794,European Vacation (1985),Comedy,Movie title: European Vacation (1985). Genres: Comedy
2795,Vacation (1983),Comedy,Movie title: Vacation (1983). Genres: Comedy
2796,Funny Farm (1988),Comedy,Movie title: Funny Farm (1988). Genres: Comedy
2797,Big (1988),Comedy|Fantasy,Movie title: Big (1988). Genres: Comedy|Fantasy
2798,Problem Child (1990),Comedy,Movie title: Problem Child (1990). Genres: Comedy
2799,Problem Child 2 (1991),Comedy,Movie title: Problem Child 2 (1991). Genres: Comedy
2800,Little Nemo: Adventures in Slumberland (1992),Animation|Children's,Movie title: Little Nemo: Adventures in Slumberland (1992). Genres: Animation|Children's
2801,Oscar and Lucinda (a.k.a. Oscar & Lucinda) (1997),Drama|Romance,Movie title: Oscar and Lucinda (a.k.a. Oscar & Lucinda) (1997). Genres: Drama|Romance
2802,Tequila Sunrise (1988),Action|Romance|Thriller,Movie title: Tequila Sunrise (1988). Genres: Action|Romance|Thriller
2803,"Pelican Brief, The (1993)",Thriller,"Movie title: Pelican Brief, The (1993). Genres: Thriller"
2804,"Christmas Story, A (1983)",Comedy|Drama,"Movie title: Christmas Story, A (1983). Genres: Comedy|Drama"
2805,Mickey Blue Eyes (1999),Comedy|Romance,Movie title: Mickey Blue Eyes (1999). Genres: Comedy|Romance
2806,Teaching Mrs. Tingle (1999),Comedy|Thriller,Movie title: Teaching Mrs. Tingle (1999). Genres: Comedy|Thriller
2807,Universal Soldier: The Return (1999),Action|Sci-Fi,Movie title: Universal Soldier: The Return (1999). Genres: Action|Sci-Fi
2808,Universal Soldier (1992),Action|Sci-Fi,Movie title: Universal Soldier (1992). Genres: Action|Sci-Fi
2809,Love Stinks (1999),Comedy,Movie title: Love Stinks (1999). Genres: Comedy
2810,Perfect Blue (1997),Animation|Mystery,Movie title: Perfect Blue (1997). Genres: Animation|Mystery
2811,With Friends Like These... (1998),Comedy,Movie title: With Friends Like These... (1998). Genres: Comedy
2812,In Too Deep (1999),Action|Thriller,Movie title: In Too Deep (1999). Genres: Action|Thriller
2813,"Source, The (1999)",Documentary,"Movie title: Source, The (1999). Genres: Documentary"
2814,"Bat, The (1959)",Horror,"Movie title: Bat, The (1959). Genres: Horror"
2815,Iron Eagle (1986),Action|War,Movie title: Iron Eagle (1986). Genres: Action|War
2816,Iron Eagle II (1988),Action|War,Movie title: Iron Eagle II (1988). Genres: Action|War
2817,Aces: Iron Eagle III (1992),Action|War,Movie title: Aces: Iron Eagle III (1992). Genres: Action|War
2818,Iron Eagle IV (1995),Action|War,Movie title: Iron Eagle IV (1995). Genres: Action|War
2819,Three Days of the Condor (1975),Thriller,Movie title: Three Days of the Condor (1975). Genres: Thriller
2820,Hamlet (1964),Drama,Movie title: Hamlet (1964). Genres: Drama
2821,Male and Female (1919),Adventure|Drama,Movie title: Male and Female (1919). Genres: Adventure|Drama
2822,Medicine Man (1992),Adventure|Romance,Movie title: Medicine Man (1992). Genres: Adventure|Romance
2823,"Spiders, The (Die Spinnen, 1. Teil: Der Goldene See) (1919)",Action|Drama,"Movie title: Spiders, The (Die Spinnen, 1. Teil: Der Goldene See) (1919). Genres: Action|Drama"
2824,On the Ropes (1999),Documentary,Movie title: On the Ropes (1999). Genres: Documentary
2825,Rosie (1998),Drama,Movie title: Rosie (1998). Genres: Drama
2826,"13th Warrior, The (1999)",Action|Horror|Thriller,"Movie title: 13th Warrior, The (1999). Genres: Action|Horror|Thriller"
2827,"Astronaut's Wife, The (1999)",Sci-Fi|Thriller,"Movie title: Astronaut's Wife, The (1999). Genres: Sci-Fi|Thriller"
2828,Dudley Do-Right (1999),Children's|Comedy,Movie title: Dudley Do-Right (1999). Genres: Children's|Comedy
2829,"Muse, The (1999)",Comedy|Drama,"Movie title: Muse, The (1999). Genres: Comedy|Drama"
2830,Cabaret Balkan (Bure Baruta) (1998),Drama,Movie title: Cabaret Balkan (Bure Baruta) (1998). Genres: Drama
2831,"Dog of Flanders, A (1999)",Drama,"Movie title: Dog of Flanders, A (1999). Genres: Drama"
2832,"Lost Son, The (1999)",Drama,"Movie title: Lost Son, The (1999). Genres: Drama"
2833,Lucie Aubrac (1997),Romance|War,Movie title: Lucie Aubrac (1997). Genres: Romance|War
2834,"Very Thought of You, The (1998)",Comedy|Romance,"Movie title: Very Thought of You, The (1998). Genres: Comedy|Romance"
2835,Chill Factor (1999),Action|Thriller,Movie title: Chill Factor (1999). Genres: Action|Thriller
2836,Outside Providence (1999),Comedy,Movie title: Outside Providence (1999). Genres: Comedy
2837,Bedrooms & Hallways (1998),Comedy|Romance,Movie title: Bedrooms & Hallways (1998). Genres: Comedy|Romance
2838,I Woke Up Early the Day I Died (1998),Comedy,Movie title: I Woke Up Early the Day I Died (1998). Genres: Comedy
2839,West Beirut (West Beyrouth) (1998),Drama,Movie title: West Beirut (West Beyrouth) (1998). Genres: Drama
2840,Stigmata (1999),Thriller,Movie title: Stigmata (1999). Genres: Thriller
2841,Stir of Echoes (1999),Thriller,Movie title: Stir of Echoes (1999). Genres: Thriller
2842,Best Laid Plans (1999),Crime|Drama,Movie title: Best Laid Plans (1999). Genres: Crime|Drama
2843,"Black Cat, White Cat (Crna macka, beli macor) (1998)",Comedy|Romance,"Movie title: Black Cat, White Cat (Crna macka, beli macor) (1998). Genres: Comedy|Romance"
2844,"Minus Man, The (1999)",Drama|Mystery,"Movie title: Minus Man, The (1999). Genres: Drama|Mystery"
2845,White Boys (1999),Drama,Movie title: White Boys (1999). Genres: Drama
2846,"Adventures of Milo and Otis, The (1986)",Children's,"Movie title: Adventures of Milo and Otis, The (1986). Genres: Children's"
2847,Only Angels Have Wings (1939),Drama,Movie title: Only Angels Have Wings (1939). Genres: Drama
2848,Othello (1952),Drama,Movie title: Othello (1952). Genres: Drama
2849,Queens Logic (1991),Comedy|Drama,Movie title: Queens Logic (1991). Genres: Comedy|Drama
2850,Public Access (1993),Drama|Thriller,Movie title: Public Access (1993). Genres: Drama|Thriller
2851,Saturn 3 (1979),Adventure|Sci-Fi|Thriller,Movie title: Saturn 3 (1979). Genres: Adventure|Sci-Fi|Thriller
2852,"Soldier's Story, A (1984)",Drama,"Movie title: Soldier's Story, A (1984). Genres: Drama"
2853,"Communion (a.k.a. Alice, Sweet Alice/Holy Terror) (1977)",Horror,"Movie title: Communion (a.k.a. Alice, Sweet Alice/Holy Terror) (1977). Genres: Horror"
2854,Don't Look in the Basement! (1973),Horror,Movie title: Don't Look in the Basement! (1973). Genres: Horror
2855,Nightmares (1983),Horror,Movie title: Nightmares (1983). Genres: Horror
2856,I Saw What You Did (1965),Thriller,Movie title: I Saw What You Did (1965). Genres: Thriller
2857,Yellow Submarine (1968),Animation|Musical,Movie title: Yellow Submarine (1968). Genres: Animation|Musical
2858,American Beauty (1999),Comedy|Drama,Movie title: American Beauty (1999). Genres: Comedy|Drama
2859,Stop Making Sense (1984),Documentary,Movie title: Stop Making Sense (1984). Genres: Documentary
2860,Blue Streak (1999),Comedy,Movie title: Blue Streak (1999). Genres: Comedy
2861,For Love of the Game (1999),Comedy|Drama,Movie title: For Love of the Game (1999). Genres: Comedy|Drama
2862,Caligula (1980),Drama,Movie title: Caligula (1980). Genres: Drama
2863,"Hard Day's Night, A (1964)",Comedy|Musical,"Movie title: Hard Day's Night, A (1964). Genres: Comedy|Musical"
2864,Splendor (1999),Comedy,Movie title: Splendor (1999). Genres: Comedy
2865,Sugar Town (1999),Comedy,Movie title: Sugar Town (1999). Genres: Comedy
2866,"Buddy Holly Story, The (1978)",Drama,"Movie title: Buddy Holly Story, The (1978). Genres: Drama"
2867,Fright Night (1985),Comedy|Horror,Movie title: Fright Night (1985). Genres: Comedy|Horror
2868,Fright Night Part II (1989),Horror,Movie title: Fright Night Part II (1989). Genres: Horror
2869,"Separation, The (La Séparation) (1994)",Drama,"Movie title: Separation, The (La Séparation) (1994). Genres: Drama"
2870,Barefoot in the Park (1967),Comedy,Movie title: Barefoot in the Park (1967). Genres: Comedy
2871,Deliverance (1972),Adventure|Thriller,Movie title: Deliverance (1972). Genres: Adventure|Thriller
2872,Excalibur (1981),Action|Drama|Fantasy|Romance,Movie title: Excalibur (1981). Genres: Action|Drama|Fantasy|Romance
2873,Lulu on the Bridge (1998),Drama|Mystery|Romance,Movie title: Lulu on the Bridge (1998). Genres: Drama|Mystery|Romance
2874,"Pajama Game, The (1957)",Comedy,"Movie title: Pajama Game, The (1957). Genres: Comedy"
2875,Sommersby (1993),Drama|Mystery|Romance,Movie title: Sommersby (1993). Genres: Drama|Mystery|Romance
2876,Thumbelina (1994),Animation|Children's,Movie title: Thumbelina (1994). Genres: Animation|Children's
2877,Tommy (1975),Drama|Musical,Movie title: Tommy (1975). Genres: Drama|Musical
2878,Hell Night (1981),Horror,Movie title: Hell Night (1981). Genres: Horror
2879,Operation Condor (Feiying gaiwak) (1990),Action|Adventure|Comedy,Movie title: Operation Condor (Feiying gaiwak) (1990). Genres: Action|Adventure|Comedy
2880,Operation Condor 2 (Longxiong hudi) (1990),Action|Adventure|Comedy,Movie title: Operation Condor 2 (Longxiong hudi) (1990). Genres: Action|Adventure|Comedy
2881,Double Jeopardy (1999),Action|Thriller,Movie title: Double Jeopardy (1999). Genres: Action|Thriller
2882,Jakob the Liar (1999),Drama,Movie title: Jakob the Liar (1999). Genres: Drama
2883,Mumford (1999),Comedy,Movie title: Mumford (1999). Genres: Comedy
2884,Dog Park (1998),Comedy|Romance,Movie title: Dog Park (1998). Genres: Comedy|Romance
2885,Guinevere (1999),Drama|Romance,Movie title: Guinevere (1999). Genres: Drama|Romance
2886,"Adventures of Elmo in Grouchland, The (1999)",Children's|Comedy,"Movie title: Adventures of Elmo in Grouchland, The (1999). Genres: Children's|Comedy"
2887,Simon Sez (1999),Drama,Movie title: Simon Sez (1999). Genres: Drama
2888,Drive Me Crazy (1999),Comedy|Romance,Movie title: Drive Me Crazy (1999). Genres: Comedy|Romance
2889,"Mystery, Alaska (1999)",Comedy,"Movie title: Mystery, Alaska (1999). Genres: Comedy"
2890,Three Kings (1999),Drama|War,Movie title: Three Kings (1999). Genres: Drama|War
2891,"Happy, Texas (1999)",Comedy,"Movie title: Happy, Texas (1999). Genres: Comedy"
2892,New Rose Hotel (1998),Action|Drama,Movie title: New Rose Hotel (1998). Genres: Action|Drama
2893,Plunkett & MaCleane (1999),Action|Drama,Movie title: Plunkett & MaCleane (1999). Genres: Action|Drama
2894,Romance (1999),Drama|Romance,Movie title: Romance (1999). Genres: Drama|Romance
2895,Napoleon and Samantha (1972),Adventure,Movie title: Napoleon and Samantha (1972). Genres: Adventure
2896,Alvarez Kelly (1966),Western,Movie title: Alvarez Kelly (1966). Genres: Western
2897,And the Ship Sails On (E la nave va) (1984),Comedy|War,Movie title: And the Ship Sails On (E la nave va) (1984). Genres: Comedy|War
2898,"Dark Half, The (1993)",Horror|Mystery,"Movie title: Dark Half, The (1993). Genres: Horror|Mystery"
2899,Gulliver's Travels (1939),Adventure|Animation|Children's,Movie title: Gulliver's Travels (1939). Genres: Adventure|Animation|Children's
2900,Monkey Shines (1988),Horror|Sci-Fi,Movie title: Monkey Shines (1988). Genres: Horror|Sci-Fi
2901,Phantasm (1979),Horror|Sci-Fi,Movie title: Phantasm (1979). Genres: Horror|Sci-Fi
2902,Psycho II (1983),Horror|Thriller,Movie title: Psycho II (1983). Genres: Horror|Thriller
2903,Psycho III (1986),Horror|Thriller,Movie title: Psycho III (1986). Genres: Horror|Thriller
2904,Rain (1932),Drama,Movie title: Rain (1932). Genres: Drama
2905,Sanjuro (1962),Action|Adventure,Movie title: Sanjuro (1962). Genres: Action|Adventure
2906,Random Hearts (1999),Drama|Romance,Movie title: Random Hearts (1999). Genres: Drama|Romance
2907,Superstar (1999),Comedy,Movie title: Superstar (1999). Genres: Comedy
2908,Boys Don't Cry (1999),Drama,Movie title: Boys Don't Cry (1999). Genres: Drama
2909,"Five Wives, Three Secretaries and Me (1998)",Documentary,"Movie title: Five Wives, Three Secretaries and Me (1998). Genres: Documentary"
2910,"Ennui, L' (1998)",Drama|Romance,"Movie title: Ennui, L' (1998). Genres: Drama|Romance"
2911,"Grandfather, The (El Abuelo) (1998)",Drama,"Movie title: Grandfather, The (El Abuelo) (1998). Genres: Drama"
2912,"Limey, The (1999)",Action|Crime|Drama,"Movie title: Limey, The (1999). Genres: Action|Crime|Drama"
2913,"Mating Habits of the Earthbound Human, The (1998)",Comedy,"Movie title: Mating Habits of the Earthbound Human, The (1998). Genres: Comedy"
2914,Molly (1999),Comedy|Drama,Movie title: Molly (1999). Genres: Comedy|Drama
2915,Risky Business (1983),Comedy,Movie title: Risky Business (1983). Genres: Comedy
2916,Total Recall (1990),Action|Adventure|Sci-Fi|Thriller,Movie title: Total Recall (1990). Genres: Action|Adventure|Sci-Fi|Thriller
2917,Body Heat (1981),Crime|Thriller,Movie title: Body Heat (1981). Genres: Crime|Thriller
2918,Ferris Bueller's Day Off (1986),Comedy,Movie title: Ferris Bueller's Day Off (1986). Genres: Comedy
2919,Year of Living Dangerously (1982),Drama|Romance,Movie title: Year of Living Dangerously (1982). Genres: Drama|Romance
2920,Children of Paradise (Les enfants du paradis) (1945),Drama|Romance,Movie title: Children of Paradise (Les enfants du paradis) (1945). Genres: Drama|Romance
2921,High Plains Drifter (1972),Western,Movie title: High Plains Drifter (1972). Genres: Western
2922,Hang 'em High (1967),Western,Movie title: Hang 'em High (1967). Genres: Western
2923,Citizen's Band (a.k.a. Handle with Care) (1977),Comedy,Movie title: Citizen's Band (a.k.a. Handle with Care) (1977). Genres: Comedy
2924,Drunken Master (Zui quan) (1979),Action|Comedy,Movie title: Drunken Master (Zui quan) (1979). Genres: Action|Comedy
2925,"Conformist, The (Il Conformista) (1970)",Drama,"Movie title: Conformist, The (Il Conformista) (1970). Genres: Drama"
2926,Hairspray (1988),Comedy|Drama,Movie title: Hairspray (1988). Genres: Comedy|Drama
2927,Brief Encounter (1946),Drama|Romance,Movie title: Brief Encounter (1946). Genres: Drama|Romance
2928,"Razor's Edge, The (1984)",Drama,"Movie title: Razor's Edge, The (1984). Genres: Drama"
2929,Reds (1981),Drama,Movie title: Reds (1981). Genres: Drama
2930,Return with Honor (1998),Documentary,Movie title: Return with Honor (1998). Genres: Documentary
2931,Time of the Gypsies (Dom za vesanje) (1989),Drama,Movie title: Time of the Gypsies (Dom za vesanje) (1989). Genres: Drama
2932,Days of Heaven (1978),Drama,Movie title: Days of Heaven (1978). Genres: Drama
2933,"Fire Within, The (Le Feu Follet) (1963)",Drama,"Movie title: Fire Within, The (Le Feu Follet) (1963). Genres: Drama"
2934,"Love Bewitched, A (El Amor Brujo) (1986)",Musical,"Movie title: Love Bewitched, A (El Amor Brujo) (1986). Genres: Musical"
2935,"Lady Eve, The (1941)",Comedy|Romance,"Movie title: Lady Eve, The (1941). Genres: Comedy|Romance"
2936,Sullivan's Travels (1942),Comedy,Movie title: Sullivan's Travels (1942). Genres: Comedy
2937,"Palm Beach Story, The (1942)",Comedy,"Movie title: Palm Beach Story, The (1942). Genres: Comedy"
2938,Man Facing Southeast (Hombre Mirando al Sudeste) (1986),Drama,Movie title: Man Facing Southeast (Hombre Mirando al Sudeste) (1986). Genres: Drama
2939,Niagara (1953),Drama|Thriller,Movie title: Niagara (1953). Genres: Drama|Thriller
2940,Gilda (1946),Film-Noir,Movie title: Gilda (1946). Genres: Film-Noir
2941,South Pacific (1958),Musical|Romance|War,Movie title: South Pacific (1958). Genres: Musical|Romance|War
2942,Flashdance (1983),Drama|Romance,Movie title: Flashdance (1983). Genres: Drama|Romance
2943,Indochine (1992),Drama|Romance,Movie title: Indochine (1992). Genres: Drama|Romance
2944,"Dirty Dozen, The (1967)",Action|War,"Movie title: Dirty Dozen, The (1967). Genres: Action|War"
2945,Mike's Murder (1984),Mystery,Movie title: Mike's Murder (1984). Genres: Mystery
2946,Help! (1965),Comedy|Musical,Movie title: Help! (1965). Genres: Comedy|Musical
2947,Goldfinger (1964),Action,Movie title: Goldfinger (1964). Genres: Action
2948,From Russia with Love (1963),Action,Movie title: From Russia with Love (1963). Genres: Action
2949,Dr. No (1962),Action,Movie title: Dr. No (1962). Genres: Action
2950,"Blue Lagoon, The (1980)",Adventure|Drama|Romance,"Movie title: Blue Lagoon, The (1980). Genres: Adventure|Drama|Romance"
2951,"Fistful of Dollars, A (1964)",Action|Western,"Movie title: Fistful of Dollars, A (1964). Genres: Action|Western"
2952,"Hard 8 (a.k.a. Sydney, a.k.a. Hard Eight) (1996)",Crime|Thriller,"Movie title: Hard 8 (a.k.a. Sydney, a.k.a. Hard Eight) (1996). Genres: Crime|Thriller"
2953,Home Alone 2: Lost in New York (1992),Children's|Comedy,Movie title: Home Alone 2: Lost in New York (1992). Genres: Children's|Comedy
2954,Penitentiary (1979),Drama,Movie title: Penitentiary (1979). Genres: Drama
2955,Penitentiary II (1982),Drama,Movie title: Penitentiary II (1982). Genres: Drama
2956,Someone to Watch Over Me (1987),Action|Crime|Thriller,Movie title: Someone to Watch Over Me (1987). Genres: Action|Crime|Thriller
2957,Sparrows (1926),Drama,Movie title: Sparrows (1926). Genres: Drama
2958,Naturally Native (1998),Drama,Movie title: Naturally Native (1998). Genres: Drama
2959,Fight Club (1999),Drama,Movie title: Fight Club (1999). Genres: Drama
2960,Beefcake (1999),Drama,Movie title: Beefcake (1999). Genres: Drama
2961,"Story of Us, The (1999)",Comedy|Drama,"Movie title: Story of Us, The (1999). Genres: Comedy|Drama"
2962,Fever Pitch (1997),Comedy|Romance,Movie title: Fever Pitch (1997). Genres: Comedy|Romance
2963,Joe the King (1999),Crime|Drama,Movie title: Joe the King (1999). Genres: Crime|Drama
2964,Julien Donkey-Boy (1999),Drama,Movie title: Julien Donkey-Boy (1999). Genres: Drama
2965,"Omega Code, The (1999)",Action,"Movie title: Omega Code, The (1999). Genres: Action"
2966,"Straight Story, The (1999)",Drama,"Movie title: Straight Story, The (1999). Genres: Drama"
2967,"Bad Seed, The (1956)",Drama|Thriller,"Movie title: Bad Seed, The (1956). Genres: Drama|Thriller"
2968,Time Bandits (1981),Adventure|Fantasy|Sci-Fi,Movie title: Time Bandits (1981). Genres: Adventure|Fantasy|Sci-Fi
2969,"Man and a Woman, A (Un Homme et une Femme) (1966)",Drama|Romance,"Movie title: Man and a Woman, A (Un Homme et une Femme) (1966). Genres: Drama|Romance"
2970,Fitzcarraldo (1982),Adventure|Drama,Movie title: Fitzcarraldo (1982). Genres: Adventure|Drama
2971,All That Jazz (1979),Musical,Movie title: All That Jazz (1979). Genres: Musical
2972,Red Sorghum (Hong Gao Liang) (1987),Drama|War,Movie title: Red Sorghum (Hong Gao Liang) (1987). Genres: Drama|War
2973,Crimes and Misdemeanors (1989),Comedy,Movie title: Crimes and Misdemeanors (1989). Genres: Comedy
2974,Bats (1999),Horror|Thriller,Movie title: Bats (1999). Genres: Horror|Thriller
2975,"Best Man, The (1999)",Drama,"Movie title: Best Man, The (1999). Genres: Drama"
2976,Bringing Out the Dead (1999),Drama|Horror,Movie title: Bringing Out the Dead (1999). Genres: Drama|Horror
2977,Crazy in Alabama (1999),Comedy|Drama,Movie title: Crazy in Alabama (1999). Genres: Comedy|Drama
2978,Three to Tango (1999),Comedy|Romance,Movie title: Three to Tango (1999). Genres: Comedy|Romance
2979,Body Shots (1999),Drama,Movie title: Body Shots (1999). Genres: Drama
2980,Men Cry Bullets (1997),Drama,Movie title: Men Cry Bullets (1997). Genres: Drama
2981,"Brother, Can You Spare a Dime? (1975)",Documentary,"Movie title: Brother, Can You Spare a Dime? (1975). Genres: Documentary"
2982,"Guardian, The (1990)",Horror|Thriller,"Movie title: Guardian, The (1990). Genres: Horror|Thriller"
2983,"Ipcress File, The (1965)",Thriller,"Movie title: Ipcress File, The (1965). Genres: Thriller"
2984,On Any Sunday (1971),Documentary,Movie title: On Any Sunday (1971). Genres: Documentary
2985,Robocop (1987),Action|Crime|Sci-Fi,Movie title: Robocop (1987). Genres: Action|Crime|Sci-Fi
2986,Robocop 2 (1990),Action|Crime|Sci-Fi,Movie title: Robocop 2 (1990). Genres: Action|Crime|Sci-Fi
2987,Who Framed Roger Rabbit? (1988),Adventure|Animation|Film-Noir,Movie title: Who Framed Roger Rabbit? (1988). Genres: Adventure|Animation|Film-Noir
2988,Melvin and Howard (1980),Drama,Movie title: Melvin and Howard (1980). Genres: Drama
2989,For Your Eyes Only (1981),Action,Movie title: For Your Eyes Only (1981). Genres: Action
2990,Licence to Kill (1989),Action,Movie title: Licence to Kill (1989). Genres: Action
2991,Live and Let Die (1973),Action,Movie title: Live and Let Die (1973). Genres: Action
2992,Rawhead Rex (1986),Horror|Thriller,Movie title: Rawhead Rex (1986). Genres: Horror|Thriller
2993,Thunderball (1965),Action,Movie title: Thunderball (1965). Genres: Action
2994,"City, The (1998)",Drama,"Movie title: City, The (1998). Genres: Drama"
2995,"House on Haunted Hill, The (1999)",Horror,"Movie title: House on Haunted Hill, The (1999). Genres: Horror"
2996,Music of the Heart (1999),Drama,Movie title: Music of the Heart (1999). Genres: Drama
2997,Being John Malkovich (1999),Comedy,Movie title: Being John Malkovich (1999). Genres: Comedy
2998,Dreaming of Joseph Lees (1998),Romance,Movie title: Dreaming of Joseph Lees (1998). Genres: Romance
2999,Man of the Century (1999),Comedy,Movie title: Man of the Century (1999). Genres: Comedy
3000,"Princess Mononoke, The (Mononoke Hime) (1997)",Action|Adventure|Animation,"Movie title: Princess Mononoke, The (Mononoke Hime) (1997). Genres: Action|Adventure|Animation"
3001,"Suburbans, The (1999)",Drama,"Movie title: Suburbans, The (1999). Genres: Drama"
3002,My Best Fiend (Mein liebster Feind) (1999),Documentary,Movie title: My Best Fiend (Mein liebster Feind) (1999). Genres: Documentary
3003,Train of Life (Train De Vie) (1998),Comedy|Drama,Movie title: Train of Life (Train De Vie) (1998). Genres: Comedy|Drama
3004,"Bachelor, The (1999)",Comedy|Romance,"Movie title: Bachelor, The (1999). Genres: Comedy|Romance"
3005,"Bone Collector, The (1999)",Thriller,"Movie title: Bone Collector, The (1999). Genres: Thriller"
3006,"Insider, The (1999)",Drama,"Movie title: Insider, The (1999). Genres: Drama"
3007,American Movie (1999),Documentary,Movie title: American Movie (1999). Genres: Documentary
3008,Last Night (1998),Thriller,Movie title: Last Night (1998). Genres: Thriller
3009,Portraits Chinois (1996),Drama,Movie title: Portraits Chinois (1996). Genres: Drama
3010,Rosetta (1999),Drama,Movie title: Rosetta (1999). Genres: Drama
3011,"They Shoot Horses, Don't They? (1969)",Drama,"Movie title: They Shoot Horses, Don't They? (1969). Genres: Drama"
3012,Battling Butler (1926),Comedy,Movie title: Battling Butler (1926). Genres: Comedy
3013,Bride of Re-Animator (1990),Comedy|Horror,Movie title: Bride of Re-Animator (1990). Genres: Comedy|Horror
3014,Bustin' Loose (1981),Comedy,Movie title: Bustin' Loose (1981). Genres: Comedy
3015,Coma (1978),Thriller,Movie title: Coma (1978). Genres: Thriller
3016,Creepshow (1982),Horror,Movie title: Creepshow (1982). Genres: Horror
3017,Creepshow 2 (1987),Horror,Movie title: Creepshow 2 (1987). Genres: Horror
3018,Re-Animator (1985),Horror,Movie title: Re-Animator (1985). Genres: Horror
3019,Drugstore Cowboy (1989),Crime|Drama,Movie title: Drugstore Cowboy (1989). Genres: Crime|Drama
3020,Falling Down (1993),Action|Drama,Movie title: Falling Down (1993). Genres: Action|Drama
3021,"Funhouse, The (1981)",Horror,"Movie title: Funhouse, The (1981). Genres: Horror"
3022,"General, The (1927)",Comedy,"Movie title: General, The (1927). Genres: Comedy"
3023,My Best Girl (1927),Comedy|Romance,Movie title: My Best Girl (1927). Genres: Comedy|Romance
3024,Piranha (1978),Horror|Sci-Fi,Movie title: Piranha (1978). Genres: Horror|Sci-Fi
3025,Rough Night in Jericho (1967),Western,Movie title: Rough Night in Jericho (1967). Genres: Western
3026,Slaughterhouse (1987),Horror,Movie title: Slaughterhouse (1987). Genres: Horror
3027,Slaughterhouse 2 (1988),Horror,Movie title: Slaughterhouse 2 (1988). Genres: Horror
3028,"Taming of the Shrew, The (1967)",Comedy,"Movie title: Taming of the Shrew, The (1967). Genres: Comedy"
3029,Nighthawks (1981),Action|Drama,Movie title: Nighthawks (1981). Genres: Action|Drama
3030,Yojimbo (1961),Comedy|Drama|Western,Movie title: Yojimbo (1961). Genres: Comedy|Drama|Western
3031,Repossessed (1990),Comedy,Movie title: Repossessed (1990). Genres: Comedy
3032,"Omega Man, The (1971)",Sci-Fi,"Movie title: Omega Man, The (1971). Genres: Sci-Fi"
3033,Spaceballs (1987),Comedy|Sci-Fi,Movie title: Spaceballs (1987). Genres: Comedy|Sci-Fi
3034,Robin Hood (1973),Animation|Children's,Movie title: Robin Hood (1973). Genres: Animation|Children's
3035,Mister Roberts (1955),Comedy|Drama|War,Movie title: Mister Roberts (1955). Genres: Comedy|Drama|War
3036,Quest for Fire (1981),Adventure,Movie title: Quest for Fire (1981). Genres: Adventure
3037,Little Big Man (1970),Comedy|Drama|Western,Movie title: Little Big Man (1970). Genres: Comedy|Drama|Western
3038,"Face in the Crowd, A (1957)",Drama,"Movie title: Face in the Crowd, A (1957). Genres: Drama"
3039,Trading Places (1983),Comedy,Movie title: Trading Places (1983). Genres: Comedy
3040,Meatballs (1979),Comedy,Movie title: Meatballs (1979). Genres: Comedy
3041,Meatballs Part II (1984),Comedy,Movie title: Meatballs Part II (1984). Genres: Comedy
3042,Meatballs III (1987),Comedy,Movie title: Meatballs III (1987). Genres: Comedy
3043,Meatballs 4 (1992),Comedy,Movie title: Meatballs 4 (1992). Genres: Comedy
3044,Dead Again (1991),Mystery|Romance|Thriller,Movie title: Dead Again (1991). Genres: Mystery|Romance|Thriller
3045,Peter's Friends (1992),Comedy|Drama,Movie title: Peter's Friends (1992). Genres: Comedy|Drama
3046,"Incredibly True Adventure of Two Girls in Love, The (1995)",Comedy|Romance,"Movie title: Incredibly True Adventure of Two Girls in Love, The (1995). Genres: Comedy|Romance"
3047,Experience Preferred... But Not Essential (1982),Drama,Movie title: Experience Preferred... But Not Essential (1982). Genres: Drama
3048,Under the Rainbow (1981),Comedy,Movie title: Under the Rainbow (1981). Genres: Comedy
3049,How I Won the War (1967),Comedy|War,Movie title: How I Won the War (1967). Genres: Comedy|War
3050,Light It Up (1999),Drama,Movie title: Light It Up (1999). Genres: Drama
3051,Anywhere But Here (1999),Drama,Movie title: Anywhere But Here (1999). Genres: Drama
3052,Dogma (1999),Comedy,Movie title: Dogma (1999). Genres: Comedy
3053,"Messenger: The Story of Joan of Arc, The (1999)",Drama|War,"Movie title: Messenger: The Story of Joan of Arc, The (1999). Genres: Drama|War"
3054,Pokémon: The First Movie (1998),Animation|Children's,Movie title: Pokémon: The First Movie (1998). Genres: Animation|Children's
3055,Felicia's Journey (1999),Thriller,Movie title: Felicia's Journey (1999). Genres: Thriller
3056,Oxygen (1999),Thriller,Movie title: Oxygen (1999). Genres: Thriller
3057,Where's Marlowe? (1999),Comedy,Movie title: Where's Marlowe? (1999). Genres: Comedy
3058,"Ape, The (1940)",Horror|Sci-Fi,"Movie title: Ape, The (1940). Genres: Horror|Sci-Fi"
3059,British Intelligence (1940),Drama,Movie title: British Intelligence (1940). Genres: Drama
3060,"Commitments, The (1991)",Comedy|Drama,"Movie title: Commitments, The (1991). Genres: Comedy|Drama"
3061,Holiday Inn (1942),Comedy|Musical,Movie title: Holiday Inn (1942). Genres: Comedy|Musical
3062,"Longest Day, The (1962)",Action|Drama|War,"Movie title: Longest Day, The (1962). Genres: Action|Drama|War"
3063,Poison Ivy (1992),Thriller,Movie title: Poison Ivy (1992). Genres: Thriller
3064,Poison Ivy: New Seduction (1997),Thriller,Movie title: Poison Ivy: New Seduction (1997). Genres: Thriller
3065,Ten Benny (1997),Drama,Movie title: Ten Benny (1997). Genres: Drama
3066,Tora! Tora! Tora! (1970),War,Movie title: Tora! Tora! Tora! (1970). Genres: War
3067,Women on the Verge of a Nervous Breakdown (1988),Comedy|Drama,Movie title: Women on the Verge of a Nervous Breakdown (1988). Genres: Comedy|Drama
3068,"Verdict, The (1982)",Drama,"Movie title: Verdict, The (1982). Genres: Drama"
3069,"Effect of Gamma Rays on Man-in-the-Moon Marigolds, The (1972)",Drama,"Movie title: Effect of Gamma Rays on Man-in-the-Moon Marigolds, The (1972). Genres: Drama"
3070,"Adventures of Buckaroo Bonzai Across the 8th Dimension, The (1984)",Adventure|Comedy|Sci-Fi,"Movie title: Adventures of Buckaroo Bonzai Across the 8th Dimension, The (1984). Genres: Adventure|Comedy|Sci-Fi"
3071,Stand and Deliver (1987),Drama,Movie title: Stand and Deliver (1987). Genres: Drama
3072,Moonstruck (1987),Comedy,Movie title: Moonstruck (1987). Genres: Comedy
3073,"Sandpiper, The (1965)",Drama|Romance,"Movie title: Sandpiper, The (1965). Genres: Drama|Romance"
3074,Jeremiah Johnson (1972),Western,Movie title: Jeremiah Johnson (1972). Genres: Western
3075,Repulsion (1965),Thriller,Movie title: Repulsion (1965). Genres: Thriller
3076,Irma la Douce (1963),Comedy,Movie title: Irma la Douce (1963). Genres: Comedy
3077,42 Up (1998),Documentary,Movie title: 42 Up (1998). Genres: Documentary
3078,Liberty Heights (1999),Drama,Movie title: Liberty Heights (1999). Genres: Drama
3079,Mansfield Park (1999),Drama,Movie title: Mansfield Park (1999). Genres: Drama
3080,"Goodbye, 20th Century (Zbogum na dvadesetiot vek) (1998)",Drama|Sci-Fi,"Movie title: Goodbye, 20th Century (Zbogum na dvadesetiot vek) (1998). Genres: Drama|Sci-Fi"
3081,Sleepy Hollow (1999),Horror|Romance,Movie title: Sleepy Hollow (1999). Genres: Horror|Romance
3082,"World Is Not Enough, The (1999)",Action|Thriller,"Movie title: World Is Not Enough, The (1999). Genres: Action|Thriller"
3083,All About My Mother (Todo Sobre Mi Madre) (1999),Comedy|Drama,Movie title: All About My Mother (Todo Sobre Mi Madre) (1999). Genres: Comedy|Drama
3084,Home Page (1999),Documentary,Movie title: Home Page (1999). Genres: Documentary
3085,"Living Dead Girl, The (La Morte Vivante) (1982)",Horror,"Movie title: Living Dead Girl, The (La Morte Vivante) (1982). Genres: Horror"
3086,March of the Wooden Soldiers (a.k.a. Laurel & Hardy in Toyland) (1934),Comedy,Movie title: March of the Wooden Soldiers (a.k.a. Laurel & Hardy in Toyland) (1934). Genres: Comedy
3087,Scrooged (1988),Comedy,Movie title: Scrooged (1988). Genres: Comedy
3088,Harvey (1950),Comedy,Movie title: Harvey (1950). Genres: Comedy
3089,"Bicycle Thief, The (Ladri di biciclette) (1948)",Drama,"Movie title: Bicycle Thief, The (Ladri di biciclette) (1948). Genres: Drama"
3090,Matewan (1987),Drama,Movie title: Matewan (1987). Genres: Drama
3091,Kagemusha (1980),Drama|War,Movie title: Kagemusha (1980). Genres: Drama|War
3092,Chushingura (1962),Drama,Movie title: Chushingura (1962). Genres: Drama
3093,McCabe & Mrs. Miller (1971),Drama|Western,Movie title: McCabe & Mrs. Miller (1971). Genres: Drama|Western
3094,Maurice (1987),Drama|Romance,Movie title: Maurice (1987). Genres: Drama|Romance
3095,"Grapes of Wrath, The (1940)",Drama,"Movie title: Grapes of Wrath, The (1940). Genres: Drama"
3096,My Man Godfrey (1957),Comedy,Movie title: My Man Godfrey (1957). Genres: Comedy
3097,"Shop Around the Corner, The (1940)",Comedy|Romance,"Movie title: Shop Around the Corner, The (1940). Genres: Comedy|Romance"
3098,"Natural, The (1984)",Drama,"Movie title: Natural, The (1984). Genres: Drama"
3099,Shampoo (1975),Comedy|Romance,Movie title: Shampoo (1975). Genres: Comedy|Romance
3100,"River Runs Through It, A (1992)",Drama,"Movie title: River Runs Through It, A (1992). Genres: Drama"
3101,Fatal Attraction (1987),Thriller,Movie title: Fatal Attraction (1987). Genres: Thriller
3102,Jagged Edge (1985),Thriller,Movie title: Jagged Edge (1985). Genres: Thriller
3103,Stanley & Iris (1990),Drama|Romance,Movie title: Stanley & Iris (1990). Genres: Drama|Romance
3104,Midnight Run (1988),Action|Adventure|Comedy|Crime,Movie title: Midnight Run (1988). Genres: Action|Adventure|Comedy|Crime
3105,Awakenings (1990),Drama,Movie title: Awakenings (1990). Genres: Drama
3106,Come See the Paradise (1990),Drama|Romance,Movie title: Come See the Paradise (1990). Genres: Drama|Romance
3107,Backdraft (1991),Action|Drama,Movie title: Backdraft (1991). Genres: Action|Drama
3108,"Fisher King, The (1991)",Comedy|Drama|Romance,"Movie title: Fisher King, The (1991). Genres: Comedy|Drama|Romance"
3109,"River, The (1984)",Drama,"Movie title: River, The (1984). Genres: Drama"
3110,Country (1984),Drama,Movie title: Country (1984). Genres: Drama
3111,Places in the Heart (1984),Drama,Movie title: Places in the Heart (1984). Genres: Drama
3112,'Night Mother (1986),Drama,Movie title: 'Night Mother (1986). Genres: Drama
3113,End of Days (1999),Action|Thriller,Movie title: End of Days (1999). Genres: Action|Thriller
3114,Toy Story 2 (1999),Animation|Children's|Comedy,Movie title: Toy Story 2 (1999). Genres: Animation|Children's|Comedy
3115,Flawless (1999),Drama,Movie title: Flawless (1999). Genres: Drama
3116,Miss Julie (1999),Drama,Movie title: Miss Julie (1999). Genres: Drama
3117,Ride with the Devil (1999),Drama|Romance|War,Movie title: Ride with the Devil (1999). Genres: Drama|Romance|War
3118,Tumbleweeds (1999),Drama,Movie title: Tumbleweeds (1999). Genres: Drama
3119,Bay of Blood (Reazione a catena) (1971),Horror,Movie title: Bay of Blood (Reazione a catena) (1971). Genres: Horror
3120,"Distinguished Gentleman, The (1992)",Comedy,"Movie title: Distinguished Gentleman, The (1992). Genres: Comedy"
3121,"Hitch-Hiker, The (1953)",Film-Noir,"Movie title: Hitch-Hiker, The (1953). Genres: Film-Noir"
3122,Santa Fe Trail (1940),Drama|Romance|Western,Movie title: Santa Fe Trail (1940). Genres: Drama|Romance|Western
3123,Spring Fever USA (a.k.a. Lauderdale) (1989),Comedy,Movie title: Spring Fever USA (a.k.a. Lauderdale) (1989). Genres: Comedy
3124,Agnes Browne (1999),Comedy|Drama,Movie title: Agnes Browne (1999). Genres: Comedy|Drama
3125,"End of the Affair, The (1999)",Drama,"Movie title: End of the Affair, The (1999). Genres: Drama"
3126,"End of the Affair, The (1955)",Drama,"Movie title: End of the Affair, The (1955). Genres: Drama"
3127,Holy Smoke (1999),Drama,Movie title: Holy Smoke (1999). Genres: Drama
3128,"Map of the World, A (1999)",Drama,"Movie title: Map of the World, A (1999). Genres: Drama"
3129,Sweet and Lowdown (1999),Comedy|Drama,Movie title: Sweet and Lowdown (1999). Genres: Comedy|Drama
3130,Bonfire of the Vanities (1990),Comedy,Movie title: Bonfire of the Vanities (1990). Genres: Comedy
3131,Broadway Damage (1997),Comedy,Movie title: Broadway Damage (1997). Genres: Comedy
3132,Daddy Long Legs (1919),Comedy,Movie title: Daddy Long Legs (1919). Genres: Comedy
3133,Go West (1925),Comedy,Movie title: Go West (1925). Genres: Comedy
3134,"Grand Illusion (Grande illusion, La) (1937)",Drama|War,"Movie title: Grand Illusion (Grande illusion, La) (1937). Genres: Drama|War"
3135,"Great Santini, The (1979)",Drama,"Movie title: Great Santini, The (1979). Genres: Drama"
3136,"James Dean Story, The (1957)",Documentary,"Movie title: James Dean Story, The (1957). Genres: Documentary"
3137,"Sea Wolves, The (1980)",Action|War,"Movie title: Sea Wolves, The (1980). Genres: Action|War"
3138,Stealing Home (1988),Drama,Movie title: Stealing Home (1988). Genres: Drama
3139,Tarzan the Fearless (1933),Action|Adventure,Movie title: Tarzan the Fearless (1933). Genres: Action|Adventure
3140,"Three Ages, The (1923)",Comedy,"Movie title: Three Ages, The (1923). Genres: Comedy"
3141,"Two Jakes, The (1990)",Drama,"Movie title: Two Jakes, The (1990). Genres: Drama"
3142,U2: Rattle and Hum (1988),Documentary|Musical,Movie title: U2: Rattle and Hum (1988). Genres: Documentary|Musical
3143,Hell in the Pacific (1968),Drama|War,Movie title: Hell in the Pacific (1968). Genres: Drama|War
3144,"Glass Bottom Boat, The (1966)",Comedy|Romance,"Movie title: Glass Bottom Boat, The (1966). Genres: Comedy|Romance"
3145,"Cradle Will Rock, The (1999)",Drama,"Movie title: Cradle Will Rock, The (1999). Genres: Drama"
3146,Deuce Bigalow: Male Gigolo (1999),Comedy,Movie title: Deuce Bigalow: Male Gigolo (1999). Genres: Comedy
3147,"Green Mile, The (1999)",Drama|Thriller,"Movie title: Green Mile, The (1999). Genres: Drama|Thriller"
3148,"Cider House Rules, The (1999)",Drama,"Movie title: Cider House Rules, The (1999). Genres: Drama"
3149,Diamonds (1999),Mystery,Movie title: Diamonds (1999). Genres: Mystery
3150,"War Zone, The (1999)",Drama,"Movie title: War Zone, The (1999). Genres: Drama"
3151,"Bat Whispers, The (1930)",Crime|Drama|Mystery,"Movie title: Bat Whispers, The (1930). Genres: Crime|Drama|Mystery"
3152,"Last Picture Show, The (1971)",Drama,"Movie title: Last Picture Show, The (1971). Genres: Drama"
3153,"7th Voyage of Sinbad, The (1958)",Action|Adventure|Fantasy,"Movie title: 7th Voyage of Sinbad, The (1958). Genres: Action|Adventure|Fantasy"
3154,Blood on the Sun (1945),Drama|War,Movie title: Blood on the Sun (1945). Genres: Drama|War
3155,Anna and the King (1999),Drama|Romance,Movie title: Anna and the King (1999). Genres: Drama|Romance
3156,Bicentennial Man (1999),Comedy|Drama|Sci-Fi,Movie title: Bicentennial Man (1999). Genres: Comedy|Drama|Sci-Fi
3157,Stuart Little (1999),Children's|Comedy,Movie title: Stuart Little (1999). Genres: Children's|Comedy
3158,"Emperor and the Assassin, The (Jing ke ci qin wang) (1999)",Drama,"Movie title: Emperor and the Assassin, The (Jing ke ci qin wang) (1999). Genres: Drama"
3159,Fantasia 2000 (1999),Animation|Children's|Musical,Movie title: Fantasia 2000 (1999). Genres: Animation|Children's|Musical
3160,Magnolia (1999),Drama,Movie title: Magnolia (1999). Genres: Drama
3161,Onegin (1999),Drama,Movie title: Onegin (1999). Genres: Drama
3162,Simpatico (1999),Comedy|Drama,Movie title: Simpatico (1999). Genres: Comedy|Drama
3163,Topsy-Turvy (1999),Drama,Movie title: Topsy-Turvy (1999). Genres: Drama
3164,"Alley Cats, The (1968)",Drama,"Movie title: Alley Cats, The (1968). Genres: Drama"
3165,Boiling Point (1993),Action|Drama,Movie title: Boiling Point (1993). Genres: Action|Drama
3166,Brenda Starr (1989),Adventure,Movie title: Brenda Starr (1989). Genres: Adventure
3167,Carnal Knowledge (1971),Drama,Movie title: Carnal Knowledge (1971). Genres: Drama
3168,Easy Rider (1969),Adventure|Drama,Movie title: Easy Rider (1969). Genres: Adventure|Drama
3169,"Falcon and the Snowman, The (1984)",Drama,"Movie title: Falcon and the Snowman, The (1984). Genres: Drama"
3170,Hi-Yo Silver (1940),Western,Movie title: Hi-Yo Silver (1940). Genres: Western
3171,Room at the Top (1959),Drama,Movie title: Room at the Top (1959). Genres: Drama
3172,Ulysses (Ulisse) (1954),Adventure,Movie title: Ulysses (Ulisse) (1954). Genres: Adventure
3173,Any Given Sunday (1999),Drama,Movie title: Any Given Sunday (1999). Genres: Drama
3174,Man on the Moon (1999),Comedy|Drama,Movie title: Man on the Moon (1999). Genres: Comedy|Drama
3175,Galaxy Quest (1999),Adventure|Comedy|Sci-Fi,Movie title: Galaxy Quest (1999). Genres: Adventure|Comedy|Sci-Fi
3176,"Talented Mr. Ripley, The (1999)",Drama|Mystery|Thriller,"Movie title: Talented Mr. Ripley, The (1999). Genres: Drama|Mystery|Thriller"
3177,Next Friday (1999),Comedy,Movie title: Next Friday (1999). Genres: Comedy
3178,"Hurricane, The (1999)",Drama,"Movie title: Hurricane, The (1999). Genres: Drama"
3179,Angela's Ashes (1999),Drama,Movie title: Angela's Ashes (1999). Genres: Drama
3180,Play it to the Bone (1999),Comedy|Drama,Movie title: Play it to the Bone (1999). Genres: Comedy|Drama
3181,Titus (1999),Drama,Movie title: Titus (1999). Genres: Drama
3182,Mr. Death: The Rise and Fall of Fred A. Leuchter Jr. (1999),Documentary,Movie title: Mr. Death: The Rise and Fall of Fred A. Leuchter Jr. (1999). Genres: Documentary
3183,"Third Miracle, The (1999)",Drama,"Movie title: Third Miracle, The (1999). Genres: Drama"
3184,Montana (1998),Action|Comedy|Crime|Drama,Movie title: Montana (1998). Genres: Action|Comedy|Crime|Drama
3185,Snow Falling on Cedars (1999),Drama,Movie title: Snow Falling on Cedars (1999). Genres: Drama
3186,"Girl, Interrupted (1999)",Drama,"Movie title: Girl, Interrupted (1999). Genres: Drama"
3187,Trans (1998),Drama,Movie title: Trans (1998). Genres: Drama
3188,"Life and Times of Hank Greenberg, The (1998)",Documentary,"Movie title: Life and Times of Hank Greenberg, The (1998). Genres: Documentary"
3189,My Dog Skip (1999),Comedy,Movie title: My Dog Skip (1999). Genres: Comedy
3190,Supernova (2000),Adventure|Sci-Fi,Movie title: Supernova (2000). Genres: Adventure|Sci-Fi
3191,"Quarry, The (1998)",Drama,"Movie title: Quarry, The (1998). Genres: Drama"
3192,"Terrorist, The (Malli) (1998)",Drama,"Movie title: Terrorist, The (Malli) (1998). Genres: Drama"
3193,Creature (1999),Documentary,Movie title: Creature (1999). Genres: Documentary
3194,"Way We Were, The (1973)",Drama,"Movie title: Way We Were, The (1973). Genres: Drama"
3195,Tess of the Storm Country (1922),Drama,Movie title: Tess of the Storm Country (1922). Genres: Drama
3196,Stalag 17 (1953),Drama|War,Movie title: Stalag 17 (1953). Genres: Drama|War
3197,"Presidio, The (1988)",Action,"Movie title: Presidio, The (1988). Genres: Action"
3198,Papillon (1973),Drama,Movie title: Papillon (1973). Genres: Drama
3199,Pal Joey (1957),Comedy|Musical|Romance,Movie title: Pal Joey (1957). Genres: Comedy|Musical|Romance
3200,"Last Detail, The (1973)",Comedy|Drama,"Movie title: Last Detail, The (1973). Genres: Comedy|Drama"
3201,Five Easy Pieces (1970),Drama,Movie title: Five Easy Pieces (1970). Genres: Drama
3202,Even Dwarfs Started Small (Auch Zwerge haben klein angefangen) (1971),Drama,Movie title: Even Dwarfs Started Small (Auch Zwerge haben klein angefangen) (1971). Genres: Drama
3203,Dead Calm (1989),Thriller,Movie title: Dead Calm (1989). Genres: Thriller
3204,"Boys from Brazil, The (1978)",Thriller,"Movie title: Boys from Brazil, The (1978). Genres: Thriller"
3205,Black Sunday (La Maschera Del Demonio) (1960),Horror,Movie title: Black Sunday (La Maschera Del Demonio) (1960). Genres: Horror
3206,Against All Odds (1984),Romance,Movie title: Against All Odds (1984). Genres: Romance
3207,"Snows of Kilimanjaro, The (1952)",Adventure,"Movie title: Snows of Kilimanjaro, The (1952). Genres: Adventure"
3208,Loaded Weapon 1 (1993),Action|Comedy,Movie title: Loaded Weapon 1 (1993). Genres: Action|Comedy
3209,"Loves of Carmen, The (1948)",Drama,"Movie title: Loves of Carmen, The (1948). Genres: Drama"
3210,Fast Times at Ridgemont High (1982),Comedy,Movie title: Fast Times at Ridgemont High (1982). Genres: Comedy
3211,"Cry in the Dark, A (1988)",Drama,"Movie title: Cry in the Dark, A (1988). Genres: Drama"
3212,Born to Win (1971),Drama,Movie title: Born to Win (1971). Genres: Drama
3213,Batman: Mask of the Phantasm (1993),Animation|Children's,Movie title: Batman: Mask of the Phantasm (1993). Genres: Animation|Children's
3214,American Flyers (1985),Drama,Movie title: American Flyers (1985). Genres: Drama
3215,Voyage of the Damned (1976),Drama,Movie title: Voyage of the Damned (1976). Genres: Drama
3216,Vampyros Lesbos (Las Vampiras) (1970),Horror,Movie title: Vampyros Lesbos (Las Vampiras) (1970). Genres: Horror
3217,"Star Is Born, A (1937)",Drama,"Movie title: Star Is Born, A (1937). Genres: Drama"
3218,Poison (1991),Drama,Movie title: Poison (1991). Genres: Drama
3219,Pacific Heights (1990),Thriller,Movie title: Pacific Heights (1990). Genres: Thriller
3220,Night Tide (1961),Drama,Movie title: Night Tide (1961). Genres: Drama
3221,"Draughtsman's Contract, The (1982)",Drama,"Movie title: Draughtsman's Contract, The (1982). Genres: Drama"
3222,Carmen (1984),Drama,Movie title: Carmen (1984). Genres: Drama
3223,"Zed & Two Noughts, A (1985)",Drama,"Movie title: Zed & Two Noughts, A (1985). Genres: Drama"
3224,Woman in the Dunes (Suna no onna) (1964),Drama,Movie title: Woman in the Dunes (Suna no onna) (1964). Genres: Drama
3225,Down to You (2000),Comedy|Romance,Movie title: Down to You (2000). Genres: Comedy|Romance
3226,Hellhounds on My Trail (1999),Documentary,Movie title: Hellhounds on My Trail (1999). Genres: Documentary
3227,"Not Love, Just Frenzy (Más que amor, frenesí) (1996)",Comedy|Drama|Thriller,"Movie title: Not Love, Just Frenzy (Más que amor, frenesí) (1996). Genres: Comedy|Drama|Thriller"
3228,Wirey Spindell (1999),Comedy,Movie title: Wirey Spindell (1999). Genres: Comedy
3229,Another Man's Poison (1952),Crime|Drama,Movie title: Another Man's Poison (1952). Genres: Crime|Drama
3230,"Odessa File, The (1974)",Thriller,"Movie title: Odessa File, The (1974). Genres: Thriller"
3231,"Saphead, The (1920)",Comedy,"Movie title: Saphead, The (1920). Genres: Comedy"
3232,Seven Chances (1925),Comedy,Movie title: Seven Chances (1925). Genres: Comedy
3233,Smashing Time (1967),Comedy,Movie title: Smashing Time (1967). Genres: Comedy
3234,Train Ride to Hollywood (1978),Comedy,Movie title: Train Ride to Hollywood (1978). Genres: Comedy
3235,Where the Buffalo Roam (1980),Comedy,Movie title: Where the Buffalo Roam (1980). Genres: Comedy
3236,Zachariah (1971),Western,Movie title: Zachariah (1971). Genres: Western
3237,Kestrel's Eye (Falkens öga) (1998),Documentary,Movie title: Kestrel's Eye (Falkens öga) (1998). Genres: Documentary
3238,Eye of the Beholder (1999),Thriller,Movie title: Eye of the Beholder (1999). Genres: Thriller
3239,Isn't She Great? (2000),Comedy,Movie title: Isn't She Great? (2000). Genres: Comedy
3240,"Big Tease, The (1999)",Comedy,"Movie title: Big Tease, The (1999). Genres: Comedy"
3241,"Cup, The (Phörpa) (1999)",Comedy,"Movie title: Cup, The (Phörpa) (1999). Genres: Comedy"
3242,Santitos (1997),Comedy,Movie title: Santitos (1997). Genres: Comedy
3243,Encino Man (1992),Comedy,Movie title: Encino Man (1992). Genres: Comedy
3244,"Goodbye Girl, The (1977)",Comedy|Romance,"Movie title: Goodbye Girl, The (1977). Genres: Comedy|Romance"
3245,I Am Cuba (Soy Cuba/Ya Kuba) (1964),Drama,Movie title: I Am Cuba (Soy Cuba/Ya Kuba) (1964). Genres: Drama
3246,Malcolm X (1992),Drama,Movie title: Malcolm X (1992). Genres: Drama
3247,Sister Act (1992),Comedy|Crime,Movie title: Sister Act (1992). Genres: Comedy|Crime
3248,Sister Act 2: Back in the Habit (1993),Comedy,Movie title: Sister Act 2: Back in the Habit (1993). Genres: Comedy
3249,"Hand That Rocks the Cradle, The (1992)",Thriller,"Movie title: Hand That Rocks the Cradle, The (1992). Genres: Thriller"
3250,Alive (1993),Drama,Movie title: Alive (1993). Genres: Drama
3251,Agnes of God (1985),Drama|Mystery,Movie title: Agnes of God (1985). Genres: Drama|Mystery
3252,Scent of a Woman (1992),Drama,Movie title: Scent of a Woman (1992). Genres: Drama
3253,Wayne's World (1992),Comedy,Movie title: Wayne's World (1992). Genres: Comedy
3254,Wayne's World 2 (1993),Comedy,Movie title: Wayne's World 2 (1993). Genres: Comedy
3255,"League of Their Own, A (1992)",Comedy|Drama,"Movie title: League of Their Own, A (1992). Genres: Comedy|Drama"
3256,Patriot Games (1992),Action|Thriller,Movie title: Patriot Games (1992). Genres: Action|Thriller
3257,"Bodyguard, The (1992)",Action|Drama|Romance|Thriller,"Movie title: Bodyguard, The (1992). Genres: Action|Drama|Romance|Thriller"
3258,Death Becomes Her (1992),Comedy,Movie title: Death Becomes Her (1992). Genres: Comedy
3259,Far and Away (1992),Drama|Romance,Movie title: Far and Away (1992). Genres: Drama|Romance
3260,Howards End (1992),Drama,Movie title: Howards End (1992). Genres: Drama
3261,Singles (1992),Comedy|Drama|Romance,Movie title: Singles (1992). Genres: Comedy|Drama|Romance
3262,Twin Peaks: Fire Walk with Me (1992),Drama|Mystery,Movie title: Twin Peaks: Fire Walk with Me (1992). Genres: Drama|Mystery
3263,White Men Can't Jump (1992),Comedy,Movie title: White Men Can't Jump (1992). Genres: Comedy
3264,Buffy the Vampire Slayer (1992),Comedy|Horror,Movie title: Buffy the Vampire Slayer (1992). Genres: Comedy|Horror
3265,Hard-Boiled (Lashou shentan) (1992),Action|Crime,Movie title: Hard-Boiled (Lashou shentan) (1992). Genres: Action|Crime
3266,Man Bites Dog (C'est arrivé près de chez vous) (1992),Action|Comedy|Crime|Drama,Movie title: Man Bites Dog (C'est arrivé près de chez vous) (1992). Genres: Action|Comedy|Crime|Drama
3267,"Mariachi, El (1992)",Action|Thriller,"Movie title: Mariachi, El (1992). Genres: Action|Thriller"
3268,Stop! Or My Mom Will Shoot (1992),Action|Comedy,Movie title: Stop! Or My Mom Will Shoot (1992). Genres: Action|Comedy
3269,Forever Young (1992),Adventure|Romance|Sci-Fi,Movie title: Forever Young (1992). Genres: Adventure|Romance|Sci-Fi
3270,"Cutting Edge, The (1992)",Drama,"Movie title: Cutting Edge, The (1992). Genres: Drama"
3271,Of Mice and Men (1992),Drama,Movie title: Of Mice and Men (1992). Genres: Drama
3272,Bad Lieutenant (1992),Crime|Drama,Movie title: Bad Lieutenant (1992). Genres: Crime|Drama
3273,Scream 3 (2000),Horror|Mystery|Thriller,Movie title: Scream 3 (2000). Genres: Horror|Mystery|Thriller
3274,Single White Female (1992),Action,Movie title: Single White Female (1992). Genres: Action
3275,"Boondock Saints, The (1999)",Action|Comedy,"Movie title: Boondock Saints, The (1999). Genres: Action|Comedy"
3276,Gun Shy (2000),Comedy,Movie title: Gun Shy (2000). Genres: Comedy
3277,Beloved/Friend (Amigo/Amado) (1999),Drama,Movie title: Beloved/Friend (Amigo/Amado) (1999). Genres: Drama
3278,Gendernauts (1999),Documentary,Movie title: Gendernauts (1999). Genres: Documentary
3279,Knockout (1999),Action|Adventure,Movie title: Knockout (1999). Genres: Action|Adventure
3280,"Baby, The (1973)",Horror,"Movie title: Baby, The (1973). Genres: Horror"
3281,"Brandon Teena Story, The (1998)",Documentary,"Movie title: Brandon Teena Story, The (1998). Genres: Documentary"
3282,Different for Girls (1996),Comedy,Movie title: Different for Girls (1996). Genres: Comedy
3283,Minnie and Moskowitz (1971),Action,Movie title: Minnie and Moskowitz (1971). Genres: Action
3284,They Might Be Giants (1971),Comedy|Romance,Movie title: They Might Be Giants (1971). Genres: Comedy|Romance
3285,"Beach, The (2000)",Adventure|Drama,"Movie title: Beach, The (2000). Genres: Adventure|Drama"
3286,Snow Day (2000),Comedy,Movie title: Snow Day (2000). Genres: Comedy
3287,"Tigger Movie, The (2000)",Animation|Children's,"Movie title: Tigger Movie, The (2000). Genres: Animation|Children's"
3288,Cotton Mary (1999),Drama,Movie title: Cotton Mary (1999). Genres: Drama
3289,Not One Less (Yi ge dou bu neng shao) (1999),Drama,Movie title: Not One Less (Yi ge dou bu neng shao) (1999). Genres: Drama
3290,Soft Toilet Seats (1999),Comedy,Movie title: Soft Toilet Seats (1999). Genres: Comedy
3291,Trois (2000),Thriller,Movie title: Trois (2000). Genres: Thriller
3292,"Big Combo, The (1955)",Film-Noir,"Movie title: Big Combo, The (1955). Genres: Film-Noir"
3293,Conceiving Ada (1997),Drama|Sci-Fi,Movie title: Conceiving Ada (1997). Genres: Drama|Sci-Fi
3294,Eaten Alive (1976),Horror,Movie title: Eaten Alive (1976). Genres: Horror
3295,Raining Stones (1993),Drama,Movie title: Raining Stones (1993). Genres: Drama
3296,To Sir with Love (1967),Drama,Movie title: To Sir with Love (1967). Genres: Drama
3297,With Byrd at the South Pole (1930),Documentary,Movie title: With Byrd at the South Pole (1930). Genres: Documentary
3298,Boiler Room (2000),Drama,Movie title: Boiler Room (2000). Genres: Drama
3299,Hanging Up (2000),Comedy|Drama,Movie title: Hanging Up (2000). Genres: Comedy|Drama
3300,Pitch Black (2000),Action|Sci-Fi,Movie title: Pitch Black (2000). Genres: Action|Sci-Fi
3301,"Whole Nine Yards, The (2000)",Comedy|Crime,"Movie title: Whole Nine Yards, The (2000). Genres: Comedy|Crime"
3302,Beautiful People (1999),Comedy,Movie title: Beautiful People (1999). Genres: Comedy
3303,Black Tar Heroin: The Dark End of the Street (1999),Documentary,Movie title: Black Tar Heroin: The Dark End of the Street (1999). Genres: Documentary
3304,Blue Collar (1978),Crime|Drama,Movie title: Blue Collar (1978). Genres: Crime|Drama
3305,Bluebeard (1944),Film-Noir|Horror,Movie title: Bluebeard (1944). Genres: Film-Noir|Horror
3306,"Circus, The (1928)",Comedy,"Movie title: Circus, The (1928). Genres: Comedy"
3307,City Lights (1931),Comedy|Drama|Romance,Movie title: City Lights (1931). Genres: Comedy|Drama|Romance
3308,"Flamingo Kid, The (1984)",Comedy|Drama,"Movie title: Flamingo Kid, The (1984). Genres: Comedy|Drama"
3309,"Dog's Life, A (1920)",Comedy,"Movie title: Dog's Life, A (1920). Genres: Comedy"
3310,"Kid, The (1921)",Action,"Movie title: Kid, The (1921). Genres: Action"
3311,"Man from Laramie, The (1955)",Western,"Movie title: Man from Laramie, The (1955). Genres: Western"
3312,"McCullochs, The (1975)",Drama,"Movie title: McCullochs, The (1975). Genres: Drama"
3313,Class Reunion (1982),Comedy,Movie title: Class Reunion (1982). Genres: Comedy
3314,"Big Trees, The (1952)",Action|Drama,"Movie title: Big Trees, The (1952). Genres: Action|Drama"
3315,Happy Go Lovely (1951),Musical,Movie title: Happy Go Lovely (1951). Genres: Musical
3316,Reindeer Games (2000),Action|Thriller,Movie title: Reindeer Games (2000). Genres: Action|Thriller
3317,Wonder Boys (2000),Comedy|Drama,Movie title: Wonder Boys (2000). Genres: Comedy|Drama
3318,Deterrence (1998),Thriller,Movie title: Deterrence (1998). Genres: Thriller
3319,Judy Berlin (1999),Drama,Movie title: Judy Berlin (1999). Genres: Drama
3320,Mifune (Mifunes sidste sang) (1999),Comedy|Romance,Movie title: Mifune (Mifunes sidste sang) (1999). Genres: Comedy|Romance
3321,"Waiting Game, The (2000)",Comedy,"Movie title: Waiting Game, The (2000). Genres: Comedy"
3322,3 Strikes (2000),Comedy,Movie title: 3 Strikes (2000). Genres: Comedy
3323,Chain of Fools (2000),Comedy|Crime,Movie title: Chain of Fools (2000). Genres: Comedy|Crime
3324,Drowning Mona (2000),Comedy,Movie title: Drowning Mona (2000). Genres: Comedy
3325,"Next Best Thing, The (2000)",Comedy|Drama,"Movie title: Next Best Thing, The (2000). Genres: Comedy|Drama"
3326,What Planet Are You From? (2000),Comedy|Sci-Fi,Movie title: What Planet Are You From? (2000). Genres: Comedy|Sci-Fi
3327,Beyond the Mat (2000),Documentary,Movie title: Beyond the Mat (2000). Genres: Documentary
3328,Ghost Dog: The Way of the Samurai (1999),Crime|Drama,Movie title: Ghost Dog: The Way of the Samurai (1999). Genres: Crime|Drama
3329,"Year My Voice Broke, The (1987)",Drama,"Movie title: Year My Voice Broke, The (1987). Genres: Drama"
3330,Splendor in the Grass (1961),Drama,Movie title: Splendor in the Grass (1961). Genres: Drama
3331,My Tutor (1983),Drama,Movie title: My Tutor (1983). Genres: Drama
3332,"Legend of Lobo, The (1962)",Adventure|Children's,"Movie title: Legend of Lobo, The (1962). Genres: Adventure|Children's"
3333,"Killing of Sister George, The (1968)",Drama,"Movie title: Killing of Sister George, The (1968). Genres: Drama"
3334,Key Largo (1948),Crime|Drama|Film-Noir|Thriller,Movie title: Key Largo (1948). Genres: Crime|Drama|Film-Noir|Thriller
3335,Jail Bait (1954),Crime|Drama,Movie title: Jail Bait (1954). Genres: Crime|Drama
3336,It Happened Here (1961),Drama,Movie title: It Happened Here (1961). Genres: Drama
3337,I'll Never Forget What's 'is Name (1967),Comedy|Drama,Movie title: I'll Never Forget What's 'is Name (1967). Genres: Comedy|Drama
3338,For All Mankind (1989),Documentary,Movie title: For All Mankind (1989). Genres: Documentary
3339,Cross of Iron (1977),War,Movie title: Cross of Iron (1977). Genres: War
3340,Bride of the Monster (1956),Horror|Sci-Fi,Movie title: Bride of the Monster (1956). Genres: Horror|Sci-Fi
3341,Born Yesterday (1950),Comedy,Movie title: Born Yesterday (1950). Genres: Comedy
3342,Birdy (1984),Drama|War,Movie title: Birdy (1984). Genres: Drama|War
3343,And God Created Woman (1988),Comedy|Drama|Romance,Movie title: And God Created Woman (1988). Genres: Comedy|Drama|Romance
3344,Blood Feast (1963),Horror,Movie title: Blood Feast (1963). Genres: Horror
3345,"Charlie, the Lonesome Cougar (1967)",Adventure|Children's,"Movie title: Charlie, the Lonesome Cougar (1967). Genres: Adventure|Children's"
3346,Color Me Blood Red (1965),Horror,Movie title: Color Me Blood Red (1965). Genres: Horror
3347,Never Cry Wolf (1983),Drama,Movie title: Never Cry Wolf (1983). Genres: Drama
3348,"Night Visitor, The (1970)",Crime|Thriller,"Movie title: Night Visitor, The (1970). Genres: Crime|Thriller"
3349,"Perils of Pauline, The (1947)",Comedy,"Movie title: Perils of Pauline, The (1947). Genres: Comedy"
3350,"Raisin in the Sun, A (1961)",Drama,"Movie title: Raisin in the Sun, A (1961). Genres: Drama"
3351,Two Thousand Maniacs! (1964),Horror,Movie title: Two Thousand Maniacs! (1964). Genres: Horror
3352,Brown's Requiem (1998),Drama,Movie title: Brown's Requiem (1998). Genres: Drama
3353,"Closer You Get, The (2000)",Comedy|Romance,"Movie title: Closer You Get, The (2000). Genres: Comedy|Romance"
3354,Mission to Mars (2000),Sci-Fi,Movie title: Mission to Mars (2000). Genres: Sci-Fi
3355,"Ninth Gate, The (2000)",Thriller,"Movie title: Ninth Gate, The (2000). Genres: Thriller"
3356,Condo Painting (2000),Documentary,Movie title: Condo Painting (2000). Genres: Documentary
3357,East-West (Est-ouest) (1999),Drama|Romance,Movie title: East-West (Est-ouest) (1999). Genres: Drama|Romance
3358,Defending Your Life (1991),Comedy|Romance,Movie title: Defending Your Life (1991). Genres: Comedy|Romance
3359,Breaking Away (1979),Drama,Movie title: Breaking Away (1979). Genres: Drama
3360,Hoosiers (1986),Drama,Movie title: Hoosiers (1986). Genres: Drama
3361,Bull Durham (1988),Comedy,Movie title: Bull Durham (1988). Genres: Comedy
3362,Dog Day Afternoon (1975),Comedy|Crime|Drama,Movie title: Dog Day Afternoon (1975). Genres: Comedy|Crime|Drama
3363,American Graffiti (1973),Comedy|Drama,Movie title: American Graffiti (1973). Genres: Comedy|Drama
3364,"Asphalt Jungle, The (1950)",Crime|Film-Noir,"Movie title: Asphalt Jungle, The (1950). Genres: Crime|Film-Noir"
3365,"Searchers, The (1956)",Western,"Movie title: Searchers, The (1956). Genres: Western"
3366,Where Eagles Dare (1969),Action|Adventure|War,Movie title: Where Eagles Dare (1969). Genres: Action|Adventure|War
3367,"Devil's Brigade, The (1968)",War,"Movie title: Devil's Brigade, The (1968). Genres: War"
3368,"Big Country, The (1958)",Romance|Western,"Movie title: Big Country, The (1958). Genres: Romance|Western"
3369,Any Number Can Win (Mélodie en sous-sol ) (1963),Crime,Movie title: Any Number Can Win (Mélodie en sous-sol ) (1963). Genres: Crime
3370,Betrayed (1988),Drama|Thriller,Movie title: Betrayed (1988). Genres: Drama|Thriller
3371,Bound for Glory (1976),Drama,Movie title: Bound for Glory (1976). Genres: Drama
3372,"Bridge at Remagen, The (1969)",Action|War,"Movie title: Bridge at Remagen, The (1969). Genres: Action|War"
3373,Buck and the Preacher (1972),Western,Movie title: Buck and the Preacher (1972). Genres: Western
3374,Daughters of the Dust (1992),Drama,Movie title: Daughters of the Dust (1992). Genres: Drama
3375,Destination Moon (1950),Sci-Fi,Movie title: Destination Moon (1950). Genres: Sci-Fi
3376,"Fantastic Night, The (La Nuit Fantastique) (1949)",Romance,"Movie title: Fantastic Night, The (La Nuit Fantastique) (1949). Genres: Romance"
3377,Hangmen Also Die (1943),Drama|War,Movie title: Hangmen Also Die (1943). Genres: Drama|War
3378,"Ogre, The (Der Unhold) (1996)",Drama,"Movie title: Ogre, The (Der Unhold) (1996). Genres: Drama"
3379,On the Beach (1959),Drama,Movie title: On the Beach (1959). Genres: Drama
3380,Railroaded! (1947),Film-Noir,Movie title: Railroaded! (1947). Genres: Film-Noir
3381,Slaves to the Underground (1997),Comedy|Drama,Movie title: Slaves to the Underground (1997). Genres: Comedy|Drama
3382,Song of Freedom (1936),Drama,Movie title: Song of Freedom (1936). Genres: Drama
3383,Big Fella (1937),Drama|Musical,Movie title: Big Fella (1937). Genres: Drama|Musical
3384,"Taking of Pelham One Two Three, The (1974)",Action,"Movie title: Taking of Pelham One Two Three, The (1974). Genres: Action"
3385,Volunteers (1985),Comedy,Movie title: Volunteers (1985). Genres: Comedy
3386,JFK (1991),Drama|Mystery,Movie title: JFK (1991). Genres: Drama|Mystery
3387,Who's Harry Crumb? (1989),Comedy,Movie title: Who's Harry Crumb? (1989). Genres: Comedy
3388,Harry and the Hendersons (1987),Comedy,Movie title: Harry and the Hendersons (1987). Genres: Comedy
3389,Let's Get Harry (1986),Action|Adventure,Movie title: Let's Get Harry (1986). Genres: Action|Adventure
3390,Shanghai Surprise (1986),Adventure,Movie title: Shanghai Surprise (1986). Genres: Adventure
3391,Who's That Girl? (1987),Comedy,Movie title: Who's That Girl? (1987). Genres: Comedy
3392,She-Devil (1989),Comedy,Movie title: She-Devil (1989). Genres: Comedy
3393,Date with an Angel (1987),Comedy|Fantasy,Movie title: Date with an Angel (1987). Genres: Comedy|Fantasy
3394,Blind Date (1987),Comedy|Romance,Movie title: Blind Date (1987). Genres: Comedy|Romance
3395,Nadine (1987),Comedy,Movie title: Nadine (1987). Genres: Comedy
3396,"Muppet Movie, The (1979)",Children's|Comedy,"Movie title: Muppet Movie, The (1979). Genres: Children's|Comedy"
3397,"Great Muppet Caper, The (1981)",Children's|Comedy,"Movie title: Great Muppet Caper, The (1981). Genres: Children's|Comedy"
3398,"Muppets Take Manhattan, The (1984)",Children's|Comedy,"Movie title: Muppets Take Manhattan, The (1984). Genres: Children's|Comedy"
3399,Sesame Street Presents Follow That Bird (1985),Children's|Comedy,Movie title: Sesame Street Presents Follow That Bird (1985). Genres: Children's|Comedy
3400,We're Back! A Dinosaur's Story (1993),Animation|Children's,Movie title: We're Back! A Dinosaur's Story (1993). Genres: Animation|Children's
3401,Baby... Secret of the Lost Legend (1985),Adventure|Sci-Fi,Movie title: Baby... Secret of the Lost Legend (1985). Genres: Adventure|Sci-Fi
3402,Turtle Diary (1985),Drama,Movie title: Turtle Diary (1985). Genres: Drama
3403,Raise the Titanic (1980),Drama|Thriller,Movie title: Raise the Titanic (1980). Genres: Drama|Thriller
3404,Titanic (1953),Action|Drama,Movie title: Titanic (1953). Genres: Action|Drama
3405,"Night to Remember, A (1958)",Action|Drama,"Movie title: Night to Remember, A (1958). Genres: Action|Drama"
3406,Captain Horatio Hornblower (1951),Action|Adventure|War,Movie title: Captain Horatio Hornblower (1951). Genres: Action|Adventure|War
3407,"Carriers Are Waiting, The (Les Convoyeurs Attendent) (1999)",Comedy|Drama,"Movie title: Carriers Are Waiting, The (Les Convoyeurs Attendent) (1999). Genres: Comedy|Drama"
3408,Erin Brockovich (2000),Drama,Movie title: Erin Brockovich (2000). Genres: Drama
3409,Final Destination (2000),Drama|Thriller,Movie title: Final Destination (2000). Genres: Drama|Thriller
3410,Soft Fruit (1999),Comedy|Drama,Movie title: Soft Fruit (1999). Genres: Comedy|Drama
3411,Babymother (1998),Drama,Movie title: Babymother (1998). Genres: Drama
3412,"Bear, The (1988)",Adventure,"Movie title: Bear, The (1988). Genres: Adventure"
3413,Impact (1949),Crime|Drama,Movie title: Impact (1949). Genres: Crime|Drama
3414,Love Is a Many-Splendored Thing (1955),Romance,Movie title: Love Is a Many-Splendored Thing (1955). Genres: Romance
3415,"Mirror, The (Zerkalo) (1975)",Drama,"Movie title: Mirror, The (Zerkalo) (1975). Genres: Drama"
3416,"Trial, The (Le Procès) (1963)",Drama,"Movie title: Trial, The (Le Procès) (1963). Genres: Drama"
3417,"Crimson Pirate, The (1952)",Adventure|Comedy|Sci-Fi,"Movie title: Crimson Pirate, The (1952). Genres: Adventure|Comedy|Sci-Fi"
3418,Thelma & Louise (1991),Action|Drama,Movie title: Thelma & Louise (1991). Genres: Action|Drama
3419,Something for Everyone (1970),Comedy|Crime,Movie title: Something for Everyone (1970). Genres: Comedy|Crime
3420,...And Justice for All (1979),Drama|Thriller,Movie title: ...And Justice for All (1979). Genres: Drama|Thriller
3421,Animal House (1978),Comedy,Movie title: Animal House (1978). Genres: Comedy
3422,She's Gotta Have It (1986),Comedy|Romance,Movie title: She's Gotta Have It (1986). Genres: Comedy|Romance
3423,School Daze (1988),Drama,Movie title: School Daze (1988). Genres: Drama
3424,Do the Right Thing (1989),Comedy|Drama,Movie title: Do the Right Thing (1989). Genres: Comedy|Drama
3425,Mo' Better Blues (1990),Drama,Movie title: Mo' Better Blues (1990). Genres: Drama
3426,Jungle Fever (1991),Drama|Romance,Movie title: Jungle Fever (1991). Genres: Drama|Romance
3427,Coogan's Bluff (1968),Crime,Movie title: Coogan's Bluff (1968). Genres: Crime
3428,"Champ, The (1979)",Drama,"Movie title: Champ, The (1979). Genres: Drama"
3429,Creature Comforts (1990),Animation|Comedy,Movie title: Creature Comforts (1990). Genres: Animation|Comedy
3430,Death Wish (1974),Action|Drama,Movie title: Death Wish (1974). Genres: Action|Drama
3431,Death Wish II (1982),Action|Drama,Movie title: Death Wish II (1982). Genres: Action|Drama
3432,Death Wish 3 (1985),Action|Drama,Movie title: Death Wish 3 (1985). Genres: Action|Drama
3433,Death Wish 4: The Crackdown (1987),Action|Drama,Movie title: Death Wish 4: The Crackdown (1987). Genres: Action|Drama
3434,Death Wish V: The Face of Death (1994),Action|Drama,Movie title: Death Wish V: The Face of Death (1994). Genres: Action|Drama
3435,Double Indemnity (1944),Crime|Film-Noir,Movie title: Double Indemnity (1944). Genres: Crime|Film-Noir
3436,Dying Young (1991),Drama|Romance,Movie title: Dying Young (1991). Genres: Drama|Romance
3437,Cool as Ice (1991),Drama,Movie title: Cool as Ice (1991). Genres: Drama
3438,Teenage Mutant Ninja Turtles (1990),Action|Children's|Fantasy,Movie title: Teenage Mutant Ninja Turtles (1990). Genres: Action|Children's|Fantasy
3439,Teenage Mutant Ninja Turtles II: The Secret of the Ooze (1991),Action|Children's|Fantasy,Movie title: Teenage Mutant Ninja Turtles II: The Secret of the Ooze (1991). Genres: Action|Children's|Fantasy
3440,Teenage Mutant Ninja Turtles III (1993),Action|Children's|Fantasy,Movie title: Teenage Mutant Ninja Turtles III (1993). Genres: Action|Children's|Fantasy
3441,Red Dawn (1984),Action|War,Movie title: Red Dawn (1984). Genres: Action|War
3442,Band of the Hand (1986),Action,Movie title: Band of the Hand (1986). Genres: Action
3443,Born American (1986),Action|Drama|Thriller,Movie title: Born American (1986). Genres: Action|Drama|Thriller
3444,Bloodsport (1988),Action,Movie title: Bloodsport (1988). Genres: Action
3445,Eyes of Laura Mars (1978),Mystery|Thriller,Movie title: Eyes of Laura Mars (1978). Genres: Mystery|Thriller
3446,Funny Bones (1995),Comedy,Movie title: Funny Bones (1995). Genres: Comedy
3447,"Good Earth, The (1937)",Drama,"Movie title: Good Earth, The (1937). Genres: Drama"
3448,"Good Morning, Vietnam (1987)",Comedy|Drama|War,"Movie title: Good Morning, Vietnam (1987). Genres: Comedy|Drama|War"
3449,"Good Mother, The (1988)",Drama,"Movie title: Good Mother, The (1988). Genres: Drama"
3450,Grumpy Old Men (1993),Comedy,Movie title: Grumpy Old Men (1993). Genres: Comedy
3451,Guess Who's Coming to Dinner (1967),Comedy|Drama,Movie title: Guess Who's Coming to Dinner (1967). Genres: Comedy|Drama
3452,Romeo Must Die (2000),Action|Romance,Movie title: Romeo Must Die (2000). Genres: Action|Romance
3453,Here on Earth (2000),Drama|Romance,Movie title: Here on Earth (2000). Genres: Drama|Romance
3454,Whatever It Takes (2000),Comedy|Romance,Movie title: Whatever It Takes (2000). Genres: Comedy|Romance
3455,Buddy Boy (1999),Drama|Thriller,Movie title: Buddy Boy (1999). Genres: Drama|Thriller
3456,"Color of Paradise, The (Rang-e Khoda) (1999)",Drama,"Movie title: Color of Paradise, The (Rang-e Khoda) (1999). Genres: Drama"
3457,Waking the Dead (1999),Drama,Movie title: Waking the Dead (1999). Genres: Drama
3458,Blood and Sand (Sangre y Arena) (1989),Drama|Romance,Movie title: Blood and Sand (Sangre y Arena) (1989). Genres: Drama|Romance
3459,Gothic (1986),Drama|Horror,Movie title: Gothic (1986). Genres: Drama|Horror
3460,Hillbillys in a Haunted House (1967),Comedy,Movie title: Hillbillys in a Haunted House (1967). Genres: Comedy
3461,Lord of the Flies (1963),Adventure|Drama|Thriller,Movie title: Lord of the Flies (1963). Genres: Adventure|Drama|Thriller
3462,Modern Times (1936),Comedy,Movie title: Modern Times (1936). Genres: Comedy
3463,Last Resort (1994),Comedy,Movie title: Last Resort (1994). Genres: Comedy
3464,Solar Crisis (1993),Sci-Fi|Thriller,Movie title: Solar Crisis (1993). Genres: Sci-Fi|Thriller
3465,That's Life! (1986),Drama,Movie title: That's Life! (1986). Genres: Drama
3466,Heart and Souls (1993),Comedy|Fantasy,Movie title: Heart and Souls (1993). Genres: Comedy|Fantasy
3467,Hud (1963),Drama|Western,Movie title: Hud (1963). Genres: Drama|Western
3468,"Hustler, The (1961)",Drama,"Movie title: Hustler, The (1961). Genres: Drama"
3469,Inherit the Wind (1960),Drama,Movie title: Inherit the Wind (1960). Genres: Drama
3470,Dersu Uzala (1974),Adventure|Drama,Movie title: Dersu Uzala (1974). Genres: Adventure|Drama
3471,Close Encounters of the Third Kind (1977),Drama|Sci-Fi,Movie title: Close Encounters of the Third Kind (1977). Genres: Drama|Sci-Fi
3472,Horror Hotel (a.k.a. The City of the Dead) (1960),Horror,Movie title: Horror Hotel (a.k.a. The City of the Dead) (1960). Genres: Horror
3473,Jonah Who Will Be 25 in the Year 2000 (1976),Comedy,Movie title: Jonah Who Will Be 25 in the Year 2000 (1976). Genres: Comedy
3474,Retroactive (1997),Sci-Fi|Thriller,Movie title: Retroactive (1997). Genres: Sci-Fi|Thriller
3475,"Place in the Sun, A (1951)",Drama|Romance,"Movie title: Place in the Sun, A (1951). Genres: Drama|Romance"
3476,Jacob's Ladder (1990),Horror|Mystery|Thriller,Movie title: Jacob's Ladder (1990). Genres: Horror|Mystery|Thriller
3477,Empire Records (1995),Comedy|Drama,Movie title: Empire Records (1995). Genres: Comedy|Drama
3478,"Bamba, La (1987)",Drama,"Movie title: Bamba, La (1987). Genres: Drama"
3479,Ladyhawke (1985),Adventure|Fantasy|Romance,Movie title: Ladyhawke (1985). Genres: Adventure|Fantasy|Romance
3480,Lucas (1986),Drama,Movie title: Lucas (1986). Genres: Drama
3481,High Fidelity (2000),Comedy,Movie title: High Fidelity (2000). Genres: Comedy
3482,Price of Glory (2000),Drama,Movie title: Price of Glory (2000). Genres: Drama
3483,"Road to El Dorado, The (2000)",Animation|Children's,"Movie title: Road to El Dorado, The (2000). Genres: Animation|Children's"
3484,"Skulls, The (2000)",Thriller,"Movie title: Skulls, The (2000). Genres: Thriller"
3485,Autopsy (Macchie Solari) (1975),Horror,Movie title: Autopsy (Macchie Solari) (1975). Genres: Horror
3486,Devil Girl From Mars (1954),Sci-Fi,Movie title: Devil Girl From Mars (1954). Genres: Sci-Fi
3487,"Dorado, El (1967)",Western,"Movie title: Dorado, El (1967). Genres: Western"
3488,"Hideous Sun Demon, The (1959)",Horror|Sci-Fi,"Movie title: Hideous Sun Demon, The (1959). Genres: Horror|Sci-Fi"
3489,Hook (1991),Adventure|Fantasy,Movie title: Hook (1991). Genres: Adventure|Fantasy
3490,Horror Express (1972),Horror,Movie title: Horror Express (1972). Genres: Horror
3491,My Chauffeur (1986),Comedy,Movie title: My Chauffeur (1986). Genres: Comedy
3492,"Son of the Sheik, The (1926)",Adventure,"Movie title: Son of the Sheik, The (1926). Genres: Adventure"
3493,Torso (Corpi Presentano Tracce di Violenza Carnale) (1973),Horror,Movie title: Torso (Corpi Presentano Tracce di Violenza Carnale) (1973). Genres: Horror
3494,True Grit (1969),Adventure|Western,Movie title: True Grit (1969). Genres: Adventure|Western
3495,Roadside Prophets (1992),Comedy|Drama,Movie title: Roadside Prophets (1992). Genres: Comedy|Drama
3496,Madame Sousatzka (1988),Drama,Movie title: Madame Sousatzka (1988). Genres: Drama
3497,Max Dugan Returns (1983),Comedy,Movie title: Max Dugan Returns (1983). Genres: Comedy
3498,Midnight Express (1978),Drama,Movie title: Midnight Express (1978). Genres: Drama
3499,Misery (1990),Horror,Movie title: Misery (1990). Genres: Horror
3500,Mr. Saturday Night (1992),Comedy|Drama,Movie title: Mr. Saturday Night (1992). Genres: Comedy|Drama
3501,Murphy's Romance (1985),Comedy|Romance,Movie title: Murphy's Romance (1985). Genres: Comedy|Romance
3502,My Life (1993),Drama,Movie title: My Life (1993). Genres: Drama
3503,Solaris (Solyaris) (1972),Drama|Sci-Fi,Movie title: Solaris (Solyaris) (1972). Genres: Drama|Sci-Fi
3504,Network (1976),Comedy|Drama,Movie title: Network (1976). Genres: Comedy|Drama
3505,No Way Out (1987),Thriller,Movie title: No Way Out (1987). Genres: Thriller
3506,North Dallas Forty (1979),Comedy|Drama,Movie title: North Dallas Forty (1979). Genres: Comedy|Drama
3507,"Odd Couple, The (1968)",Comedy,"Movie title: Odd Couple, The (1968). Genres: Comedy"
3508,"Outlaw Josey Wales, The (1976)",Western,"Movie title: Outlaw Josey Wales, The (1976). Genres: Western"
3509,Black and White (1999),Drama,Movie title: Black and White (1999). Genres: Drama
3510,Frequency (2000),Drama|Thriller,Movie title: Frequency (2000). Genres: Drama|Thriller
3511,Ready to Rumble (2000),Comedy,Movie title: Ready to Rumble (2000). Genres: Comedy
3512,Return to Me (2000),Drama|Romance,Movie title: Return to Me (2000). Genres: Drama|Romance
3513,Rules of Engagement (2000),Drama|Thriller,Movie title: Rules of Engagement (2000). Genres: Drama|Thriller
3514,Joe Gould's Secret (2000),Drama,Movie title: Joe Gould's Secret (2000). Genres: Drama
3515,Me Myself I (2000),Comedy,Movie title: Me Myself I (2000). Genres: Comedy
3516,"Bell, Book and Candle (1958)",Comedy|Romance,"Movie title: Bell, Book and Candle (1958). Genres: Comedy|Romance"
3517,"Bells, The (1926)",Crime|Drama,"Movie title: Bells, The (1926). Genres: Crime|Drama"
3518,"End of Violence, The (1997)",Drama|Thriller,"Movie title: End of Violence, The (1997). Genres: Drama|Thriller"
3519,Force 10 from Navarone (1978),Action|War,Movie title: Force 10 from Navarone (1978). Genres: Action|War
3520,How to Stuff a Wild Bikini (1965),Comedy,Movie title: How to Stuff a Wild Bikini (1965). Genres: Comedy
3521,Mystery Train (1989),Comedy|Crime|Drama,Movie title: Mystery Train (1989). Genres: Comedy|Crime|Drama
3522,Sacco and Vanzetti (Sacco e Vanzetti) (1971),Drama,Movie title: Sacco and Vanzetti (Sacco e Vanzetti) (1971). Genres: Drama
3523,Taffin (1988),Action|Thriller,Movie title: Taffin (1988). Genres: Action|Thriller
3524,Arthur (1981),Comedy|Romance,Movie title: Arthur (1981). Genres: Comedy|Romance
3525,Bachelor Party (1984),Comedy,Movie title: Bachelor Party (1984). Genres: Comedy
3526,Parenthood (1989),Comedy|Drama,Movie title: Parenthood (1989). Genres: Comedy|Drama
3527,Predator (1987),Action|Sci-Fi|Thriller,Movie title: Predator (1987). Genres: Action|Sci-Fi|Thriller
3528,"Prince of Tides, The (1991)",Drama|Romance,"Movie title: Prince of Tides, The (1991). Genres: Drama|Romance"
3529,"Postman Always Rings Twice, The (1981)",Crime|Thriller,"Movie title: Postman Always Rings Twice, The (1981). Genres: Crime|Thriller"
3530,Smoking/No Smoking (1993),Comedy,Movie title: Smoking/No Smoking (1993). Genres: Comedy
3531,All the Vermeers in New York (1990),Comedy|Drama|Romance,Movie title: All the Vermeers in New York (1990). Genres: Comedy|Drama|Romance
3532,Freedom for Us (À nous la liberté ) (1931),Comedy,Movie title: Freedom for Us (À nous la liberté ) (1931). Genres: Comedy
3533,"Actor's Revenge, An (Yukinojo Henge) (1963)",Drama,"Movie title: Actor's Revenge, An (Yukinojo Henge) (1963). Genres: Drama"
3534,28 Days (2000),Comedy,Movie title: 28 Days (2000). Genres: Comedy
3535,American Psycho (2000),Comedy|Horror|Thriller,Movie title: American Psycho (2000). Genres: Comedy|Horror|Thriller
3536,Keeping the Faith (2000),Comedy|Romance,Movie title: Keeping the Faith (2000). Genres: Comedy|Romance
3537,Where the Money Is (2000),Comedy|Drama,Movie title: Where the Money Is (2000). Genres: Comedy|Drama
3538,East is East (1999),Comedy,Movie title: East is East (1999). Genres: Comedy
3539,"Filth and the Fury, The (2000)",Documentary,"Movie title: Filth and the Fury, The (2000). Genres: Documentary"
3540,Passion of Mind (1999),Romance|Thriller,Movie title: Passion of Mind (1999). Genres: Romance|Thriller
3541,Third World Cop (1999),Action,Movie title: Third World Cop (1999). Genres: Action
3542,Coming Apart (1969),Drama,Movie title: Coming Apart (1969). Genres: Drama
3543,Diner (1982),Comedy|Drama,Movie title: Diner (1982). Genres: Comedy|Drama
3544,Shakes the Clown (1991),Comedy,Movie title: Shakes the Clown (1991). Genres: Comedy
3545,Cabaret (1972),Musical|War,Movie title: Cabaret (1972). Genres: Musical|War
3546,What Ever Happened to Baby Jane? (1962),Drama|Thriller,Movie title: What Ever Happened to Baby Jane? (1962). Genres: Drama|Thriller
3547,Prick Up Your Ears (1987),Drama,Movie title: Prick Up Your Ears (1987). Genres: Drama
3548,Auntie Mame (1958),Comedy|Drama,Movie title: Auntie Mame (1958). Genres: Comedy|Drama
3549,Guys and Dolls (1955),Musical,Movie title: Guys and Dolls (1955). Genres: Musical
3550,"Hunger, The (1983)",Horror,"Movie title: Hunger, The (1983). Genres: Horror"
3551,Marathon Man (1976),Thriller,Movie title: Marathon Man (1976). Genres: Thriller
3552,Caddyshack (1980),Comedy,Movie title: Caddyshack (1980). Genres: Comedy
3553,Gossip (2000),Drama|Thriller,Movie title: Gossip (2000). Genres: Drama|Thriller
3554,Love and Basketball (2000),Drama|Romance,Movie title: Love and Basketball (2000). Genres: Drama|Romance
3555,U-571 (2000),Action|Thriller,Movie title: U-571 (2000). Genres: Action|Thriller
3556,"Virgin Suicides, The (1999)",Comedy|Drama,"Movie title: Virgin Suicides, The (1999). Genres: Comedy|Drama"
3557,Jennifer 8 (1992),Thriller,Movie title: Jennifer 8 (1992). Genres: Thriller
3558,"Law, The (Le Legge) (1958)",Drama,"Movie title: Law, The (Le Legge) (1958). Genres: Drama"
3559,Limelight (1952),Drama,Movie title: Limelight (1952). Genres: Drama
3560,Phantom Love (Ai No Borei) (1978),Drama,Movie title: Phantom Love (Ai No Borei) (1978). Genres: Drama
3561,Stacy's Knights (1982),Drama,Movie title: Stacy's Knights (1982). Genres: Drama
3562,Committed (2000),Comedy|Drama,Movie title: Committed (2000). Genres: Comedy|Drama
3563,"Crow: Salvation, The (2000)",Action|Horror,"Movie title: Crow: Salvation, The (2000). Genres: Action|Horror"
3564,"Flintstones in Viva Rock Vegas, The (2000)",Children's|Comedy,"Movie title: Flintstones in Viva Rock Vegas, The (2000). Genres: Children's|Comedy"
3565,Where the Heart Is (2000),Comedy|Drama,Movie title: Where the Heart Is (2000). Genres: Comedy|Drama
3566,"Big Kahuna, The (2000)",Comedy|Drama,"Movie title: Big Kahuna, The (2000). Genres: Comedy|Drama"
3567,Bossa Nova (1999),Comedy,Movie title: Bossa Nova (1999). Genres: Comedy
3568,Smiling Fish and Goat on Fire (1999),Drama,Movie title: Smiling Fish and Goat on Fire (1999). Genres: Drama
3569,"Idiots, The (Idioterne) (1998)",Comedy|Drama,"Movie title: Idiots, The (Idioterne) (1998). Genres: Comedy|Drama"
3570,"Last September, The (1999)",Drama,"Movie title: Last September, The (1999). Genres: Drama"
3571,Time Code (2000),Drama,Movie title: Time Code (2000). Genres: Drama
3572,Carnosaur (1993),Horror|Sci-Fi,Movie title: Carnosaur (1993). Genres: Horror|Sci-Fi
3573,Carnosaur 2 (1995),Horror|Sci-Fi,Movie title: Carnosaur 2 (1995). Genres: Horror|Sci-Fi
3574,Carnosaur 3: Primal Species (1996),Horror|Sci-Fi,Movie title: Carnosaur 3: Primal Species (1996). Genres: Horror|Sci-Fi
3575,Defying Gravity (1997),Drama,Movie title: Defying Gravity (1997). Genres: Drama
3576,"Hidden, The (1987)",Action|Horror|Sci-Fi,"Movie title: Hidden, The (1987). Genres: Action|Horror|Sci-Fi"
3577,Two Moon Juction (1988),Drama,Movie title: Two Moon Juction (1988). Genres: Drama
3578,Gladiator (2000),Action|Drama,Movie title: Gladiator (2000). Genres: Action|Drama
3579,I Dreamed of Africa (2000),Drama,Movie title: I Dreamed of Africa (2000). Genres: Drama
3580,Up at the Villa (2000),Drama,Movie title: Up at the Villa (2000). Genres: Drama
3581,Human Traffic (1999),Drama,Movie title: Human Traffic (1999). Genres: Drama
3582,"Jails, Hospitals & Hip-Hop (2000)",Drama,"Movie title: Jails, Hospitals & Hip-Hop (2000). Genres: Drama"
3583,Black Tights (Les Collants Noirs) (1960),Drama,Movie title: Black Tights (Les Collants Noirs) (1960). Genres: Drama
3584,Breathless (1983),Action|Drama|Romance|Thriller,Movie title: Breathless (1983). Genres: Action|Drama|Romance|Thriller
3585,"Great Locomotive Chase, The (1956)",Adventure|War,"Movie title: Great Locomotive Chase, The (1956). Genres: Adventure|War"
3586,"Idolmaker, The (1980)",Drama,"Movie title: Idolmaker, The (1980). Genres: Drama"
3587,Inferno (1980),Horror,Movie title: Inferno (1980). Genres: Horror
3588,"King of Marvin Gardens, The (1972)",Crime|Drama,"Movie title: King of Marvin Gardens, The (1972). Genres: Crime|Drama"
3589,"Kill, Baby... Kill! (Operazione Paura) (1966)",Horror,"Movie title: Kill, Baby... Kill! (Operazione Paura) (1966). Genres: Horror"
3590,"Lords of Flatbush, The (1974)",Comedy,"Movie title: Lords of Flatbush, The (1974). Genres: Comedy"
3591,Mr. Mom (1983),Comedy|Drama,Movie title: Mr. Mom (1983). Genres: Comedy|Drama
3592,Time Masters (Les Maîtres du Temps) (1982),Animation|Sci-Fi,Movie title: Time Masters (Les Maîtres du Temps) (1982). Genres: Animation|Sci-Fi
3593,Battlefield Earth (2000),Action|Sci-Fi,Movie title: Battlefield Earth (2000). Genres: Action|Sci-Fi
3594,Center Stage (2000),Drama,Movie title: Center Stage (2000). Genres: Drama
3595,Held Up (2000),Comedy,Movie title: Held Up (2000). Genres: Comedy
3596,Screwed (2000),Comedy,Movie title: Screwed (2000). Genres: Comedy
3597,Whipped (2000),Comedy,Movie title: Whipped (2000). Genres: Comedy
3598,Hamlet (2000),Drama,Movie title: Hamlet (2000). Genres: Drama
3599,Anchors Aweigh (1945),Comedy|Musical,Movie title: Anchors Aweigh (1945). Genres: Comedy|Musical
3600,Blue Hawaii (1961),Comedy|Musical,Movie title: Blue Hawaii (1961). Genres: Comedy|Musical
3601,"Castaway Cowboy, The (1974)",Comedy|Western,"Movie title: Castaway Cowboy, The (1974). Genres: Comedy|Western"
3602,G. I. Blues (1960),Musical,Movie title: G. I. Blues (1960). Genres: Musical
3603,"Gay Deceivers, The (1969)",Comedy,"Movie title: Gay Deceivers, The (1969). Genres: Comedy"
3604,Gypsy (1962),Musical,Movie title: Gypsy (1962). Genres: Musical
3605,King Creole (1958),Drama|Musical,Movie title: King Creole (1958). Genres: Drama|Musical
3606,On the Town (1949),Musical,Movie title: On the Town (1949). Genres: Musical
3607,One Little Indian (1973),Comedy|Drama|Western,Movie title: One Little Indian (1973). Genres: Comedy|Drama|Western
3608,Pee-wee's Big Adventure (1985),Comedy,Movie title: Pee-wee's Big Adventure (1985). Genres: Comedy
3609,Regret to Inform (1998),Documentary,Movie title: Regret to Inform (1998). Genres: Documentary
3610,Roustabout (1964),Musical,Movie title: Roustabout (1964). Genres: Musical
3611,Saludos Amigos (1943),Animation|Children's|Comedy,Movie title: Saludos Amigos (1943). Genres: Animation|Children's|Comedy
3612,"Slipper and the Rose, The (1976)",Adventure|Musical|Romance,"Movie title: Slipper and the Rose, The (1976). Genres: Adventure|Musical|Romance"
3613,Things Change (1988),Comedy,Movie title: Things Change (1988). Genres: Comedy
3614,Honeymoon in Vegas (1992),Comedy|Romance,Movie title: Honeymoon in Vegas (1992). Genres: Comedy|Romance
3615,Dinosaur (2000),Animation|Children's,Movie title: Dinosaur (2000). Genres: Animation|Children's
3616,Loser (2000),Comedy|Romance,Movie title: Loser (2000). Genres: Comedy|Romance
3617,Road Trip (2000),Comedy,Movie title: Road Trip (2000). Genres: Comedy
3618,Small Time Crooks (2000),Comedy,Movie title: Small Time Crooks (2000). Genres: Comedy
3619,"Hollywood Knights, The (1980)",Comedy,"Movie title: Hollywood Knights, The (1980). Genres: Comedy"
3620,"Myth of Fingerprints, The (1997)",Comedy|Drama,"Movie title: Myth of Fingerprints, The (1997). Genres: Comedy|Drama"
3621,Possession (1981),Drama|Horror,Movie title: Possession (1981). Genres: Drama|Horror
3622,"Twelve Chairs, The (1970)",Comedy,"Movie title: Twelve Chairs, The (1970). Genres: Comedy"
3623,Mission: Impossible 2 (2000),Action|Thriller,Movie title: Mission: Impossible 2 (2000). Genres: Action|Thriller
3624,Shanghai Noon (2000),Action,Movie title: Shanghai Noon (2000). Genres: Action
3625,Better Living Through Circuitry (1999),Documentary,Movie title: Better Living Through Circuitry (1999). Genres: Documentary
3626,8 1/2 Women (1999),Comedy,Movie title: 8 1/2 Women (1999). Genres: Comedy
3627,Carnival of Souls (1962),Horror|Thriller,Movie title: Carnival of Souls (1962). Genres: Horror|Thriller
3628,Flying Tigers (1942),Action|Drama|War,Movie title: Flying Tigers (1942). Genres: Action|Drama|War
3629,"Gold Rush, The (1925)",Comedy,"Movie title: Gold Rush, The (1925). Genres: Comedy"
3630,"House of Exorcism, The (La Casa dell'esorcismo) (1974)",Horror,"Movie title: House of Exorcism, The (La Casa dell'esorcismo) (1974). Genres: Horror"
3631,It's in the Water (1998),Comedy,Movie title: It's in the Water (1998). Genres: Comedy
3632,Monsieur Verdoux (1947),Comedy,Movie title: Monsieur Verdoux (1947). Genres: Comedy
3633,On Her Majesty's Secret Service (1969),Action,Movie title: On Her Majesty's Secret Service (1969). Genres: Action
3634,Seven Days in May (1964),Thriller,Movie title: Seven Days in May (1964). Genres: Thriller
3635,"Spy Who Loved Me, The (1977)",Action,"Movie title: Spy Who Loved Me, The (1977). Genres: Action"
3636,Those Who Love Me Can Take the Train (Ceux qui m'aiment prendront le train) (1998),Drama,Movie title: Those Who Love Me Can Take the Train (Ceux qui m'aiment prendront le train) (1998). Genres: Drama
3637,Vagabond (Sans toit ni loi) (1985),Drama,Movie title: Vagabond (Sans toit ni loi) (1985). Genres: Drama
3638,Moonraker (1979),Action|Romance|Sci-Fi,Movie title: Moonraker (1979). Genres: Action|Romance|Sci-Fi
3639,"Man with the Golden Gun, The (1974)",Action,"Movie title: Man with the Golden Gun, The (1974). Genres: Action"
3640,"King in New York, A (1957)",Comedy|Drama,"Movie title: King in New York, A (1957). Genres: Comedy|Drama"
3641,"Woman of Paris, A (1923)",Drama,"Movie title: Woman of Paris, A (1923). Genres: Drama"
3642,In Old California (1942),Western,Movie title: In Old California (1942). Genres: Western
3643,"Fighting Seabees, The (1944)",Action|Drama|War,"Movie title: Fighting Seabees, The (1944). Genres: Action|Drama|War"
3644,Dark Command (1940),Western,Movie title: Dark Command (1940). Genres: Western
3645,Cleo From 5 to 7 (Cléo de 5 à 7) (1962),Drama,Movie title: Cleo From 5 to 7 (Cléo de 5 à 7) (1962). Genres: Drama
3646,Big Momma's House (2000),Comedy,Movie title: Big Momma's House (2000). Genres: Comedy
3647,Running Free (2000),Drama,Movie title: Running Free (2000). Genres: Drama
3648,"Abominable Snowman, The (1957)",Horror|Sci-Fi,"Movie title: Abominable Snowman, The (1957). Genres: Horror|Sci-Fi"
3649,American Gigolo (1980),Drama,Movie title: American Gigolo (1980). Genres: Drama
3650,Anguish (Angustia) (1986),Horror,Movie title: Anguish (Angustia) (1986). Genres: Horror
3651,"Blood Spattered Bride, The (La Novia Ensangrentada) (1972)",Horror,"Movie title: Blood Spattered Bride, The (La Novia Ensangrentada) (1972). Genres: Horror"
3652,City of the Living Dead (Paura nella città dei morti viventi) (1980),Horror,Movie title: City of the Living Dead (Paura nella città dei morti viventi) (1980). Genres: Horror
3653,"Endless Summer, The (1966)",Documentary,"Movie title: Endless Summer, The (1966). Genres: Documentary"
3654,"Guns of Navarone, The (1961)",Action|Drama|War,"Movie title: Guns of Navarone, The (1961). Genres: Action|Drama|War"
3655,Blow-Out (La Grande Bouffe) (1973),Drama,Movie title: Blow-Out (La Grande Bouffe) (1973). Genres: Drama
3656,Lured (1947),Crime,Movie title: Lured (1947). Genres: Crime
3657,Pandora and the Flying Dutchman (1951),Drama,Movie title: Pandora and the Flying Dutchman (1951). Genres: Drama
3658,Quatermass and the Pit (1967),Sci-Fi,Movie title: Quatermass and the Pit (1967). Genres: Sci-Fi
3659,Quatermass II (1957),Sci-Fi|Thriller,Movie title: Quatermass II (1957). Genres: Sci-Fi|Thriller
3660,Puppet Master (1989),Horror|Sci-Fi|Thriller,Movie title: Puppet Master (1989). Genres: Horror|Sci-Fi|Thriller
3661,Puppet Master II (1990),Horror|Sci-Fi|Thriller,Movie title: Puppet Master II (1990). Genres: Horror|Sci-Fi|Thriller
3662,Puppet Master III: Toulon's Revenge (1991),Horror|Sci-Fi|Thriller,Movie title: Puppet Master III: Toulon's Revenge (1991). Genres: Horror|Sci-Fi|Thriller
3663,Puppet Master 4 (1993),Horror|Sci-Fi|Thriller,Movie title: Puppet Master 4 (1993). Genres: Horror|Sci-Fi|Thriller
3664,Puppet Master 5: The Final Chapter (1994),Horror|Sci-Fi|Thriller,Movie title: Puppet Master 5: The Final Chapter (1994). Genres: Horror|Sci-Fi|Thriller
3665,Curse of the Puppet Master (1998),Horror|Sci-Fi|Thriller,Movie title: Curse of the Puppet Master (1998). Genres: Horror|Sci-Fi|Thriller
3666,Retro Puppetmaster (1999),Horror|Sci-Fi|Thriller,Movie title: Retro Puppetmaster (1999). Genres: Horror|Sci-Fi|Thriller
3667,Rent-A-Cop (1988),Action|Comedy,Movie title: Rent-A-Cop (1988). Genres: Action|Comedy
3668,Romeo and Juliet (1968),Drama|Romance,Movie title: Romeo and Juliet (1968). Genres: Drama|Romance
3669,Stay Tuned (1992),Comedy,Movie title: Stay Tuned (1992). Genres: Comedy
3670,"Story of G.I. Joe, The (1945)",War,"Movie title: Story of G.I. Joe, The (1945). Genres: War"
3671,Blazing Saddles (1974),Comedy|Western,Movie title: Blazing Saddles (1974). Genres: Comedy|Western
3672,Benji (1974),Adventure|Children's,Movie title: Benji (1974). Genres: Adventure|Children's
3673,Benji the Hunted (1987),Adventure|Children's,Movie title: Benji the Hunted (1987). Genres: Adventure|Children's
3674,For the Love of Benji (1977),Adventure|Children's,Movie title: For the Love of Benji (1977). Genres: Adventure|Children's
3675,White Christmas (1954),Musical,Movie title: White Christmas (1954). Genres: Musical
3676,Eraserhead (1977),Drama|Horror,Movie title: Eraserhead (1977). Genres: Drama|Horror
3677,Baraka (1992),Documentary,Movie title: Baraka (1992). Genres: Documentary
3678,"Man with the Golden Arm, The (1955)",Drama,"Movie title: Man with the Golden Arm, The (1955). Genres: Drama"
3679,"Decline of Western Civilization, The (1981)",Documentary,"Movie title: Decline of Western Civilization, The (1981). Genres: Documentary"
3680,"Decline of Western Civilization Part II: The Metal Years, The (1988)",Documentary,"Movie title: Decline of Western Civilization Part II: The Metal Years, The (1988). Genres: Documentary"
3681,For a Few Dollars More (1965),Western,Movie title: For a Few Dollars More (1965). Genres: Western
3682,Magnum Force (1973),Western,Movie title: Magnum Force (1973). Genres: Western
3683,Blood Simple (1984),Drama|Film-Noir,Movie title: Blood Simple (1984). Genres: Drama|Film-Noir
3684,"Fabulous Baker Boys, The (1989)",Drama|Romance,"Movie title: Fabulous Baker Boys, The (1989). Genres: Drama|Romance"
3685,Prizzi's Honor (1985),Comedy|Drama|Romance,Movie title: Prizzi's Honor (1985). Genres: Comedy|Drama|Romance
3686,Flatliners (1990),Thriller,Movie title: Flatliners (1990). Genres: Thriller
3687,Light Years (1988),Sci-Fi,Movie title: Light Years (1988). Genres: Sci-Fi
3688,Porky's (1981),Comedy,Movie title: Porky's (1981). Genres: Comedy
3689,Porky's II: The Next Day (1983),Comedy,Movie title: Porky's II: The Next Day (1983). Genres: Comedy
3690,Porky's Revenge (1985),Comedy,Movie title: Porky's Revenge (1985). Genres: Comedy
3691,Private School (1983),Comedy,Movie title: Private School (1983). Genres: Comedy
3692,Class of Nuke 'Em High (1986),Comedy|Horror,Movie title: Class of Nuke 'Em High (1986). Genres: Comedy|Horror
3693,"Toxic Avenger, The (1985)",Comedy|Horror,"Movie title: Toxic Avenger, The (1985). Genres: Comedy|Horror"
3694,"Toxic Avenger, Part II, The (1989)",Comedy|Horror,"Movie title: Toxic Avenger, Part II, The (1989). Genres: Comedy|Horror"
3695,"Toxic Avenger Part III: The Last Temptation of Toxie, The (1989)",Comedy|Horror,"Movie title: Toxic Avenger Part III: The Last Temptation of Toxie, The (1989). Genres: Comedy|Horror"
3696,Night of the Creeps (1986),Comedy|Horror|Sci-Fi,Movie title: Night of the Creeps (1986). Genres: Comedy|Horror|Sci-Fi
3697,Predator 2 (1990),Action|Sci-Fi|Thriller,Movie title: Predator 2 (1990). Genres: Action|Sci-Fi|Thriller
3698,"Running Man, The (1987)",Action|Adventure|Sci-Fi,"Movie title: Running Man, The (1987). Genres: Action|Adventure|Sci-Fi"
3699,Starman (1984),Adventure|Drama|Romance|Sci-Fi,Movie title: Starman (1984). Genres: Adventure|Drama|Romance|Sci-Fi
3700,"Brother from Another Planet, The (1984)",Drama|Sci-Fi,"Movie title: Brother from Another Planet, The (1984). Genres: Drama|Sci-Fi"
3701,Alien Nation (1988),Crime|Drama|Sci-Fi,Movie title: Alien Nation (1988). Genres: Crime|Drama|Sci-Fi
3702,Mad Max (1979),Action|Sci-Fi,Movie title: Mad Max (1979). Genres: Action|Sci-Fi
3703,Mad Max 2 (a.k.a. The Road Warrior) (1981),Action|Sci-Fi,Movie title: Mad Max 2 (a.k.a. The Road Warrior) (1981). Genres: Action|Sci-Fi
3704,Mad Max Beyond Thunderdome (1985),Action|Sci-Fi,Movie title: Mad Max Beyond Thunderdome (1985). Genres: Action|Sci-Fi
3705,Bird on a Wire (1990),Action|Adventure|Romance|Thriller,Movie title: Bird on a Wire (1990). Genres: Action|Adventure|Romance|Thriller
3706,Angel Heart (1987),Film-Noir|Mystery|Thriller,Movie title: Angel Heart (1987). Genres: Film-Noir|Mystery|Thriller
3707,Nine 1/2 Weeks (1986),Drama,Movie title: Nine 1/2 Weeks (1986). Genres: Drama
3708,Firestarter (1984),Horror|Thriller,Movie title: Firestarter (1984). Genres: Horror|Thriller
3709,Sleepwalkers (1992),Horror,Movie title: Sleepwalkers (1992). Genres: Horror
3710,Action Jackson (1988),Action|Comedy,Movie title: Action Jackson (1988). Genres: Action|Comedy
3711,Sarafina! (1992),Drama,Movie title: Sarafina! (1992). Genres: Drama
3712,Soapdish (1991),Comedy,Movie title: Soapdish (1991). Genres: Comedy
3713,"Long Walk Home, The (1990)",Drama,"Movie title: Long Walk Home, The (1990). Genres: Drama"
3714,Clara's Heart (1988),Drama,Movie title: Clara's Heart (1988). Genres: Drama
3715,Burglar (1987),Comedy,Movie title: Burglar (1987). Genres: Comedy
3716,Fatal Beauty (1987),Action|Crime,Movie title: Fatal Beauty (1987). Genres: Action|Crime
3717,Gone in 60 Seconds (2000),Action|Crime,Movie title: Gone in 60 Seconds (2000). Genres: Action|Crime
3718,American Pimp (1999),Documentary,Movie title: American Pimp (1999). Genres: Documentary
3719,Love's Labour's Lost (2000),Comedy|Romance,Movie title: Love's Labour's Lost (2000). Genres: Comedy|Romance
3720,Sunshine (1999),Drama,Movie title: Sunshine (1999). Genres: Drama
3721,Trixie (1999),Comedy,Movie title: Trixie (1999). Genres: Comedy
3722,Live Virgin (1999),Comedy,Movie title: Live Virgin (1999). Genres: Comedy
3723,Hamlet (1990),Drama,Movie title: Hamlet (1990). Genres: Drama
3724,Coming Home (1978),Drama|War,Movie title: Coming Home (1978). Genres: Drama|War
3725,American Pop (1981),Animation|Musical,Movie title: American Pop (1981). Genres: Animation|Musical
3726,Assault on Precinct 13 (1976),Action|Thriller,Movie title: Assault on Precinct 13 (1976). Genres: Action|Thriller
3727,Near Dark (1987),Comedy|Horror,Movie title: Near Dark (1987). Genres: Comedy|Horror
3728,One False Move (1991),Thriller,Movie title: One False Move (1991). Genres: Thriller
3729,Shaft (1971),Action|Crime,Movie title: Shaft (1971). Genres: Action|Crime
3730,"Conversation, The (1974)",Drama|Mystery,"Movie title: Conversation, The (1974). Genres: Drama|Mystery"
3731,Cutter's Way (1981),Drama|Thriller,Movie title: Cutter's Way (1981). Genres: Drama|Thriller
3732,"Fury, The (1978)",Horror,"Movie title: Fury, The (1978). Genres: Horror"
3733,"Paper Chase, The (1973)",Drama,"Movie title: Paper Chase, The (1973). Genres: Drama"
3734,Prince of the City (1981),Drama,Movie title: Prince of the City (1981). Genres: Drama
3735,Serpico (1973),Crime|Drama,Movie title: Serpico (1973). Genres: Crime|Drama
3736,"Big Carnival, The (1951)",Drama,"Movie title: Big Carnival, The (1951). Genres: Drama"
3737,Lonely Are the Brave (1962),Drama|Western,Movie title: Lonely Are the Brave (1962). Genres: Drama|Western
3738,"Sugarland Express, The (1974)",Drama,"Movie title: Sugarland Express, The (1974). Genres: Drama"
3739,Trouble in Paradise (1932),Comedy|Romance,Movie title: Trouble in Paradise (1932). Genres: Comedy|Romance
3740,Big Trouble in Little China (1986),Action|Comedy,Movie title: Big Trouble in Little China (1986). Genres: Action|Comedy
3741,Badlands (1973),Crime|Drama,Movie title: Badlands (1973). Genres: Crime|Drama
3742,"Battleship Potemkin, The (Bronenosets Potyomkin) (1925)",Drama|War,"Movie title: Battleship Potemkin, The (Bronenosets Potyomkin) (1925). Genres: Drama|War"
3743,Boys and Girls (2000),Comedy|Romance,Movie title: Boys and Girls (2000). Genres: Comedy|Romance
3744,Shaft (2000),Action|Crime,Movie title: Shaft (2000). Genres: Action|Crime
3745,Titan A.E. (2000),Adventure|Animation|Sci-Fi,Movie title: Titan A.E. (2000). Genres: Adventure|Animation|Sci-Fi
3746,Butterfly (La Lengua de las Mariposas) (2000),Drama|War,Movie title: Butterfly (La Lengua de las Mariposas) (2000). Genres: Drama|War
3747,Jesus' Son (1999),Drama,Movie title: Jesus' Son (1999). Genres: Drama
3748,"Match, The (1999)",Comedy|Romance,"Movie title: Match, The (1999). Genres: Comedy|Romance"
3749,Time Regained (Le Temps Retrouvé) (1999),Drama,Movie title: Time Regained (Le Temps Retrouvé) (1999). Genres: Drama
3750,Boricua's Bond (2000),Drama,Movie title: Boricua's Bond (2000). Genres: Drama
3751,Chicken Run (2000),Animation|Children's|Comedy,Movie title: Chicken Run (2000). Genres: Animation|Children's|Comedy
3752,"Me, Myself and Irene (2000)",Comedy,"Movie title: Me, Myself and Irene (2000). Genres: Comedy"
3753,"Patriot, The (2000)",Action|Drama|War,"Movie title: Patriot, The (2000). Genres: Action|Drama|War"
3754,"Adventures of Rocky and Bullwinkle, The (2000)",Animation|Children's|Comedy,"Movie title: Adventures of Rocky and Bullwinkle, The (2000). Genres: Animation|Children's|Comedy"
3755,"Perfect Storm, The (2000)",Action|Adventure|Thriller,"Movie title: Perfect Storm, The (2000). Genres: Action|Adventure|Thriller"
3756,"Golden Bowl, The (2000)",Drama,"Movie title: Golden Bowl, The (2000). Genres: Drama"
3757,Asylum (1972),Horror,Movie title: Asylum (1972). Genres: Horror
3758,Communion (1989),Drama|Sci-Fi|Thriller,Movie title: Communion (1989). Genres: Drama|Sci-Fi|Thriller
3759,Fun and Fancy Free (1947),Animation|Children's|Musical,Movie title: Fun and Fancy Free (1947). Genres: Animation|Children's|Musical
3760,"Kentucky Fried Movie, The (1977)",Comedy,"Movie title: Kentucky Fried Movie, The (1977). Genres: Comedy"
3761,"Blood In, Blood Out (a.k.a. Bound by Honor) (1993)",Crime|Drama,"Movie title: Blood In, Blood Out (a.k.a. Bound by Honor) (1993). Genres: Crime|Drama"
3762,Daughter of Dr. Jeckyll (1957),Horror,Movie title: Daughter of Dr. Jeckyll (1957). Genres: Horror
3763,F/X (1986),Action|Crime|Thriller,Movie title: F/X (1986). Genres: Action|Crime|Thriller
3764,F/X 2 (1992),Action|Crime|Thriller,Movie title: F/X 2 (1992). Genres: Action|Crime|Thriller
3765,"Hot Spot, The (1990)",Drama|Romance,"Movie title: Hot Spot, The (1990). Genres: Drama|Romance"
3766,Missing in Action (1984),Action|War,Movie title: Missing in Action (1984). Genres: Action|War
3767,Missing in Action 2: The Beginning (1985),Action|War,Movie title: Missing in Action 2: The Beginning (1985). Genres: Action|War
3768,Braddock: Missing in Action III (1988),Action|War,Movie title: Braddock: Missing in Action III (1988). Genres: Action|War
3769,Thunderbolt and Lightfoot (1974),Action,Movie title: Thunderbolt and Lightfoot (1974). Genres: Action
3770,Dreamscape (1984),Adventure|Crime|Sci-Fi|Thriller,Movie title: Dreamscape (1984). Genres: Adventure|Crime|Sci-Fi|Thriller
3771,"Golden Voyage of Sinbad, The (1974)",Action|Adventure,"Movie title: Golden Voyage of Sinbad, The (1974). Genres: Action|Adventure"
3772,Hatchet For the Honeymoon (Rosso Segno Della Follia) (1969),Horror,Movie title: Hatchet For the Honeymoon (Rosso Segno Della Follia) (1969). Genres: Horror
3773,House Party (1990),Comedy,Movie title: House Party (1990). Genres: Comedy
3774,House Party 2 (1991),Comedy,Movie title: House Party 2 (1991). Genres: Comedy
3775,Make Mine Music (1946),Animation|Children's|Musical,Movie title: Make Mine Music (1946). Genres: Animation|Children's|Musical
3776,Melody Time (1948),Animation|Children's|Musical,Movie title: Melody Time (1948). Genres: Animation|Children's|Musical
3777,Nekromantik (1987),Comedy|Horror,Movie title: Nekromantik (1987). Genres: Comedy|Horror
3778,On Our Merry Way (1948),Comedy|Drama,Movie title: On Our Merry Way (1948). Genres: Comedy|Drama
3779,Project Moon Base (1953),Sci-Fi,Movie title: Project Moon Base (1953). Genres: Sci-Fi
3780,Rocketship X-M (1950),Sci-Fi,Movie title: Rocketship X-M (1950). Genres: Sci-Fi
3781,Shaft in Africa (1973),Action|Crime,Movie title: Shaft in Africa (1973). Genres: Action|Crime
3782,Shaft's Big Score! (1972),Action|Crime,Movie title: Shaft's Big Score! (1972). Genres: Action|Crime
3783,Croupier (1998),Crime|Drama,Movie title: Croupier (1998). Genres: Crime|Drama
3784,"Kid, The (2000)",Comedy,"Movie title: Kid, The (2000). Genres: Comedy"
3785,Scary Movie (2000),Comedy|Horror,Movie title: Scary Movie (2000). Genres: Comedy|Horror
3786,But I'm a Cheerleader (1999),Comedy,Movie title: But I'm a Cheerleader (1999). Genres: Comedy
3787,Shower (Xizhao) (1999),Comedy,Movie title: Shower (Xizhao) (1999). Genres: Comedy
3788,Blowup (1966),Drama|Mystery,Movie title: Blowup (1966). Genres: Drama|Mystery
3789,"Pawnbroker, The (1965)",Drama,"Movie title: Pawnbroker, The (1965). Genres: Drama"
3790,Groove (2000),Drama,Movie title: Groove (2000). Genres: Drama
3791,Footloose (1984),Drama,Movie title: Footloose (1984). Genres: Drama
3792,Duel in the Sun (1946),Western,Movie title: Duel in the Sun (1946). Genres: Western
3793,X-Men (2000),Action|Sci-Fi,Movie title: X-Men (2000). Genres: Action|Sci-Fi
3794,Chuck & Buck (2000),Comedy|Drama,Movie title: Chuck & Buck (2000). Genres: Comedy|Drama
3795,"Five Senses, The (1999)",Drama,"Movie title: Five Senses, The (1999). Genres: Drama"
3796,"Wisdom of Crocodiles, The (a.k.a. Immortality) (2000)",Romance|Thriller,"Movie title: Wisdom of Crocodiles, The (a.k.a. Immortality) (2000). Genres: Romance|Thriller"
3797,"In Crowd, The (2000)",Thriller,"Movie title: In Crowd, The (2000). Genres: Thriller"
3798,What Lies Beneath (2000),Thriller,Movie title: What Lies Beneath (2000). Genres: Thriller
3799,Pokémon the Movie 2000 (2000),Animation|Children's,Movie title: Pokémon the Movie 2000 (2000). Genres: Animation|Children's
3800,Criminal Lovers (Les Amants Criminels) (1999),Drama|Romance,Movie title: Criminal Lovers (Les Amants Criminels) (1999). Genres: Drama|Romance
3801,Anatomy of a Murder (1959),Drama|Mystery,Movie title: Anatomy of a Murder (1959). Genres: Drama|Mystery
3802,Freejack (1992),Action|Sci-Fi,Movie title: Freejack (1992). Genres: Action|Sci-Fi
3803,Greaser's Palace (1972),Drama,Movie title: Greaser's Palace (1972). Genres: Drama
3804,H.O.T.S. (1979),Comedy,Movie title: H.O.T.S. (1979). Genres: Comedy
3805,Knightriders (1981),Action|Adventure|Drama,Movie title: Knightriders (1981). Genres: Action|Adventure|Drama
3806,MacKenna's Gold (1969),Western,Movie title: MacKenna's Gold (1969). Genres: Western
3807,Sinbad and the Eye of the Tiger (1977),Action|Adventure,Movie title: Sinbad and the Eye of the Tiger (1977). Genres: Action|Adventure
3808,Two Women (La Ciociara) (1961),Drama|War,Movie title: Two Women (La Ciociara) (1961). Genres: Drama|War
3809,What About Bob? (1991),Comedy,Movie title: What About Bob? (1991). Genres: Comedy
3810,White Sands (1992),Drama|Thriller,Movie title: White Sands (1992). Genres: Drama|Thriller
3811,Breaker Morant (1980),Drama|War,Movie title: Breaker Morant (1980). Genres: Drama|War
3812,Everything You Always Wanted to Know About Sex (1972),Comedy,Movie title: Everything You Always Wanted to Know About Sex (1972). Genres: Comedy
3813,Interiors (1978),Drama,Movie title: Interiors (1978). Genres: Drama
3814,Love and Death (1975),Comedy,Movie title: Love and Death (1975). Genres: Comedy
3816,"Official Story, The (La Historia Oficial) (1985)",Drama,"Movie title: Official Story, The (La Historia Oficial) (1985). Genres: Drama"
3817,"Other Side of Sunday, The (Søndagsengler) (1996)",Comedy|Drama,"Movie title: Other Side of Sunday, The (Søndagsengler) (1996). Genres: Comedy|Drama"
3818,Pot O' Gold (1941),Comedy|Musical,Movie title: Pot O' Gold (1941). Genres: Comedy|Musical
3819,Tampopo (1986),Comedy,Movie title: Tampopo (1986). Genres: Comedy
3820,Thomas and the Magic Railroad (2000),Children's,Movie title: Thomas and the Magic Railroad (2000). Genres: Children's
3821,Nutty Professor II: The Klumps (2000),Comedy,Movie title: Nutty Professor II: The Klumps (2000). Genres: Comedy
3822,"Girl on the Bridge, The (La Fille sur le Pont) (1999)",Drama|Romance,"Movie title: Girl on the Bridge, The (La Fille sur le Pont) (1999). Genres: Drama|Romance"
3823,Wonderland (1999),Drama,Movie title: Wonderland (1999). Genres: Drama
3824,Autumn in New York (2000),Drama|Romance,Movie title: Autumn in New York (2000). Genres: Drama|Romance
3825,Coyote Ugly (2000),Drama,Movie title: Coyote Ugly (2000). Genres: Drama
3826,Hollow Man (2000),Horror|Sci-Fi|Thriller,Movie title: Hollow Man (2000). Genres: Horror|Sci-Fi|Thriller
3827,Space Cowboys (2000),Action|Sci-Fi,Movie title: Space Cowboys (2000). Genres: Action|Sci-Fi
3828,Better Living (1998),Comedy,Movie title: Better Living (1998). Genres: Comedy
3829,Mad About Mambo (2000),Comedy|Romance,Movie title: Mad About Mambo (2000). Genres: Comedy|Romance
3830,Psycho Beach Party (2000),Comedy|Horror|Thriller,Movie title: Psycho Beach Party (2000). Genres: Comedy|Horror|Thriller
3831,Saving Grace (2000),Comedy,Movie title: Saving Grace (2000). Genres: Comedy
3832,"Black Sabbath (Tre Volti Della Paura, I) (1963)",Horror,"Movie title: Black Sabbath (Tre Volti Della Paura, I) (1963). Genres: Horror"
3833,"Brain That Wouldn't Die, The (1962)",Horror|Sci-Fi,"Movie title: Brain That Wouldn't Die, The (1962). Genres: Horror|Sci-Fi"
3834,Bronco Billy (1980),Adventure|Drama|Romance,Movie title: Bronco Billy (1980). Genres: Adventure|Drama|Romance
3835,"Crush, The (1993)",Thriller,"Movie title: Crush, The (1993). Genres: Thriller"
3836,Kelly's Heroes (1970),Action|Comedy|War,Movie title: Kelly's Heroes (1970). Genres: Action|Comedy|War
3837,Phantasm II (1988),Horror,Movie title: Phantasm II (1988). Genres: Horror
3838,Phantasm III: Lord of the Dead (1994),Horror,Movie title: Phantasm III: Lord of the Dead (1994). Genres: Horror
3839,Phantasm IV: Oblivion (1998),Horror,Movie title: Phantasm IV: Oblivion (1998). Genres: Horror
3840,Pumpkinhead (1988),Horror,Movie title: Pumpkinhead (1988). Genres: Horror
3841,Air America (1990),Action|Comedy,Movie title: Air America (1990). Genres: Action|Comedy
3842,Make Them Die Slowly (Cannibal Ferox) (1980),Horror,Movie title: Make Them Die Slowly (Cannibal Ferox) (1980). Genres: Horror
3843,Sleepaway Camp (1983),Horror,Movie title: Sleepaway Camp (1983). Genres: Horror
3844,Steel Magnolias (1989),Drama,Movie title: Steel Magnolias (1989). Genres: Drama
3845,And God Created Woman (Et Dieu&#8230;Créa la Femme) (1956),Drama,Movie title: And God Created Woman (Et Dieu&#8230;Créa la Femme) (1956). Genres: Drama
3846,Easy Money (1983),Comedy,Movie title: Easy Money (1983). Genres: Comedy
3847,"Ilsa, She Wolf of the SS (1974)",Horror,"Movie title: Ilsa, She Wolf of the SS (1974). Genres: Horror"
3848,Silent Fall (1994),Drama|Thriller,Movie title: Silent Fall (1994). Genres: Drama|Thriller
3849,"Spiral Staircase, The (1946)",Thriller,"Movie title: Spiral Staircase, The (1946). Genres: Thriller"
3850,Whatever Happened to Aunt Alice? (1969),Crime|Thriller,Movie title: Whatever Happened to Aunt Alice? (1969). Genres: Crime|Thriller
3851,I'm the One That I Want (2000),Comedy,Movie title: I'm the One That I Want (2000). Genres: Comedy
3852,"Tao of Steve, The (2000)",Comedy,"Movie title: Tao of Steve, The (2000). Genres: Comedy"
3853,"Tic Code, The (1998)",Drama,"Movie title: Tic Code, The (1998). Genres: Drama"
3854,Aimée & Jaguar (1999),Drama|Romance,Movie title: Aimée & Jaguar (1999). Genres: Drama|Romance
3855,"Affair of Love, An (Une Liaison Pornographique) (1999)",Drama|Romance,"Movie title: Affair of Love, An (Une Liaison Pornographique) (1999). Genres: Drama|Romance"
3856,Autumn Heart (1999),Drama,Movie title: Autumn Heart (1999). Genres: Drama
3857,Bless the Child (2000),Thriller,Movie title: Bless the Child (2000). Genres: Thriller
3858,Cecil B. Demented (2000),Comedy,Movie title: Cecil B. Demented (2000). Genres: Comedy
3859,"Eyes of Tammy Faye, The (2000)",Documentary,"Movie title: Eyes of Tammy Faye, The (2000). Genres: Documentary"
3860,"Opportunists, The (1999)",Crime,"Movie title: Opportunists, The (1999). Genres: Crime"
3861,"Replacements, The (2000)",Comedy,"Movie title: Replacements, The (2000). Genres: Comedy"
3862,About Adam (2000),Comedy,Movie title: About Adam (2000). Genres: Comedy
3863,"Cell, The (2000)",Sci-Fi|Thriller,"Movie title: Cell, The (2000). Genres: Sci-Fi|Thriller"
3864,Godzilla 2000 (Gojira ni-sen mireniamu) (1999),Action|Adventure|Sci-Fi,Movie title: Godzilla 2000 (Gojira ni-sen mireniamu) (1999). Genres: Action|Adventure|Sci-Fi
3865,"Original Kings of Comedy, The (2000)",Comedy|Documentary,"Movie title: Original Kings of Comedy, The (2000). Genres: Comedy|Documentary"
3866,Sunset Strip (2000),Comedy,Movie title: Sunset Strip (2000). Genres: Comedy
3867,All the Rage (a.k.a. It's the Rage) (1999),Drama,Movie title: All the Rage (a.k.a. It's the Rage) (1999). Genres: Drama
3868,"Naked Gun: From the Files of Police Squad!, The (1988)",Comedy,"Movie title: Naked Gun: From the Files of Police Squad!, The (1988). Genres: Comedy"
3869,"Naked Gun 2 1/2: The Smell of Fear, The (1991)",Comedy,"Movie title: Naked Gun 2 1/2: The Smell of Fear, The (1991). Genres: Comedy"
3870,Our Town (1940),Drama,Movie title: Our Town (1940). Genres: Drama
3871,Shane (1953),Drama|Western,Movie title: Shane (1953). Genres: Drama|Western
3872,"Suddenly, Last Summer (1959)",Drama,"Movie title: Suddenly, Last Summer (1959). Genres: Drama"
3873,Cat Ballou (1965),Comedy|Western,Movie title: Cat Ballou (1965). Genres: Comedy|Western
3874,"Couch in New York, A (1996)",Comedy|Romance,"Movie title: Couch in New York, A (1996). Genres: Comedy|Romance"
3875,"Devil Rides Out, The (1968)",Horror,"Movie title: Devil Rides Out, The (1968). Genres: Horror"
3876,Jerry & Tom (1998),Drama,Movie title: Jerry & Tom (1998). Genres: Drama
3877,Supergirl (1984),Action|Adventure|Fantasy,Movie title: Supergirl (1984). Genres: Action|Adventure|Fantasy
3878,X: The Unknown (1956),Sci-Fi,Movie title: X: The Unknown (1956). Genres: Sci-Fi
3879,"Art of War, The (2000)",Action,"Movie title: Art of War, The (2000). Genres: Action"
3880,"Ballad of Ramblin' Jack, The (2000)",Documentary,"Movie title: Ballad of Ramblin' Jack, The (2000). Genres: Documentary"
3881,Bittersweet Motel (2000),Documentary,Movie title: Bittersweet Motel (2000). Genres: Documentary
3882,Bring It On (2000),Comedy,Movie title: Bring It On (2000). Genres: Comedy
3883,Catfish in Black Bean Sauce (2000),Comedy|Drama,Movie title: Catfish in Black Bean Sauce (2000). Genres: Comedy|Drama
3884,"Crew, The (2000)",Comedy,"Movie title: Crew, The (2000). Genres: Comedy"
3885,Love & Sex (2000),Comedy|Romance,Movie title: Love & Sex (2000). Genres: Comedy|Romance
3886,Steal This Movie! (2000),Drama,Movie title: Steal This Movie! (2000). Genres: Drama
3887,Went to Coney Island on a Mission From God... Be Back by Five (1998),Drama,Movie title: Went to Coney Island on a Mission From God... Be Back by Five (1998). Genres: Drama
3888,Skipped Parts (2000),Drama|Romance,Movie title: Skipped Parts (2000). Genres: Drama|Romance
3889,Highlander: Endgame (2000),Action|Adventure|Fantasy,Movie title: Highlander: Endgame (2000). Genres: Action|Adventure|Fantasy
3890,Back Stage (2000),Documentary,Movie title: Back Stage (2000). Genres: Documentary
3891,Turn It Up (2000),Crime|Drama,Movie title: Turn It Up (2000). Genres: Crime|Drama
3892,Anatomy (Anatomie) (2000),Horror,Movie title: Anatomy (Anatomie) (2000). Genres: Horror
3893,Nurse Betty (2000),Comedy|Thriller,Movie title: Nurse Betty (2000). Genres: Comedy|Thriller
3894,Solas (1999),Drama,Movie title: Solas (1999). Genres: Drama
3895,"Watcher, The (2000)",Crime|Thriller,"Movie title: Watcher, The (2000). Genres: Crime|Thriller"
3896,"Way of the Gun, The (2000)",Crime|Thriller,"Movie title: Way of the Gun, The (2000). Genres: Crime|Thriller"
3897,Almost Famous (2000),Comedy|Drama,Movie title: Almost Famous (2000). Genres: Comedy|Drama
3898,Bait (2000),Action|Comedy,Movie title: Bait (2000). Genres: Action|Comedy
3899,Circus (2000),Comedy,Movie title: Circus (2000). Genres: Comedy
3900,Crime and Punishment in Suburbia (2000),Comedy|Drama,Movie title: Crime and Punishment in Suburbia (2000). Genres: Comedy|Drama
3901,Duets (2000),Comedy|Drama,Movie title: Duets (2000). Genres: Comedy|Drama
3902,Goya in Bordeaux (Goya en Bodeos) (1999),Drama,Movie title: Goya in Bordeaux (Goya en Bodeos) (1999). Genres: Drama
3903,Urbania (2000),Drama,Movie title: Urbania (2000). Genres: Drama
3904,"Uninvited Guest, An (2000)",Drama,"Movie title: Uninvited Guest, An (2000). Genres: Drama"
3905,"Specials, The (2000)",Comedy,"Movie title: Specials, The (2000). Genres: Comedy"
3906,Under Suspicion (2000),Crime,Movie title: Under Suspicion (2000). Genres: Crime
3907,"Prince of Central Park, The (1999)",Drama,"Movie title: Prince of Central Park, The (1999). Genres: Drama"
3908,Urban Legends: Final Cut (2000),Horror,Movie title: Urban Legends: Final Cut (2000). Genres: Horror
3909,Woman on Top (2000),Comedy|Romance,Movie title: Woman on Top (2000). Genres: Comedy|Romance
3910,Dancer in the Dark (2000),Drama|Musical,Movie title: Dancer in the Dark (2000). Genres: Drama|Musical
3911,Best in Show (2000),Comedy,Movie title: Best in Show (2000). Genres: Comedy
3912,Beautiful (2000),Comedy|Drama,Movie title: Beautiful (2000). Genres: Comedy|Drama
3913,Barenaked in America (1999),Documentary,Movie title: Barenaked in America (1999). Genres: Documentary
3914,"Broken Hearts Club, The (2000)",Drama,"Movie title: Broken Hearts Club, The (2000). Genres: Drama"
3915,Girlfight (2000),Drama,Movie title: Girlfight (2000). Genres: Drama
3916,Remember the Titans (2000),Drama,Movie title: Remember the Titans (2000). Genres: Drama
3917,Hellraiser (1987),Horror,Movie title: Hellraiser (1987). Genres: Horror
3918,Hellbound: Hellraiser II (1988),Horror,Movie title: Hellbound: Hellraiser II (1988). Genres: Horror
3919,Hellraiser III: Hell on Earth (1992),Horror,Movie title: Hellraiser III: Hell on Earth (1992). Genres: Horror
3920,"Faraway, So Close (In Weiter Ferne, So Nah!) (1993)",Drama|Fantasy,"Movie title: Faraway, So Close (In Weiter Ferne, So Nah!) (1993). Genres: Drama|Fantasy"
3921,Beach Party (1963),Comedy,Movie title: Beach Party (1963). Genres: Comedy
3922,Bikini Beach (1964),Comedy,Movie title: Bikini Beach (1964). Genres: Comedy
3923,Return of the Fly (1959),Horror|Sci-Fi,Movie title: Return of the Fly (1959). Genres: Horror|Sci-Fi
3924,Pajama Party (1964),Comedy,Movie title: Pajama Party (1964). Genres: Comedy
3925,Stranger Than Paradise (1984),Comedy,Movie title: Stranger Than Paradise (1984). Genres: Comedy
3926,Voyage to the Bottom of the Sea (1961),Adventure|Sci-Fi,Movie title: Voyage to the Bottom of the Sea (1961). Genres: Adventure|Sci-Fi
3927,Fantastic Voyage (1966),Adventure|Sci-Fi,Movie title: Fantastic Voyage (1966). Genres: Adventure|Sci-Fi
3928,Abbott and Costello Meet Frankenstein (1948),Comedy|Horror,Movie title: Abbott and Costello Meet Frankenstein (1948). Genres: Comedy|Horror
3929,"Bank Dick, The (1940)",Comedy,"Movie title: Bank Dick, The (1940). Genres: Comedy"
3930,"Creature From the Black Lagoon, The (1954)",Horror,"Movie title: Creature From the Black Lagoon, The (1954). Genres: Horror"
3931,"Giant Gila Monster, The (1959)",Horror|Sci-Fi,"Movie title: Giant Gila Monster, The (1959). Genres: Horror|Sci-Fi"
3932,"Invisible Man, The (1933)",Horror|Sci-Fi,"Movie title: Invisible Man, The (1933). Genres: Horror|Sci-Fi"
3933,"Killer Shrews, The (1959)",Horror|Sci-Fi,"Movie title: Killer Shrews, The (1959). Genres: Horror|Sci-Fi"
3934,Kronos (1957),Sci-Fi,Movie title: Kronos (1957). Genres: Sci-Fi
3935,Kronos (1973),Horror,Movie title: Kronos (1973). Genres: Horror
3936,"Phantom of the Opera, The (1943)",Drama|Thriller,"Movie title: Phantom of the Opera, The (1943). Genres: Drama|Thriller"
3937,Runaway (1984),Sci-Fi|Thriller,Movie title: Runaway (1984). Genres: Sci-Fi|Thriller
3938,"Slumber Party Massacre, The (1982)",Horror,"Movie title: Slumber Party Massacre, The (1982). Genres: Horror"
3939,"Slumber Party Massacre II, The (1987)",Horror,"Movie title: Slumber Party Massacre II, The (1987). Genres: Horror"
3940,"Slumber Party Massacre III, The (1990)",Horror,"Movie title: Slumber Party Massacre III, The (1990). Genres: Horror"
3941,Sorority House Massacre (1986),Horror,Movie title: Sorority House Massacre (1986). Genres: Horror
3942,Sorority House Massacre II (1990),Horror,Movie title: Sorority House Massacre II (1990). Genres: Horror
3943,Bamboozled (2000),Comedy,Movie title: Bamboozled (2000). Genres: Comedy
3944,Bootmen (2000),Comedy|Drama,Movie title: Bootmen (2000). Genres: Comedy|Drama
3945,Digimon: The Movie (2000),Adventure|Animation|Children's,Movie title: Digimon: The Movie (2000). Genres: Adventure|Animation|Children's
3946,Get Carter (2000),Action|Drama|Thriller,Movie title: Get Carter (2000). Genres: Action|Drama|Thriller
3947,Get Carter (1971),Thriller,Movie title: Get Carter (1971). Genres: Thriller
3948,Meet the Parents (2000),Comedy,Movie title: Meet the Parents (2000). Genres: Comedy
3949,Requiem for a Dream (2000),Drama,Movie title: Requiem for a Dream (2000). Genres: Drama
3950,Tigerland (2000),Drama,Movie title: Tigerland (2000). Genres: Drama
3951,Two Family House (2000),Drama,Movie title: Two Family House (2000). Genres: Drama
3952,"Contender, The (2000)",Drama|Thriller,"Movie title: Contender, The (2000). Genres: Drama|Thriller"
